trial_index,bias_type,frame,expected_value_ratio,anchor_value,previous_choice,is_first_trial,reaction_time_ms,choice,participant_id,participant_seed,scenario_template_id,token_id,token_label,consent_version,acknowledged_at,attention_check_passed,completed,created_at
1,1,1,0.9,0.0,0,1,3524,1,33473f1c-f7ee-c6e6-afc4-0c29f2796ee2,478163327,F10,00000000-0000-0000-0000-000000000000,synthetic,v1,2026-01-20T09:00:00+00:00,,True,2026-01-20T09:00:03.524000+00:00
2,3,1,0.9211,0.0,1,0,1682,1,33473f1c-f7ee-c6e6-afc4-0c29f2796ee2,478163327,L04,00000000-0000-0000-0000-000000000000,synthetic,v1,2026-01-20T09:00:00+00:00,,True,2026-01-20T09:00:05.206000+00:00
3,1,1,1.0444,0.0,1,0,4504,1,33473f1c-f7ee-c6e6-afc4-0c29f2796ee2,478163327,F06,00000000-0000-0000-0000-000000000000,synthetic,v1,2026-01-20T09:00:00+00:00,,True,2026-01-20T09:00:09.710000+00:00
4,2,0,0.6612,12.22,1,0,5000,1,33473f1c-f7ee-c6e6-afc4-0c29f2796ee2,478163327,A08,00000000-0000-0000-0000-000000000000,synthetic,v1,2026-01-20T09:00:00+00:00,,True,2026-01-20T09:00:14.710000+00:00
5,3,1,0.9262,0.0,1,0,1019,0,33473f1c-f7ee-c6e6-afc4-0c29f2796ee2,478163327,L09,00000000-0000-0000-0000-000000000000,synthetic,v1,2026-01-20T09:00:00+00:00,,True,2026-01-20T09:00:15.729000+00:00
6,2,0,0.5448,28.12,0,0,1456,1,33473f1c-f7ee-c6e6-afc4-0c29f2796ee2,478163327,A09,00000000-0000-0000-0000-000000000000,synthetic,v1,2026-01-20T09:00:00+00:00,,True,2026-01-20T09:00:17.185000+00:00
7,3,1,0.9637,0.0,1,0,3198,1,33473f1c-f7ee-c6e6-afc4-0c29f2796ee2,478163327,L07,00000000-0000-0000-0000-000000000000,synthetic,v1,2026-01-20T09:00:00+00:00,,True,2026-01-20T09:00:20.383000+00:00
8,3,1,0.8965,0.0,1,0,2505,1,33473f1c-f7ee-c6e6-afc4-0c29f2796ee2,478163327,L05,00000000-0000-0000-0000-000000000000,synthetic,v1,2026-01-20T09:00:00+00:00,,True,2026-01-20T09:00:22.888000+00:00
9,2,0,0.7828,1989.87,1,0,2953,0,33473f1c-f7ee-c6e6-afc4-0c29f2796ee2,478163327,A06,00000000-0000-0000-0000-000000000000,synthetic,v1,2026-01-20T09:00:00+00:00,,True,2026-01-20T09:00:25.841000+00:00
10,2,0,0.6794,54.58,0,0,1864,0,33473f1c-f7ee-c6e6-afc4-0c29f2796ee2,478163327,A03,00000000-0000-0000-0000-000000000000,synthetic,v1,2026-01-20T09:00:00+00:00,,True,2026-01-20T09:00:27.705000+00:00
11,1,1,1.07,0.0,0,0,4835,1,33473f1c-f7ee-c6e6-afc4-0c29f2796ee2,478163327,F04,00000000-0000-0000-0000-000000000000,synthetic,v1,2026-01-20T09:00:00+00:00,,True,2026-01-20T09:00:32.540000+00:00
12,3,1,1.0613,0.0,1,0,4572,0,33473f1c-f7ee-c6e6-afc4-0c29f2796ee2,478163327,L06,00000000-0000-0000-0000-000000000000,synthetic,v1,2026-01-20T09:00:00+00:00,,True,2026-01-20T09:00:37.112000+00:00
13,1,1,0.9333,0.0,0,0,3091,1,33473f1c-f7ee-c6e6-afc4-0c29f2796ee2,478163327,F08,00000000-0000-0000-0000-000000000000,synthetic,v1,2026-01-20T09:00:00+00:00,,True,2026-01-20T09:00:40.203000+00:00
14,3,1,1.0204,0.0,1,0,5541,0,33473f1c-f7ee-c6e6-afc4-0c29f2796ee2,478163327,L10,00000000-0000-0000-0000-000000000000,synthetic,v1,2026-01-20T09:00:00+00:00,,True,2026-01-20T09:00:45.744000+00:00
15,1,0,0.915,0.0,0,0,3855,0,33473f1c-f7ee-c6e6-afc4-0c29f2796ee2,478163327,F01,00000000-0000-0000-0000-000000000000,synthetic,v1,2026-01-20T09:00:00+00:00,,True,2026-01-20T09:00:49.599000+00:00
16,2,0,0.7054,20.44,0,0,1858,1,33473f1c-f7ee-c6e6-afc4-0c29f2796ee2,478163327,A04,00000000-0000-0000-0000-000000000000,synthetic,v1,2026-01-20T09:00:00+00:00,,True,2026-01-20T09:00:51.457000+00:00
17,2,0,0.3857,1.99,1,0,3651,1,33473f1c-f7ee-c6e6-afc4-0c29f2796ee2,478163327,A10,00000000-0000-0000-0000-000000000000,synthetic,v1,2026-01-20T09:00:00+00:00,,True,2026-01-20T09:00:55.108000+00:00
18,1,1,1.08,0.0,1,0,1759,1,33473f1c-f7ee-c6e6-afc4-0c29f2796ee2,478163327,F02,00000000-0000-0000-0000-000000000000,synthetic,v1,2026-01-20T09:00:00+00:00,,True,2026-01-20T09:00:56.867000+00:00
19,3,1,1.0723,0.0,1,0,4832,0,33473f1c-f7ee-c6e6-afc4-0c29f2796ee2,478163327,L01,00000000-0000-0000-0000-000000000000,synthetic,v1,2026-01-20T09:00:00+00:00,,True,2026-01-20T09:01:01.699000+00:00
20,2,0,0.6307,7.33,0,0,2900,1,33473f1c-f7ee-c6e6-afc4-0c29f2796ee2,478163327,A07,00000000-0000-0000-0000-000000000000,synthetic,v1,2026-01-20T09:00:00+00:00,,True,2026-01-20T09:01:04.599000+00:00
31,1,0,1.0,0.0,0,0,1376,0,33473f1c-f7ee-c6e6-afc4-0c29f2796ee2,478163327,ATTN,00000000-0000-0000-0000-000000000000,synthetic,v1,2026-01-20T09:00:00+00:00,True,True,2026-01-20T09:01:06.278000+00:00
21,1,0,0.86,0.0,1,0,5839,0,33473f1c-f7ee-c6e6-afc4-0c29f2796ee2,478163327,F07,00000000-0000-0000-0000-000000000000,synthetic,v1,2026-01-20T09:00:00+00:00,,True,2026-01-20T09:01:12.117000+00:00
22,1,0,1.1333,0.0,0,0,2738,0,33473f1c-f7ee-c6e6-afc4-0c29f2796ee2,478163327,F09,00000000-0000-0000-0000-000000000000,synthetic,v1,2026-01-20T09:00:00+00:00,,True,2026-01-20T09:01:14.855000+00:00
23,3,1,1.0904,0.0,0,0,2355,1,33473f1c-f7ee-c6e6-afc4-0c29f2796ee2,478163327,L02,00000000-0000-0000-0000-000000000000,synthetic,v1,2026-01-20T09:00:00+00:00,,True,2026-01-20T09:01:17.210000+00:00
24,2,0,0.7742,85.1,1,0,2456,0,33473f1c-f7ee-c6e6-afc4-0c29f2796ee2,478163327,A05,00000000-0000-0000-0000-000000000000,synthetic,v1,2026-01-20T09:00:00+00:00,,True,2026-01-20T09:01:19.666000+00:00
25,2,0,0.826,4.26,0,0,3994,1,33473f1c-f7ee-c6e6-afc4-0c29f2796ee2,478163327,A02,00000000-0000-0000-0000-000000000000,synthetic,v1,2026-01-20T09:00:00+00:00,,True,2026-01-20T09:01:23.660000+00:00
26,1,0,0.865,0.0,1,0,3644,1,33473f1c-f7ee-c6e6-afc4-0c29f2796ee2,478163327,F03,00000000-0000-0000-0000-000000000000,synthetic,v1,2026-01-20T09:00:00+00:00,,True,2026-01-20T09:01:27.304000+00:00
27,1,0,0.8867,0.0,1,0,3740,1,33473f1c-f7ee-c6e6-afc4-0c29f2796ee2,478163327,F05,00000000-0000-0000-0000-000000000000,synthetic,v1,2026-01-20T09:00:00+00:00,,True,2026-01-20T09:01:31.044000+00:00
28,3,1,0.876,0.0,1,0,3778,0,33473f1c-f7ee-c6e6-afc4-0c29f2796ee2,478163327,L03,00000000-0000-0000-0000-000000000000,synthetic,v1,2026-01-20T09:00:00+00:00,,True,2026-01-20T09:01:34.822000+00:00
29,2,0,0.655,46.7,0,0,9680,1,33473f1c-f7ee-c6e6-afc4-0c29f2796ee2,478163327,A01,00000000-0000-0000-0000-000000000000,synthetic,v1,2026-01-20T09:00:00+00:00,,True,2026-01-20T09:01:44.502000+00:00
30,3,1,0.9091,0.0,1,0,2383,0,33473f1c-f7ee-c6e6-afc4-0c29f2796ee2,478163327,L08,00000000-0000-0000-0000-000000000000,synthetic,v1,2026-01-20T09:00:00+00:00,,True,2026-01-20T09:01:46.885000+00:00
1,3,1,0.9105,0.0,0,1,2249,0,ecf13334-6b85-859a-2eed-5acc382a239d,1181241943,L01,00000000-0000-0000-0000-000000000000,synthetic,v1,2026-01-20T09:05:00+00:00,,True,2026-01-20T09:05:02.249000+00:00
2,3,1,1.1424,0.0,0,0,1905,0,ecf13334-6b85-859a-2eed-5acc382a239d,1181241943,L04,00000000-0000-0000-0000-000000000000,synthetic,v1,2026-01-20T09:05:00+00:00,,True,2026-01-20T09:05:04.154000+00:00
3,3,1,0.9375,0.0,0,0,4183,0,ecf13334-6b85-859a-2eed-5acc382a239d,1181241943,L08,00000000-0000-0000-0000-000000000000,synthetic,v1,2026-01-20T09:05:00+00:00,,True,2026-01-20T09:05:08.337000+00:00
4,2,0,0.8034,105.7,0,0,5546,1,ecf13334-6b85-859a-2eed-5acc382a239d,1181241943,A03,00000000-0000-0000-0000-000000000000,synthetic,v1,2026-01-20T09:05:00+00:00,,True,2026-01-20T09:05:13.883000+00:00
5,1,1,0.98,0.0,1,0,2799,0,ecf13334-6b85-859a-2eed-5acc382a239d,1181241943,F03,00000000-0000-0000-0000-000000000000,synthetic,v1,2026-01-20T09:05:00+00:00,,True,2026-01-20T09:05:16.682000+00:00
6,2,0,0.601,15.71,0,0,1877,1,ecf13334-6b85-859a-2eed-5acc382a239d,1181241943,A08,00000000-0000-0000-0000-000000000000,synthetic,v1,2026-01-20T09:05:00+00:00,,True,2026-01-20T09:05:18.559000+00:00
7,2,0,0.3859,9.24,1,0,1894,0,ecf13334-6b85-859a-2eed-5acc382a239d,1181241943,A10,00000000-0000-0000-0000-000000000000,synthetic,v1,2026-01-20T09:05:00+00:00,,True,2026-01-20T09:05:20.453000+00:00
8,1,0,1.0167,0.0,0,0,4263,0,ecf13334-6b85-859a-2eed-5acc382a239d,1181241943,F08,00000000-0000-0000-0000-000000000000,synthetic,v1,2026-01-20T09:05:00+00:00,,True,2026-01-20T09:05:24.716000+00:00
9,3,1,0.8756,0.0,0,0,4486,0,ecf13334-6b85-859a-2eed-5acc382a239d,1181241943,L05,00000000-0000-0000-0000-000000000000,synthetic,v1,2026-01-20T09:05:00+00:00,,True,2026-01-20T09:05:29.202000+00:00
10,3,1,1.0687,0.0,0,0,4018,1,ecf13334-6b85-859a-2eed-5acc382a239d,1181241943,L02,00000000-0000-0000-0000-000000000000,synthetic,v1,2026-01-20T09:05:00+00:00,,True,2026-01-20T09:05:33.220000+00:00
11,3,1,1.1088,0.0,1,0,2067,1,ecf13334-6b85-859a-2eed-5acc382a239d,1181241943,L07,00000000-0000-0000-0000-000000000000,synthetic,v1,2026-01-20T09:05:00+00:00,,True,2026-01-20T09:05:35.287000+00:00
12,2,0,0.7099,13.41,1,0,3386,1,ecf13334-6b85-859a-2eed-5acc382a239d,1181241943,A04,00000000-0000-0000-0000-000000000000,synthetic,v1,2026-01-20T09:05:00+00:00,,True,2026-01-20T09:05:38.673000+00:00
13,1,1,0.9278,0.0,1,0,3178,1,ecf13334-6b85-859a-2eed-5acc382a239d,1181241943,F06,00000000-0000-0000-0000-000000000000,synthetic,v1,2026-01-20T09:05:00+00:00,,True,2026-01-20T09:05:41.851000+00:00
14,1,0,0.94,0.0,1,0,3361,0,ecf13334-6b85-859a-2eed-5acc382a239d,1181241943,F05,00000000-0000-0000-0000-000000000000,synthetic,v1,2026-01-20T09:05:00+00:00,,True,2026-01-20T09:05:45.212000+00:00
15,3,1,0.9029,0.0,0,0,4814,0,ecf13334-6b85-859a-2eed-5acc382a239d,1181241943,L09,00000000-0000-0000-0000-000000000000,synthetic,v1,2026-01-20T09:05:00+00:00,,True,2026-01-20T09:05:50.026000+00:00
16,2,0,0.7349,59.29,0,0,3371,0,ecf13334-6b85-859a-2eed-5acc382a239d,1181241943,A05,00000000-0000-0000-0000-000000000000,synthetic,v1,2026-01-20T09:05:00+00:00,,True,2026-01-20T09:05:53.397000+00:00
17,2,0,0.7073,7.06,0,0,4330,1,ecf13334-6b85-859a-2eed-5acc382a239d,1181241943,A07,00000000-0000-0000-0000-000000000000,synthetic,v1,2026-01-20T09:05:00+00:00,,True,2026-01-20T09:05:57.727000+00:00
18,1,1,0.98,0.0,1,0,3093,1,ecf13334-6b85-859a-2eed-5acc382a239d,1181241943,F10,00000000-0000-0000-0000-000000000000,synthetic,v1,2026-01-20T09:05:00+00:00,,True,2026-01-20T09:06:00.820000+00:00
19,2,0,0.5584,19.94,1,0,3494,1,ecf13334-6b85-859a-2eed-5acc382a239d,1181241943,A09,00000000-0000-0000-0000-000000000000,synthetic,v1,2026-01-20T09:05:00+00:00,,True,2026-01-20T09:06:04.314000+00:00
20,3,1,1.0371,0.0,1,0,4218,0,ecf13334-6b85-859a-2eed-5acc382a239d,1181241943,L06,00000000-0000-0000-0000-000000000000,synthetic,v1,2026-01-20T09:05:00+00:00,,True,2026-01-20T09:06:08.532000+00:00
31,1,0,1.0,0.0,0,0,1591,0,ecf13334-6b85-859a-2eed-5acc382a239d,1181241943,ATTN,00000000-0000-0000-0000-000000000000,synthetic,v1,2026-01-20T09:05:00+00:00,True,True,2026-01-20T09:06:09.541000+00:00
21,1,1,0.8667,0.0,0,0,2301,1,ecf13334-6b85-859a-2eed-5acc382a239d,1181241943,F09,00000000-0000-0000-0000-000000000000,synthetic,v1,2026-01-20T09:05:00+00:00,,True,2026-01-20T09:06:11.842000+00:00
22,2,0,0.8615,1536.56,1,0,2097,0,ecf13334-6b85-859a-2eed-5acc382a239d,1181241943,A06,00000000-0000-0000-0000-000000000000,synthetic,v1,2026-01-20T09:05:00+00:00,,True,2026-01-20T09:06:13.939000+00:00
23,3,1,0.9315,0.0,0,0,2562,1,ecf13334-6b85-859a-2eed-5acc382a239d,1181241943,L10,00000000-0000-0000-0000-000000000000,synthetic,v1,2026-01-20T09:05:00+00:00,,True,2026-01-20T09:06:16.501000+00:00
24,3,1,0.9257,0.0,1,0,6783,0,ecf13334-6b85-859a-2eed-5acc382a239d,1181241943,L03,00000000-0000-0000-0000-000000000000,synthetic,v1,2026-01-20T09:05:00+00:00,,True,2026-01-20T09:06:23.284000+00:00
25,2,0,0.8149,42.66,0,0,1851,0,ecf13334-6b85-859a-2eed-5acc382a239d,1181241943,A01,00000000-0000-0000-0000-000000000000,synthetic,v1,2026-01-20T09:05:00+00:00,,True,2026-01-20T09:06:25.135000+00:00
26,1,0,1.13,0.0,0,0,5077,0,ecf13334-6b85-859a-2eed-5acc382a239d,1181241943,F02,00000000-0000-0000-0000-000000000000,synthetic,v1,2026-01-20T09:05:00+00:00,,True,2026-01-20T09:06:30.212000+00:00
27,2,0,0.7994,1.43,0,0,1181,0,ecf13334-6b85-859a-2eed-5acc382a239d,1181241943,A02,00000000-0000-0000-0000-000000000000,synthetic,v1,2026-01-20T09:05:00+00:00,,True,2026-01-20T09:06:31.393000+00:00
28,1,0,0.86,0.0,0,0,2479,1,ecf13334-6b85-859a-2eed-5acc382a239d,1181241943,F07,00000000-0000-0000-0000-000000000000,synthetic,v1,2026-01-20T09:05:00+00:00,,True,2026-01-20T09:06:33.872000+00:00
29,1,0,0.95,0.0,1,0,3260,0,ecf13334-6b85-859a-2eed-5acc382a239d,1181241943,F01,00000000-0000-0000-0000-000000000000,synthetic,v1,2026-01-20T09:05:00+00:00,,True,2026-01-20T09:06:37.132000+00:00
30,1,1,1.01,0.0,0,0,4115,1,ecf13334-6b85-859a-2eed-5acc382a239d,1181241943,F04,00000000-0000-0000-0000-000000000000,synthetic,v1,2026-01-20T09:05:00+00:00,,True,2026-01-20T09:06:41.247000+00:00
1,1,0,0.98,0.0,0,1,4407,0,cc8bdc2b-7a37-62f7-1c84-cdd7533a0ca7,958682846,F10,00000000-0000-0000-0000-000000000000,synthetic,v1,2026-01-20T09:10:00+00:00,,True,2026-01-20T09:10:04.407000+00:00
2,1,0,0.9667,0.0,0,0,4611,1,cc8bdc2b-7a37-62f7-1c84-cdd7533a0ca7,958682846,F08,00000000-0000-0000-0000-000000000000,synthetic,v1,2026-01-20T09:10:00+00:00,,True,2026-01-20T09:10:09.018000+00:00
3,3,1,0.9982,0.0,1,0,2460,0,cc8bdc2b-7a37-62f7-1c84-cdd7533a0ca7,958682846,L01,00000000-0000-0000-0000-000000000000,synthetic,v1,2026-01-20T09:10:00+00:00,,True,2026-01-20T09:10:11.478000+00:00
4,1,1,1.07,0.0,0,0,2311,1,cc8bdc2b-7a37-62f7-1c84-cdd7533a0ca7,958682846,F02,00000000-0000-0000-0000-000000000000,synthetic,v1,2026-01-20T09:10:00+00:00,,True,2026-01-20T09:10:13.789000+00:00
5,3,1,1.096,0.0,1,0,4778,1,cc8bdc2b-7a37-62f7-1c84-cdd7533a0ca7,958682846,L07,00000000-0000-0000-0000-000000000000,synthetic,v1,2026-01-20T09:10:00+00:00,,True,2026-01-20T09:10:18.567000+00:00
6,3,1,0.8997,0.0,1,0,2683,0,cc8bdc2b-7a37-62f7-1c84-cdd7533a0ca7,958682846,L02,00000000-0000-0000-0000-000000000000,synthetic,v1,2026-01-20T09:10:00+00:00,,True,2026-01-20T09:10:21.250000+00:00
7,2,0,0.5725,10.99,0,0,1477,1,cc8bdc2b-7a37-62f7-1c84-cdd7533a0ca7,958682846,A07,00000000-0000-0000-0000-000000000000,synthetic,v1,2026-01-20T09:10:00+00:00,,True,2026-01-20T09:10:22.727000+00:00
8,2,0,0.5216,163.58,1,0,1598,1,cc8bdc2b-7a37-62f7-1c84-cdd7533a0ca7,958682846,A09,00000000-0000-0000-0000-000000000000,synthetic,v1,2026-01-20T09:10:00+00:00,,True,2026-01-20T09:10:24.325000+00:00
9,1,1,1.13,0.0,1,0,1797,1,cc8bdc2b-7a37-62f7-1c84-cdd7533a0ca7,958682846,F04,00000000-0000-0000-0000-000000000000,synthetic,v1,2026-01-20T09:10:00+00:00,,True,2026-01-20T09:10:26.122000+00:00
10,3,1,1.0804,0.0,1,0,3918,0,cc8bdc2b-7a37-62f7-1c84-cdd7533a0ca7,958682846,L09,00000000-0000-0000-0000-000000000000,synthetic,v1,2026-01-20T09:10:00+00:00,,True,2026-01-20T09:10:30.040000+00:00
11,3,1,1.0033,0.0,0,0,3223,0,cc8bdc2b-7a37-62f7-1c84-cdd7533a0ca7,958682846,L10,00000000-0000-0000-0000-000000000000,synthetic,v1,2026-01-20T09:10:00+00:00,,True,2026-01-20T09:10:33.263000+00:00
12,1,1,1.12,0.0,0,0,4357,0,cc8bdc2b-7a37-62f7-1c84-cdd7533a0ca7,958682846,F07,00000000-0000-0000-0000-000000000000,synthetic,v1,2026-01-20T09:10:00+00:00,,True,2026-01-20T09:10:37.620000+00:00
13,1,1,0.8667,0.0,0,0,2356,1,cc8bdc2b-7a37-62f7-1c84-cdd7533a0ca7,958682846,F09,00000000-0000-0000-0000-000000000000,synthetic,v1,2026-01-20T09:10:00+00:00,,True,2026-01-20T09:10:39.976000+00:00
14,3,1,0.9091,0.0,1,0,3252,0,cc8bdc2b-7a37-62f7-1c84-cdd7533a0ca7,958682846,L08,00000000-0000-0000-0000-000000000000,synthetic,v1,2026-01-20T09:10:00+00:00,,True,2026-01-20T09:10:43.228000+00:00
15,1,0,1.0889,0.0,0,0,4205,0,cc8bdc2b-7a37-62f7-1c84-cdd7533a0ca7,958682846,F06,00000000-0000-0000-0000-000000000000,synthetic,v1,2026-01-20T09:10:00+00:00,,True,2026-01-20T09:10:47.433000+00:00
16,3,1,0.8687,0.0,0,0,2514,0,cc8bdc2b-7a37-62f7-1c84-cdd7533a0ca7,958682846,L04,00000000-0000-0000-0000-000000000000,synthetic,v1,2026-01-20T09:10:00+00:00,,True,2026-01-20T09:10:49.947000+00:00
17,3,1,0.8971,0.0,0,0,3832,1,cc8bdc2b-7a37-62f7-1c84-cdd7533a0ca7,958682846,L05,00000000-0000-0000-0000-000000000000,synthetic,v1,2026-01-20T09:10:00+00:00,,True,2026-01-20T09:10:53.779000+00:00
18,1,1,1.065,0.0,1,0,2071,1,cc8bdc2b-7a37-62f7-1c84-cdd7533a0ca7,958682846,F03,00000000-0000-0000-0000-000000000000,synthetic,v1,2026-01-20T09:10:00+00:00,,True,2026-01-20T09:10:55.850000+00:00
19,3,1,1.1278,0.0,1,0,2441,1,cc8bdc2b-7a37-62f7-1c84-cdd7533a0ca7,958682846,L06,00000000-0000-0000-0000-000000000000,synthetic,v1,2026-01-20T09:10:00+00:00,,True,2026-01-20T09:10:58.291000+00:00
20,2,0,0.7111,80.49,1,0,2416,0,cc8bdc2b-7a37-62f7-1c84-cdd7533a0ca7,958682846,A03,00000000-0000-0000-0000-000000000000,synthetic,v1,2026-01-20T09:10:00+00:00,,True,2026-01-20T09:11:00.707000+00:00
31,1,0,1.0,0.0,0,0,2196,0,cc8bdc2b-7a37-62f7-1c84-cdd7533a0ca7,958682846,ATTN,00000000-0000-0000-0000-000000000000,synthetic,v1,2026-01-20T09:10:00+00:00,True,True,2026-01-20T09:11:01.827000+00:00
21,1,0,1.01,0.0,0,0,2302,0,cc8bdc2b-7a37-62f7-1c84-cdd7533a0ca7,958682846,F05,00000000-0000-0000-0000-000000000000,synthetic,v1,2026-01-20T09:10:00+00:00,,True,2026-01-20T09:11:04.129000+00:00
22,2,0,0.8472,41.67,0,0,3001,0,cc8bdc2b-7a37-62f7-1c84-cdd7533a0ca7,958682846,A05,00000000-0000-0000-0000-000000000000,synthetic,v1,2026-01-20T09:10:00+00:00,,True,2026-01-20T09:11:07.130000+00:00
23,1,0,0.865,0.0,0,0,3883,1,cc8bdc2b-7a37-62f7-1c84-cdd7533a0ca7,958682846,F01,00000000-0000-0000-0000-000000000000,synthetic,v1,2026-01-20T09:10:00+00:00,,True,2026-01-20T09:11:11.013000+00:00
24,2,0,0.6923,7.66,1,0,3810,0,cc8bdc2b-7a37-62f7-1c84-cdd7533a0ca7,958682846,A04,00000000-0000-0000-0000-000000000000,synthetic,v1,2026-01-20T09:10:00+00:00,,True,2026-01-20T09:11:14.823000+00:00
25,2,0,0.7109,3.42,0,0,4298,0,cc8bdc2b-7a37-62f7-1c84-cdd7533a0ca7,958682846,A02,00000000-0000-0000-0000-000000000000,synthetic,v1,2026-01-20T09:10:00+00:00,,True,2026-01-20T09:11:19.121000+00:00
26,2,0,0.4297,6.56,0,0,2823,0,cc8bdc2b-7a37-62f7-1c84-cdd7533a0ca7,958682846,A10,00000000-0000-0000-0000-000000000000,synthetic,v1,2026-01-20T09:10:00+00:00,,True,2026-01-20T09:11:21.944000+00:00
27,2,0,0.742,2110.43,0,0,2361,1,cc8bdc2b-7a37-62f7-1c84-cdd7533a0ca7,958682846,A06,00000000-0000-0000-0000-000000000000,synthetic,v1,2026-01-20T09:10:00+00:00,,True,2026-01-20T09:11:24.305000+00:00
28,2,0,0.7639,71.38,1,0,2853,1,cc8bdc2b-7a37-62f7-1c84-cdd7533a0ca7,958682846,A01,00000000-0000-0000-0000-000000000000,synthetic,v1,2026-01-20T09:10:00+00:00,,True,2026-01-20T09:11:27.158000+00:00
29,2,0,0.6405,14.29,1,0,1178,1,cc8bdc2b-7a37-62f7-1c84-cdd7533a0ca7,958682846,A08,00000000-0000-0000-0000-000000000000,synthetic,v1,2026-01-20T09:10:00+00:00,,True,2026-01-20T09:11:28.336000+00:00
30,3,1,0.9645,0.0,1,0,1344,1,cc8bdc2b-7a37-62f7-1c84-cdd7533a0ca7,958682846,L03,00000000-0000-0000-0000-000000000000,synthetic,v1,2026-01-20T09:10:00+00:00,,True,2026-01-20T09:11:29.680000+00:00
1,3,1,1.0602,0.0,0,1,1440,0,a6623b63-c3de-5fee-65ba-5b8d801d880d,440213415,L06,00000000-0000-0000-0000-000000000000,synthetic,v1,2026-01-20T09:15:00+00:00,,True,2026-01-20T09:15:01.440000+00:00
2,2,0,0.6132,14.44,0,0,1722,0,a6623b63-c3de-5fee-65ba-5b8d801d880d,440213415,A04,00000000-0000-0000-0000-000000000000,synthetic,v1,2026-01-20T09:15:00+00:00,,True,2026-01-20T09:15:03.162000+00:00
3,3,1,0.9524,0.0,0,0,3714,1,a6623b63-c3de-5fee-65ba-5b8d801d880d,440213415,L08,00000000-0000-0000-0000-000000000000,synthetic,v1,2026-01-20T09:15:00+00:00,,True,2026-01-20T09:15:06.876000+00:00
4,1,0,1.0833,0.0,1,0,1811,0,a6623b63-c3de-5fee-65ba-5b8d801d880d,440213415,F09,00000000-0000-0000-0000-000000000000,synthetic,v1,2026-01-20T09:15:00+00:00,,True,2026-01-20T09:15:08.687000+00:00
5,3,1,0.8576,0.0,0,0,2421,0,a6623b63-c3de-5fee-65ba-5b8d801d880d,440213415,L07,00000000-0000-0000-0000-000000000000,synthetic,v1,2026-01-20T09:15:00+00:00,,True,2026-01-20T09:15:11.108000+00:00
6,2,0,0.7065,55.92,0,0,6091,1,a6623b63-c3de-5fee-65ba-5b8d801d880d,440213415,A01,00000000-0000-0000-0000-000000000000,synthetic,v1,2026-01-20T09:15:00+00:00,,True,2026-01-20T09:15:17.199000+00:00
7,1,1,1.115,0.0,1,0,2450,1,a6623b63-c3de-5fee-65ba-5b8d801d880d,440213415,F03,00000000-0000-0000-0000-000000000000,synthetic,v1,2026-01-20T09:15:00+00:00,,True,2026-01-20T09:15:19.649000+00:00
8,3,1,0.9836,0.0,1,0,4472,0,a6623b63-c3de-5fee-65ba-5b8d801d880d,440213415,L03,00000000-0000-0000-0000-000000000000,synthetic,v1,2026-01-20T09:15:00+00:00,,True,2026-01-20T09:15:24.121000+00:00
9,1,1,1.0611,0.0,0,0,1783,0,a6623b63-c3de-5fee-65ba-5b8d801d880d,440213415,F06,00000000-0000-0000-0000-000000000000,synthetic,v1,2026-01-20T09:15:00+00:00,,True,2026-01-20T09:15:25.904000+00:00
10,2,0,0.7141,0.58,0,0,2662,1,a6623b63-c3de-5fee-65ba-5b8d801d880d,440213415,A02,00000000-0000-0000-0000-000000000000,synthetic,v1,2026-01-20T09:15:00+00:00,,True,2026-01-20T09:15:28.566000+00:00
11,2,0,0.8265,46.22,1,0,1767,0,a6623b63-c3de-5fee-65ba-5b8d801d880d,440213415,A05,00000000-0000-0000-0000-000000000000,synthetic,v1,2026-01-20T09:15:00+00:00,,True,2026-01-20T09:15:30.333000+00:00
12,1,1,1.02,0.0,0,0,2473,0,a6623b63-c3de-5fee-65ba-5b8d801d880d,440213415,F10,00000000-0000-0000-0000-000000000000,synthetic,v1,2026-01-20T09:15:00+00:00,,True,2026-01-20T09:15:32.806000+00:00
13,2,0,0.7503,10.61,0,0,4732,0,a6623b63-c3de-5fee-65ba-5b8d801d880d,440213415,A08,00000000-0000-0000-0000-000000000000,synthetic,v1,2026-01-20T09:15:00+00:00,,True,2026-01-20T09:15:37.538000+00:00
14,3,1,0.9446,0.0,0,0,1152,0,a6623b63-c3de-5fee-65ba-5b8d801d880d,440213415,L05,00000000-0000-0000-0000-000000000000,synthetic,v1,2026-01-20T09:15:00+00:00,,True,2026-01-20T09:15:38.690000+00:00
15,3,1,0.953,0.0,0,0,3785,0,a6623b63-c3de-5fee-65ba-5b8d801d880d,440213415,L04,00000000-0000-0000-0000-000000000000,synthetic,v1,2026-01-20T09:15:00+00:00,,True,2026-01-20T09:15:42.475000+00:00
16,2,0,0.8482,1755.89,0,0,3397,1,a6623b63-c3de-5fee-65ba-5b8d801d880d,440213415,A06,00000000-0000-0000-0000-000000000000,synthetic,v1,2026-01-20T09:15:00+00:00,,True,2026-01-20T09:15:45.872000+00:00
17,2,0,0.6392,5.58,1,0,2149,0,a6623b63-c3de-5fee-65ba-5b8d801d880d,440213415,A07,00000000-0000-0000-0000-000000000000,synthetic,v1,2026-01-20T09:15:00+00:00,,True,2026-01-20T09:15:48.021000+00:00
18,1,0,1.105,0.0,0,0,1345,0,a6623b63-c3de-5fee-65ba-5b8d801d880d,440213415,F01,00000000-0000-0000-0000-000000000000,synthetic,v1,2026-01-20T09:15:00+00:00,,True,2026-01-20T09:15:49.366000+00:00
19,3,1,0.8769,0.0,0,0,3101,0,a6623b63-c3de-5fee-65ba-5b8d801d880d,440213415,L02,00000000-0000-0000-0000-000000000000,synthetic,v1,2026-01-20T09:15:00+00:00,,True,2026-01-20T09:15:52.467000+00:00
20,2,0,0.7378,99.32,0,0,2227,1,a6623b63-c3de-5fee-65ba-5b8d801d880d,440213415,A03,00000000-0000-0000-0000-000000000000,synthetic,v1,2026-01-20T09:15:00+00:00,,True,2026-01-20T09:15:54.694000+00:00
31,1,0,1.0,0.0,0,0,1823,0,a6623b63-c3de-5fee-65ba-5b8d801d880d,440213415,ATTN,00000000-0000-0000-0000-000000000000,synthetic,v1,2026-01-20T09:15:00+00:00,True,True,2026-01-20T09:15:56.678000+00:00
21,3,1,1.091,0.0,1,0,7193,1,a6623b63-c3de-5fee-65ba-5b8d801d880d,440213415,L01,00000000-0000-0000-0000-000000000000,synthetic,v1,2026-01-20T09:15:00+00:00,,True,2026-01-20T09:16:03.871000+00:00
22,1,0,1.13,0.0,1,0,2613,0,a6623b63-c3de-5fee-65ba-5b8d801d880d,440213415,F07,00000000-0000-0000-0000-000000000000,synthetic,v1,2026-01-20T09:15:00+00:00,,True,2026-01-20T09:16:06.484000+00:00
23,1,1,1.0367,0.0,0,0,1697,1,a6623b63-c3de-5fee-65ba-5b8d801d880d,440213415,F05,00000000-0000-0000-0000-000000000000,synthetic,v1,2026-01-20T09:15:00+00:00,,True,2026-01-20T09:16:08.181000+00:00
24,3,1,1.1384,0.0,1,0,3289,0,a6623b63-c3de-5fee-65ba-5b8d801d880d,440213415,L10,00000000-0000-0000-0000-000000000000,synthetic,v1,2026-01-20T09:15:00+00:00,,True,2026-01-20T09:16:11.470000+00:00
25,2,0,0.5988,101.78,0,0,3364,0,a6623b63-c3de-5fee-65ba-5b8d801d880d,440213415,A09,00000000-0000-0000-0000-000000000000,synthetic,v1,2026-01-20T09:15:00+00:00,,True,2026-01-20T09:16:14.834000+00:00
26,3,1,1.0685,0.0,0,0,6295,0,a6623b63-c3de-5fee-65ba-5b8d801d880d,440213415,L09,00000000-0000-0000-0000-000000000000,synthetic,v1,2026-01-20T09:15:00+00:00,,True,2026-01-20T09:16:21.129000+00:00
27,2,0,0.4679,1.32,0,0,4718,0,a6623b63-c3de-5fee-65ba-5b8d801d880d,440213415,A10,00000000-0000-0000-0000-000000000000,synthetic,v1,2026-01-20T09:15:00+00:00,,True,2026-01-20T09:16:25.847000+00:00
28,1,0,0.88,0.0,0,0,3627,0,a6623b63-c3de-5fee-65ba-5b8d801d880d,440213415,F02,00000000-0000-0000-0000-000000000000,synthetic,v1,2026-01-20T09:15:00+00:00,,True,2026-01-20T09:16:29.474000+00:00
29,1,1,0.98,0.0,0,0,6666,1,a6623b63-c3de-5fee-65ba-5b8d801d880d,440213415,F04,00000000-0000-0000-0000-000000000000,synthetic,v1,2026-01-20T09:15:00+00:00,,True,2026-01-20T09:16:36.140000+00:00
30,1,0,0.9667,0.0,1,0,1550,0,a6623b63-c3de-5fee-65ba-5b8d801d880d,440213415,F08,00000000-0000-0000-0000-000000000000,synthetic,v1,2026-01-20T09:15:00+00:00,,True,2026-01-20T09:16:37.690000+00:00
1,1,1,1.0333,0.0,0,1,2096,1,92eea605-1513-5851-0320-e8cd64191046,1812140441,F05,00000000-0000-0000-0000-000000000000,synthetic,v1,2026-01-20T09:20:00+00:00,,True,2026-01-20T09:20:02.096000+00:00
2,2,0,0.8142,1.03,1,0,1790,0,92eea605-1513-5851-0320-e8cd64191046,1812140441,A02,00000000-0000-0000-0000-000000000000,synthetic,v1,2026-01-20T09:20:00+00:00,,True,2026-01-20T09:20:03.886000+00:00
3,3,1,1.0717,0.0,0,0,2405,0,92eea605-1513-5851-0320-e8cd64191046,1812140441,L04,00000000-0000-0000-0000-000000000000,synthetic,v1,2026-01-20T09:20:00+00:00,,True,2026-01-20T09:20:06.291000+00:00
4,1,1,0.9833,0.0,0,0,1398,1,92eea605-1513-5851-0320-e8cd64191046,1812140441,F09,00000000-0000-0000-0000-000000000000,synthetic,v1,2026-01-20T09:20:00+00:00,,True,2026-01-20T09:20:07.689000+00:00
5,1,0,0.98,0.0,1,0,4227,0,92eea605-1513-5851-0320-e8cd64191046,1812140441,F02,00000000-0000-0000-0000-000000000000,synthetic,v1,2026-01-20T09:20:00+00:00,,True,2026-01-20T09:20:11.916000+00:00
6,2,0,0.4501,148.91,0,0,2638,0,92eea605-1513-5851-0320-e8cd64191046,1812140441,A09,00000000-0000-0000-0000-000000000000,synthetic,v1,2026-01-20T09:20:00+00:00,,True,2026-01-20T09:20:14.554000+00:00
7,3,1,0.8613,0.0,0,0,1327,0,92eea605-1513-5851-0320-e8cd64191046,1812140441,L01,00000000-0000-0000-0000-000000000000,synthetic,v1,2026-01-20T09:20:00+00:00,,True,2026-01-20T09:20:15.881000+00:00
8,2,0,0.7309,66.33,0,0,1705,1,92eea605-1513-5851-0320-e8cd64191046,1812140441,A01,00000000-0000-0000-0000-000000000000,synthetic,v1,2026-01-20T09:20:00+00:00,,True,2026-01-20T09:20:17.586000+00:00
9,2,0,0.8855,3396.76,1,0,3541,1,92eea605-1513-5851-0320-e8cd64191046,1812140441,A06,00000000-0000-0000-0000-000000000000,synthetic,v1,2026-01-20T09:20:00+00:00,,True,2026-01-20T09:20:21.127000+00:00
10,1,0,0.915,0.0,1,0,4726,0,92eea605-1513-5851-0320-e8cd64191046,1812140441,F03,00000000-0000-0000-0000-000000000000,synthetic,v1,2026-01-20T09:20:00+00:00,,True,2026-01-20T09:20:25.853000+00:00
11,3,1,0.9416,0.0,0,0,8939,0,92eea605-1513-5851-0320-e8cd64191046,1812140441,L03,00000000-0000-0000-0000-000000000000,synthetic,v1,2026-01-20T09:20:00+00:00,,True,2026-01-20T09:20:34.792000+00:00
12,1,1,1.05,0.0,0,0,14803,0,92eea605-1513-5851-0320-e8cd64191046,1812140441,F06,00000000-0000-0000-0000-000000000000,synthetic,v1,2026-01-20T09:20:00+00:00,,True,2026-01-20T09:20:49.595000+00:00
13,3,1,0.8738,0.0,0,0,3744,1,92eea605-1513-5851-0320-e8cd64191046,1812140441,L02,00000000-0000-0000-0000-000000000000,synthetic,v1,2026-01-20T09:20:00+00:00,,True,2026-01-20T09:20:53.339000+00:00
14,1,0,0.9,0.0,1,0,1729,0,92eea605-1513-5851-0320-e8cd64191046,1812140441,F08,00000000-0000-0000-0000-000000000000,synthetic,v1,2026-01-20T09:20:00+00:00,,True,2026-01-20T09:20:55.068000+00:00
15,3,1,1.0909,0.0,0,0,922,0,92eea605-1513-5851-0320-e8cd64191046,1812140441,L06,00000000-0000-0000-0000-000000000000,synthetic,v1,2026-01-20T09:20:00+00:00,,True,2026-01-20T09:20:55.990000+00:00
16,2,0,0.8122,70.0,0,0,3453,1,92eea605-1513-5851-0320-e8cd64191046,1812140441,A05,00000000-0000-0000-0000-000000000000,synthetic,v1,2026-01-20T09:20:00+00:00,,True,2026-01-20T09:20:59.443000+00:00
17,3,1,1.0373,0.0,1,0,1906,1,92eea605-1513-5851-0320-e8cd64191046,1812140441,L10,00000000-0000-0000-0000-000000000000,synthetic,v1,2026-01-20T09:20:00+00:00,,True,2026-01-20T09:21:01.349000+00:00
18,2,0,0.6109,10.8,1,0,2372,1,92eea605-1513-5851-0320-e8cd64191046,1812140441,A08,00000000-0000-0000-0000-000000000000,synthetic,v1,2026-01-20T09:20:00+00:00,,True,2026-01-20T09:21:03.721000+00:00
19,3,1,1.0356,0.0,1,0,2128,1,92eea605-1513-5851-0320-e8cd64191046,1812140441,L07,00000000-0000-0000-0000-000000000000,synthetic,v1,2026-01-20T09:20:00+00:00,,True,2026-01-20T09:21:05.849000+00:00
20,3,1,0.8875,0.0,1,0,2758,0,92eea605-1513-5851-0320-e8cd64191046,1812140441,L09,00000000-0000-0000-0000-000000000000,synthetic,v1,2026-01-20T09:20:00+00:00,,True,2026-01-20T09:21:08.607000+00:00
31,1,0,1.0,0.0,0,0,1925,0,92eea605-1513-5851-0320-e8cd64191046,1812140441,ATTN,00000000-0000-0000-0000-000000000000,synthetic,v1,2026-01-20T09:20:00+00:00,True,True,2026-01-20T09:21:11.376000+00:00
21,2,0,0.8052,32.27,0,0,2731,1,92eea605-1513-5851-0320-e8cd64191046,1812140441,A03,00000000-0000-0000-0000-000000000000,synthetic,v1,2026-01-20T09:20:00+00:00,,True,2026-01-20T09:21:14.107000+00:00
22,3,1,1.0628,0.0,1,0,1686,1,92eea605-1513-5851-0320-e8cd64191046,1812140441,L05,00000000-0000-0000-0000-000000000000,synthetic,v1,2026-01-20T09:20:00+00:00,,True,2026-01-20T09:21:15.793000+00:00
23,2,0,0.4559,9.76,1,0,1186,1,92eea605-1513-5851-0320-e8cd64191046,1812140441,A10,00000000-0000-0000-0000-000000000000,synthetic,v1,2026-01-20T09:20:00+00:00,,True,2026-01-20T09:21:16.979000+00:00
24,2,0,0.5249,6.86,1,0,2281,0,92eea605-1513-5851-0320-e8cd64191046,1812140441,A07,00000000-0000-0000-0000-000000000000,synthetic,v1,2026-01-20T09:20:00+00:00,,True,2026-01-20T09:21:19.260000+00:00
25,2,0,0.7786,18.23,0,0,2894,1,92eea605-1513-5851-0320-e8cd64191046,1812140441,A04,00000000-0000-0000-0000-000000000000,synthetic,v1,2026-01-20T09:20:00+00:00,,True,2026-01-20T09:21:22.154000+00:00
26,3,1,1.1333,0.0,1,0,7882,1,92eea605-1513-5851-0320-e8cd64191046,1812140441,L08,00000000-0000-0000-0000-000000000000,synthetic,v1,2026-01-20T09:20:00+00:00,,True,2026-01-20T09:21:30.036000+00:00
27,1,1,1.0,0.0,1,0,3202,0,92eea605-1513-5851-0320-e8cd64191046,1812140441,F07,00000000-0000-0000-0000-000000000000,synthetic,v1,2026-01-20T09:20:00+00:00,,True,2026-01-20T09:21:33.238000+00:00
28,1,0,0.94,0.0,0,0,5117,0,92eea605-1513-5851-0320-e8cd64191046,1812140441,F10,00000000-0000-0000-0000-000000000000,synthetic,v1,2026-01-20T09:20:00+00:00,,True,2026-01-20T09:21:38.355000+00:00
29,1,0,0.9,0.0,0,0,2265,0,92eea605-1513-5851-0320-e8cd64191046,1812140441,F01,00000000-0000-0000-0000-000000000000,synthetic,v1,2026-01-20T09:20:00+00:00,,True,2026-01-20T09:21:40.620000+00:00
30,1,1,1.0,0.0,0,0,1553,1,92eea605-1513-5851-0320-e8cd64191046,1812140441,F04,00000000-0000-0000-0000-000000000000,synthetic,v1,2026-01-20T09:20:00+00:00,,True,2026-01-20T09:21:42.173000+00:00
1,3,1,0.9009,0.0,0,1,1753,1,9cf92e6d-1af0-9f59-a3ca-aa59c069f234,127978094,L07,00000000-0000-0000-0000-000000000000,synthetic,v1,2026-01-20T09:25:00+00:00,,True,2026-01-20T09:25:01.753000+00:00
2,2,0,0.7674,1507.55,1,0,2000,1,9cf92e6d-1af0-9f59-a3ca-aa59c069f234,127978094,A06,00000000-0000-0000-0000-000000000000,synthetic,v1,2026-01-20T09:25:00+00:00,,True,2026-01-20T09:25:03.753000+00:00
3,1,0,0.86,0.0,1,0,9610,0,9cf92e6d-1af0-9f59-a3ca-aa59c069f234,127978094,F04,00000000-0000-0000-0000-000000000000,synthetic,v1,2026-01-20T09:25:00+00:00,,True,2026-01-20T09:25:13.363000+00:00
4,2,0,0.7396,96.77,0,0,1897,0,9cf92e6d-1af0-9f59-a3ca-aa59c069f234,127978094,A03,00000000-0000-0000-0000-000000000000,synthetic,v1,2026-01-20T09:25:00+00:00,,True,2026-01-20T09:25:15.260000+00:00
5,3,1,0.874,0.0,0,0,4727,1,9cf92e6d-1af0-9f59-a3ca-aa59c069f234,127978094,L10,00000000-0000-0000-0000-000000000000,synthetic,v1,2026-01-20T09:25:00+00:00,,True,2026-01-20T09:25:19.987000+00:00
6,3,1,1.0545,0.0,1,0,1814,1,9cf92e6d-1af0-9f59-a3ca-aa59c069f234,127978094,L02,00000000-0000-0000-0000-000000000000,synthetic,v1,2026-01-20T09:25:00+00:00,,True,2026-01-20T09:25:21.801000+00:00
7,1,0,0.8833,0.0,1,0,4975,0,9cf92e6d-1af0-9f59-a3ca-aa59c069f234,127978094,F09,00000000-0000-0000-0000-000000000000,synthetic,v1,2026-01-20T09:25:00+00:00,,True,2026-01-20T09:25:26.776000+00:00
8,1,1,0.85,0.0,0,0,3683,1,9cf92e6d-1af0-9f59-a3ca-aa59c069f234,127978094,F08,00000000-0000-0000-0000-000000000000,synthetic,v1,2026-01-20T09:25:00+00:00,,True,2026-01-20T09:25:30.459000+00:00
9,3,1,1.1597,0.0,1,0,2734,0,9cf92e6d-1af0-9f59-a3ca-aa59c069f234,127978094,L01,00000000-0000-0000-0000-000000000000,synthetic,v1,2026-01-20T09:25:00+00:00,,True,2026-01-20T09:25:33.193000+00:00
10,2,0,0.6824,9.49,0,0,2914,1,9cf92e6d-1af0-9f59-a3ca-aa59c069f234,127978094,A08,00000000-0000-0000-0000-000000000000,synthetic,v1,2026-01-20T09:25:00+00:00,,True,2026-01-20T09:25:36.107000+00:00
11,2,0,0.5897,2.31,1,0,2079,0,9cf92e6d-1af0-9f59-a3ca-aa59c069f234,127978094,A07,00000000-0000-0000-0000-000000000000,synthetic,v1,2026-01-20T09:25:00+00:00,,True,2026-01-20T09:25:38.186000+00:00
12,3,1,0.8995,0.0,0,0,3809,0,9cf92e6d-1af0-9f59-a3ca-aa59c069f234,127978094,L03,00000000-0000-0000-0000-000000000000,synthetic,v1,2026-01-20T09:25:00+00:00,,True,2026-01-20T09:25:41.995000+00:00
13,1,0,0.92,0.0,0,0,2321,0,9cf92e6d-1af0-9f59-a3ca-aa59c069f234,127978094,F10,00000000-0000-0000-0000-000000000000,synthetic,v1,2026-01-20T09:25:00+00:00,,True,2026-01-20T09:25:44.316000+00:00
14,2,0,0.708,21.81,0,0,1519,0,9cf92e6d-1af0-9f59-a3ca-aa59c069f234,127978094,A04,00000000-0000-0000-0000-000000000000,synthetic,v1,2026-01-20T09:25:00+00:00,,True,2026-01-20T09:25:45.835000+00:00
15,2,0,0.4019,10.31,0,0,1476,0,9cf92e6d-1af0-9f59-a3ca-aa59c069f234,127978094,A10,00000000-0000-0000-0000-000000000000,synthetic,v1,2026-01-20T09:25:00+00:00,,True,2026-01-20T09:25:47.311000+00:00
16,1,0,0.88,0.0,0,0,3277,0,9cf92e6d-1af0-9f59-a3ca-aa59c069f234,127978094,F02,00000000-0000-0000-0000-000000000000,synthetic,v1,2026-01-20T09:25:00+00:00,,True,2026-01-20T09:25:50.588000+00:00
17,3,1,1.1009,0.0,0,0,7104,0,9cf92e6d-1af0-9f59-a3ca-aa59c069f234,127978094,L09,00000000-0000-0000-0000-000000000000,synthetic,v1,2026-01-20T09:25:00+00:00,,True,2026-01-20T09:25:57.692000+00:00
18,3,1,0.893,0.0,0,0,3255,0,9cf92e6d-1af0-9f59-a3ca-aa59c069f234,127978094,L06,00000000-0000-0000-0000-000000000000,synthetic,v1,2026-01-20T09:25:00+00:00,,True,2026-01-20T09:26:00.947000+00:00
19,3,1,0.8823,0.0,0,0,2792,1,9cf92e6d-1af0-9f59-a3ca-aa59c069f234,127978094,L05,00000000-0000-0000-0000-000000000000,synthetic,v1,2026-01-20T09:25:00+00:00,,True,2026-01-20T09:26:03.739000+00:00
20,1,1,1.1133,0.0,1,0,3488,1,9cf92e6d-1af0-9f59-a3ca-aa59c069f234,127978094,F05,00000000-0000-0000-0000-000000000000,synthetic,v1,2026-01-20T09:25:00+00:00,,True,2026-01-20T09:26:07.227000+00:00
31,1,0,1.0,0.0,0,0,1973,0,9cf92e6d-1af0-9f59-a3ca-aa59c069f234,127978094,ATTN,00000000-0000-0000-0000-000000000000,synthetic,v1,2026-01-20T09:25:00+00:00,True,True,2026-01-20T09:26:10.275000+00:00
21,2,0,0.7131,30.94,1,0,2377,1,9cf92e6d-1af0-9f59-a3ca-aa59c069f234,127978094,A01,00000000-0000-0000-0000-000000000000,synthetic,v1,2026-01-20T09:25:00+00:00,,True,2026-01-20T09:26:12.652000+00:00
22,2,0,0.6811,3.3,1,0,5477,1,9cf92e6d-1af0-9f59-a3ca-aa59c069f234,127978094,A02,00000000-0000-0000-0000-000000000000,synthetic,v1,2026-01-20T09:25:00+00:00,,True,2026-01-20T09:26:18.129000+00:00
23,1,1,0.875,0.0,1,0,3773,0,9cf92e6d-1af0-9f59-a3ca-aa59c069f234,127978094,F07,00000000-0000-0000-0000-000000000000,synthetic,v1,2026-01-20T09:25:00+00:00,,True,2026-01-20T09:26:21.902000+00:00
24,1,0,0.955,0.0,0,0,6937,0,9cf92e6d-1af0-9f59-a3ca-aa59c069f234,127978094,F01,00000000-0000-0000-0000-000000000000,synthetic,v1,2026-01-20T09:25:00+00:00,,True,2026-01-20T09:26:28.839000+00:00
25,3,1,1.0,0.0,0,0,3297,0,9cf92e6d-1af0-9f59-a3ca-aa59c069f234,127978094,L08,00000000-0000-0000-0000-000000000000,synthetic,v1,2026-01-20T09:25:00+00:00,,True,2026-01-20T09:26:32.136000+00:00
26,2,0,0.5294,23.19,0,0,1520,1,9cf92e6d-1af0-9f59-a3ca-aa59c069f234,127978094,A09,00000000-0000-0000-0000-000000000000,synthetic,v1,2026-01-20T09:25:00+00:00,,True,2026-01-20T09:26:33.656000+00:00
27,2,0,0.8059,89.03,1,0,1404,0,9cf92e6d-1af0-9f59-a3ca-aa59c069f234,127978094,A05,00000000-0000-0000-0000-000000000000,synthetic,v1,2026-01-20T09:25:00+00:00,,True,2026-01-20T09:26:35.060000+00:00
28,3,1,1.0163,0.0,0,0,7390,1,9cf92e6d-1af0-9f59-a3ca-aa59c069f234,127978094,L04,00000000-0000-0000-0000-000000000000,synthetic,v1,2026-01-20T09:25:00+00:00,,True,2026-01-20T09:26:42.450000+00:00
29,1,1,0.95,0.0,1,0,7692,0,9cf92e6d-1af0-9f59-a3ca-aa59c069f234,127978094,F03,00000000-0000-0000-0000-000000000000,synthetic,v1,2026-01-20T09:25:00+00:00,,True,2026-01-20T09:26:50.142000+00:00
30,1,1,1.0833,0.0,0,0,2700,1,9cf92e6d-1af0-9f59-a3ca-aa59c069f234,127978094,F06,00000000-0000-0000-0000-000000000000,synthetic,v1,2026-01-20T09:25:00+00:00,,True,2026-01-20T09:26:52.842000+00:00
1,3,1,1.0705,0.0,0,1,2414,1,29654a11-70be-8981-d951-55eee533b882,939042955,L06,00000000-0000-0000-0000-000000000000,synthetic,v1,2026-01-20T09:30:00+00:00,,True,2026-01-20T09:30:02.414000+00:00
2,3,1,0.9984,0.0,1,0,6659,0,29654a11-70be-8981-d951-55eee533b882,939042955,L07,00000000-0000-0000-0000-000000000000,synthetic,v1,2026-01-20T09:30:00+00:00,,True,2026-01-20T09:30:09.073000+00:00
3,2,0,0.788,4.42,0,0,1621,1,29654a11-70be-8981-d951-55eee533b882,939042955,A02,00000000-0000-0000-0000-000000000000,synthetic,v1,2026-01-20T09:30:00+00:00,,True,2026-01-20T09:30:10.694000+00:00
4,3,1,1.0888,0.0,1,0,1822,0,29654a11-70be-8981-d951-55eee533b882,939042955,L10,00000000-0000-0000-0000-000000000000,synthetic,v1,2026-01-20T09:30:00+00:00,,True,2026-01-20T09:30:12.516000+00:00
5,1,0,1.03,0.0,0,0,4246,0,29654a11-70be-8981-d951-55eee533b882,939042955,F04,00000000-0000-0000-0000-000000000000,synthetic,v1,2026-01-20T09:30:00+00:00,,True,2026-01-20T09:30:16.762000+00:00
6,2,0,0.9793,40.33,0,0,2399,0,29654a11-70be-8981-d951-55eee533b882,939042955,A05,00000000-0000-0000-0000-000000000000,synthetic,v1,2026-01-20T09:30:00+00:00,,True,2026-01-20T09:30:19.161000+00:00
7,3,1,0.8784,0.0,0,0,2972,1,29654a11-70be-8981-d951-55eee533b882,939042955,L03,00000000-0000-0000-0000-000000000000,synthetic,v1,2026-01-20T09:30:00+00:00,,True,2026-01-20T09:30:22.133000+00:00
8,3,1,0.9113,0.0,1,0,2724,0,29654a11-70be-8981-d951-55eee533b882,939042955,L05,00000000-0000-0000-0000-000000000000,synthetic,v1,2026-01-20T09:30:00+00:00,,True,2026-01-20T09:30:24.857000+00:00
9,2,0,0.5421,3.66,0,0,3589,0,29654a11-70be-8981-d951-55eee533b882,939042955,A07,00000000-0000-0000-0000-000000000000,synthetic,v1,2026-01-20T09:30:00+00:00,,True,2026-01-20T09:30:28.446000+00:00
10,1,1,1.0333,0.0,0,0,6464,1,29654a11-70be-8981-d951-55eee533b882,939042955,F09,00000000-0000-0000-0000-000000000000,synthetic,v1,2026-01-20T09:30:00+00:00,,True,2026-01-20T09:30:34.910000+00:00
11,1,0,0.85,0.0,1,0,3133,0,29654a11-70be-8981-d951-55eee533b882,939042955,F08,00000000-0000-0000-0000-000000000000,synthetic,v1,2026-01-20T09:30:00+00:00,,True,2026-01-20T09:30:38.043000+00:00
12,1,0,0.925,0.0,0,0,4247,0,29654a11-70be-8981-d951-55eee533b882,939042955,F01,00000000-0000-0000-0000-000000000000,synthetic,v1,2026-01-20T09:30:00+00:00,,True,2026-01-20T09:30:42.290000+00:00
13,2,0,0.5856,2.05,0,0,965,0,29654a11-70be-8981-d951-55eee533b882,939042955,A08,00000000-0000-0000-0000-000000000000,synthetic,v1,2026-01-20T09:30:00+00:00,,True,2026-01-20T09:30:43.255000+00:00
14,3,1,0.8907,0.0,0,0,2902,0,29654a11-70be-8981-d951-55eee533b882,939042955,L02,00000000-0000-0000-0000-000000000000,synthetic,v1,2026-01-20T09:30:00+00:00,,True,2026-01-20T09:30:46.157000+00:00
15,1,1,1.01,0.0,0,0,1874,1,29654a11-70be-8981-d951-55eee533b882,939042955,F02,00000000-0000-0000-0000-000000000000,synthetic,v1,2026-01-20T09:30:00+00:00,,True,2026-01-20T09:30:48.031000+00:00
16,2,0,0.6144,31.71,1,0,1524,1,29654a11-70be-8981-d951-55eee533b882,939042955,A01,00000000-0000-0000-0000-000000000000,synthetic,v1,2026-01-20T09:30:00+00:00,,True,2026-01-20T09:30:49.555000+00:00
17,2,0,0.7872,6.91,1,0,1839,0,29654a11-70be-8981-d951-55eee533b882,939042955,A04,00000000-0000-0000-0000-000000000000,synthetic,v1,2026-01-20T09:30:00+00:00,,True,2026-01-20T09:30:51.394000+00:00
18,1,1,1.13,0.0,0,0,2480,1,29654a11-70be-8981-d951-55eee533b882,939042955,F07,00000000-0000-0000-0000-000000000000,synthetic,v1,2026-01-20T09:30:00+00:00,,True,2026-01-20T09:30:53.874000+00:00
19,1,0,1.1,0.0,1,0,4933,0,29654a11-70be-8981-d951-55eee533b882,939042955,F10,00000000-0000-0000-0000-000000000000,synthetic,v1,2026-01-20T09:30:00+00:00,,True,2026-01-20T09:30:58.807000+00:00
20,2,0,0.4238,10.43,0,0,1437,1,29654a11-70be-8981-d951-55eee533b882,939042955,A10,00000000-0000-0000-0000-000000000000,synthetic,v1,2026-01-20T09:30:00+00:00,,True,2026-01-20T09:31:00.244000+00:00
31,1,0,1.0,0.0,0,0,1489,0,29654a11-70be-8981-d951-55eee533b882,939042955,ATTN,00000000-0000-0000-0000-000000000000,synthetic,v1,2026-01-20T09:30:00+00:00,True,True,2026-01-20T09:31:02.074000+00:00
21,1,1,1.0889,0.0,1,0,2489,1,29654a11-70be-8981-d951-55eee533b882,939042955,F06,00000000-0000-0000-0000-000000000000,synthetic,v1,2026-01-20T09:30:00+00:00,,True,2026-01-20T09:31:04.563000+00:00
22,2,0,0.5762,135.87,1,0,5174,0,29654a11-70be-8981-d951-55eee533b882,939042955,A09,00000000-0000-0000-0000-000000000000,synthetic,v1,2026-01-20T09:30:00+00:00,,True,2026-01-20T09:31:09.737000+00:00
23,3,1,1.0295,0.0,0,0,4007,0,29654a11-70be-8981-d951-55eee533b882,939042955,L04,00000000-0000-0000-0000-000000000000,synthetic,v1,2026-01-20T09:30:00+00:00,,True,2026-01-20T09:31:13.744000+00:00
24,1,0,0.945,0.0,0,0,6220,0,29654a11-70be-8981-d951-55eee533b882,939042955,F03,00000000-0000-0000-0000-000000000000,synthetic,v1,2026-01-20T09:30:00+00:00,,True,2026-01-20T09:31:19.964000+00:00
25,3,1,1.0476,0.0,0,0,2738,0,29654a11-70be-8981-d951-55eee533b882,939042955,L01,00000000-0000-0000-0000-000000000000,synthetic,v1,2026-01-20T09:30:00+00:00,,True,2026-01-20T09:31:22.702000+00:00
26,1,1,0.9933,0.0,0,0,2032,1,29654a11-70be-8981-d951-55eee533b882,939042955,F05,00000000-0000-0000-0000-000000000000,synthetic,v1,2026-01-20T09:30:00+00:00,,True,2026-01-20T09:31:24.734000+00:00
27,3,1,1.0098,0.0,1,0,2635,0,29654a11-70be-8981-d951-55eee533b882,939042955,L09,00000000-0000-0000-0000-000000000000,synthetic,v1,2026-01-20T09:30:00+00:00,,True,2026-01-20T09:31:27.369000+00:00
28,3,1,0.9091,0.0,0,0,3406,0,29654a11-70be-8981-d951-55eee533b882,939042955,L08,00000000-0000-0000-0000-000000000000,synthetic,v1,2026-01-20T09:30:00+00:00,,True,2026-01-20T09:31:30.775000+00:00
29,2,0,0.8749,1345.38,0,0,3284,0,29654a11-70be-8981-d951-55eee533b882,939042955,A06,00000000-0000-0000-0000-000000000000,synthetic,v1,2026-01-20T09:30:00+00:00,,True,2026-01-20T09:31:34.059000+00:00
30,2,0,0.7528,32.28,0,0,1641,0,29654a11-70be-8981-d951-55eee533b882,939042955,A03,00000000-0000-0000-0000-000000000000,synthetic,v1,2026-01-20T09:30:00+00:00,,True,2026-01-20T09:31:35.700000+00:00
1,2,0,0.7242,34.92,0,1,3133,1,742fc687-8703-1825-7d70-6be99161b69e,113971123,A01,00000000-0000-0000-0000-000000000000,synthetic,v1,2026-01-20T09:35:00+00:00,,True,2026-01-20T09:35:03.133000+00:00
2,2,0,0.8021,3.45,1,0,3379,0,742fc687-8703-1825-7d70-6be99161b69e,113971123,A02,00000000-0000-0000-0000-000000000000,synthetic,v1,2026-01-20T09:35:00+00:00,,True,2026-01-20T09:35:06.512000+00:00
3,1,1,1.11,0.0,0,0,11903,1,742fc687-8703-1825-7d70-6be99161b69e,113971123,F04,00000000-0000-0000-0000-000000000000,synthetic,v1,2026-01-20T09:35:00+00:00,,True,2026-01-20T09:35:18.415000+00:00
4,3,1,0.9158,0.0,1,0,8368,0,742fc687-8703-1825-7d70-6be99161b69e,113971123,L03,00000000-0000-0000-0000-000000000000,synthetic,v1,2026-01-20T09:35:00+00:00,,True,2026-01-20T09:35:26.783000+00:00
5,1,1,0.885,0.0,0,0,1864,1,742fc687-8703-1825-7d70-6be99161b69e,113971123,F07,00000000-0000-0000-0000-000000000000,synthetic,v1,2026-01-20T09:35:00+00:00,,True,2026-01-20T09:35:28.647000+00:00
6,1,0,0.87,0.0,1,0,2545,0,742fc687-8703-1825-7d70-6be99161b69e,113971123,F03,00000000-0000-0000-0000-000000000000,synthetic,v1,2026-01-20T09:35:00+00:00,,True,2026-01-20T09:35:31.192000+00:00
7,3,1,0.9335,0.0,0,0,1332,0,742fc687-8703-1825-7d70-6be99161b69e,113971123,L06,00000000-0000-0000-0000-000000000000,synthetic,v1,2026-01-20T09:35:00+00:00,,True,2026-01-20T09:35:32.524000+00:00
8,2,0,0.6851,9.0,0,0,2154,1,742fc687-8703-1825-7d70-6be99161b69e,113971123,A08,00000000-0000-0000-0000-000000000000,synthetic,v1,2026-01-20T09:35:00+00:00,,True,2026-01-20T09:35:34.678000+00:00
9,2,0,0.6075,5.58,1,0,3546,1,742fc687-8703-1825-7d70-6be99161b69e,113971123,A07,00000000-0000-0000-0000-000000000000,synthetic,v1,2026-01-20T09:35:00+00:00,,True,2026-01-20T09:35:38.224000+00:00
10,2,0,0.912,51.15,1,0,5786,0,742fc687-8703-1825-7d70-6be99161b69e,113971123,A05,00000000-0000-0000-0000-000000000000,synthetic,v1,2026-01-20T09:35:00+00:00,,True,2026-01-20T09:35:44.010000+00:00
11,1,0,1.12,0.0,0,0,1996,0,742fc687-8703-1825-7d70-6be99161b69e,113971123,F10,00000000-0000-0000-0000-000000000000,synthetic,v1,2026-01-20T09:35:00+00:00,,True,2026-01-20T09:35:46.006000+00:00
12,3,1,1.157,0.0,0,0,2080,1,742fc687-8703-1825-7d70-6be99161b69e,113971123,L01,00000000-0000-0000-0000-000000000000,synthetic,v1,2026-01-20T09:35:00+00:00,,True,2026-01-20T09:35:48.086000+00:00
13,2,0,0.401,4.36,1,0,915,0,742fc687-8703-1825-7d70-6be99161b69e,113971123,A10,00000000-0000-0000-0000-000000000000,synthetic,v1,2026-01-20T09:35:00+00:00,,True,2026-01-20T09:35:49.001000+00:00
14,1,0,0.9056,0.0,0,0,2725,0,742fc687-8703-1825-7d70-6be99161b69e,113971123,F06,00000000-0000-0000-0000-000000000000,synthetic,v1,2026-01-20T09:35:00+00:00,,True,2026-01-20T09:35:51.726000+00:00
15,3,1,0.9218,0.0,0,0,1661,1,742fc687-8703-1825-7d70-6be99161b69e,113971123,L07,00000000-0000-0000-0000-000000000000,synthetic,v1,2026-01-20T09:35:00+00:00,,True,2026-01-20T09:35:53.387000+00:00
16,2,0,0.7611,19.65,1,0,2227,1,742fc687-8703-1825-7d70-6be99161b69e,113971123,A04,00000000-0000-0000-0000-000000000000,synthetic,v1,2026-01-20T09:35:00+00:00,,True,2026-01-20T09:35:55.614000+00:00
17,2,0,0.4944,198.09,1,0,1840,1,742fc687-8703-1825-7d70-6be99161b69e,113971123,A09,00000000-0000-0000-0000-000000000000,synthetic,v1,2026-01-20T09:35:00+00:00,,True,2026-01-20T09:35:57.454000+00:00
18,2,0,0.7523,2854.64,1,0,2830,1,742fc687-8703-1825-7d70-6be99161b69e,113971123,A06,00000000-0000-0000-0000-000000000000,synthetic,v1,2026-01-20T09:35:00+00:00,,True,2026-01-20T09:36:00.284000+00:00
19,1,1,0.89,0.0,1,0,1133,1,742fc687-8703-1825-7d70-6be99161b69e,113971123,F05,00000000-0000-0000-0000-000000000000,synthetic,v1,2026-01-20T09:35:00+00:00,,True,2026-01-20T09:36:01.417000+00:00
20,3,1,0.9927,0.0,1,0,1330,0,742fc687-8703-1825-7d70-6be99161b69e,113971123,L02,00000000-0000-0000-0000-000000000000,synthetic,v1,2026-01-20T09:35:00+00:00,,True,2026-01-20T09:36:02.747000+00:00
31,1,0,1.0,0.0,0,0,1080,0,742fc687-8703-1825-7d70-6be99161b69e,113971123,ATTN,00000000-0000-0000-0000-000000000000,synthetic,v1,2026-01-20T09:35:00+00:00,True,True,2026-01-20T09:36:06.984000+00:00
21,2,0,0.8331,49.72,0,0,1630,0,742fc687-8703-1825-7d70-6be99161b69e,113971123,A03,00000000-0000-0000-0000-000000000000,synthetic,v1,2026-01-20T09:35:00+00:00,,True,2026-01-20T09:36:08.614000+00:00
22,3,1,1.0095,0.0,0,0,8186,0,742fc687-8703-1825-7d70-6be99161b69e,113971123,L05,00000000-0000-0000-0000-000000000000,synthetic,v1,2026-01-20T09:35:00+00:00,,True,2026-01-20T09:36:16.800000+00:00
23,3,1,0.9925,0.0,0,0,14732,0,742fc687-8703-1825-7d70-6be99161b69e,113971123,L10,00000000-0000-0000-0000-000000000000,synthetic,v1,2026-01-20T09:35:00+00:00,,True,2026-01-20T09:36:31.532000+00:00
24,3,1,0.9221,0.0,0,0,1564,1,742fc687-8703-1825-7d70-6be99161b69e,113971123,L09,00000000-0000-0000-0000-000000000000,synthetic,v1,2026-01-20T09:35:00+00:00,,True,2026-01-20T09:36:33.096000+00:00
25,1,1,1.07,0.0,1,0,2434,1,742fc687-8703-1825-7d70-6be99161b69e,113971123,F01,00000000-0000-0000-0000-000000000000,synthetic,v1,2026-01-20T09:35:00+00:00,,True,2026-01-20T09:36:35.530000+00:00
26,1,0,0.8667,0.0,1,0,3597,1,742fc687-8703-1825-7d70-6be99161b69e,113971123,F08,00000000-0000-0000-0000-000000000000,synthetic,v1,2026-01-20T09:35:00+00:00,,True,2026-01-20T09:36:39.127000+00:00
27,1,0,0.95,0.0,1,0,7713,0,742fc687-8703-1825-7d70-6be99161b69e,113971123,F02,00000000-0000-0000-0000-000000000000,synthetic,v1,2026-01-20T09:35:00+00:00,,True,2026-01-20T09:36:46.840000+00:00
28,1,1,0.9833,0.0,0,0,1732,1,742fc687-8703-1825-7d70-6be99161b69e,113971123,F09,00000000-0000-0000-0000-000000000000,synthetic,v1,2026-01-20T09:35:00+00:00,,True,2026-01-20T09:36:48.572000+00:00
29,3,1,1.0529,0.0,1,0,2604,0,742fc687-8703-1825-7d70-6be99161b69e,113971123,L04,00000000-0000-0000-0000-000000000000,synthetic,v1,2026-01-20T09:35:00+00:00,,True,2026-01-20T09:36:51.176000+00:00
30,3,1,0.9,0.0,0,0,4571,1,742fc687-8703-1825-7d70-6be99161b69e,113971123,L08,00000000-0000-0000-0000-000000000000,synthetic,v1,2026-01-20T09:35:00+00:00,,True,2026-01-20T09:36:55.747000+00:00
1,2,0,0.6408,13.89,0,1,3786,0,87d6364e-7bd8-ed60-6ea9-32bd5a23c016,1801823908,A08,00000000-0000-0000-0000-000000000000,synthetic,v1,2026-01-20T09:40:00+00:00,,True,2026-01-20T09:40:03.786000+00:00
2,1,0,1.0667,0.0,0,0,2423,0,87d6364e-7bd8-ed60-6ea9-32bd5a23c016,1801823908,F09,00000000-0000-0000-0000-000000000000,synthetic,v1,2026-01-20T09:40:00+00:00,,True,2026-01-20T09:40:06.209000+00:00
3,2,0,0.6627,10.3,0,0,2769,1,87d6364e-7bd8-ed60-6ea9-32bd5a23c016,1801823908,A07,00000000-0000-0000-0000-000000000000,synthetic,v1,2026-01-20T09:40:00+00:00,,True,2026-01-20T09:40:08.978000+00:00
4,1,1,0.9967,0.0,1,0,1399,1,87d6364e-7bd8-ed60-6ea9-32bd5a23c016,1801823908,F05,00000000-0000-0000-0000-000000000000,synthetic,v1,2026-01-20T09:40:00+00:00,,True,2026-01-20T09:40:10.377000+00:00
5,3,1,0.85,0.0,1,0,2614,0,87d6364e-7bd8-ed60-6ea9-32bd5a23c016,1801823908,L07,00000000-0000-0000-0000-000000000000,synthetic,v1,2026-01-20T09:40:00+00:00,,True,2026-01-20T09:40:12.991000+00:00
6,2,0,0.8077,16.5,0,0,2574,0,87d6364e-7bd8-ed60-6ea9-32bd5a23c016,1801823908,A01,00000000-0000-0000-0000-000000000000,synthetic,v1,2026-01-20T09:40:00+00:00,,True,2026-01-20T09:40:15.565000+00:00
7,2,0,0.7725,103.18,0,0,3386,1,87d6364e-7bd8-ed60-6ea9-32bd5a23c016,1801823908,A03,00000000-0000-0000-0000-000000000000,synthetic,v1,2026-01-20T09:40:00+00:00,,True,2026-01-20T09:40:18.951000+00:00
8,2,0,0.9705,54.8,1,0,2196,0,87d6364e-7bd8-ed60-6ea9-32bd5a23c016,1801823908,A05,00000000-0000-0000-0000-000000000000,synthetic,v1,2026-01-20T09:40:00+00:00,,True,2026-01-20T09:40:21.147000+00:00
9,3,1,1.0309,0.0,0,0,3863,1,87d6364e-7bd8-ed60-6ea9-32bd5a23c016,1801823908,L01,00000000-0000-0000-0000-000000000000,synthetic,v1,2026-01-20T09:40:00+00:00,,True,2026-01-20T09:40:25.010000+00:00
10,2,0,0.5022,63.37,1,0,5203,0,87d6364e-7bd8-ed60-6ea9-32bd5a23c016,1801823908,A09,00000000-0000-0000-0000-000000000000,synthetic,v1,2026-01-20T09:40:00+00:00,,True,2026-01-20T09:40:30.213000+00:00
11,3,1,0.9091,0.0,0,0,3246,0,87d6364e-7bd8-ed60-6ea9-32bd5a23c016,1801823908,L08,00000000-0000-0000-0000-000000000000,synthetic,v1,2026-01-20T09:40:00+00:00,,True,2026-01-20T09:40:33.459000+00:00
12,1,1,1.07,0.0,0,0,3617,0,87d6364e-7bd8-ed60-6ea9-32bd5a23c016,1801823908,F07,00000000-0000-0000-0000-000000000000,synthetic,v1,2026-01-20T09:40:00+00:00,,True,2026-01-20T09:40:37.076000+00:00
13,1,0,0.9667,0.0,0,0,3069,0,87d6364e-7bd8-ed60-6ea9-32bd5a23c016,1801823908,F08,00000000-0000-0000-0000-000000000000,synthetic,v1,2026-01-20T09:40:00+00:00,,True,2026-01-20T09:40:40.145000+00:00
14,1,0,1.0222,0.0,0,0,2981,1,87d6364e-7bd8-ed60-6ea9-32bd5a23c016,1801823908,F06,00000000-0000-0000-0000-000000000000,synthetic,v1,2026-01-20T09:40:00+00:00,,True,2026-01-20T09:40:43.126000+00:00
15,2,0,0.7516,20.9,1,0,2004,1,87d6364e-7bd8-ed60-6ea9-32bd5a23c016,1801823908,A04,00000000-0000-0000-0000-000000000000,synthetic,v1,2026-01-20T09:40:00+00:00,,True,2026-01-20T09:40:45.130000+00:00
16,1,1,0.91,0.0,1,0,3547,1,87d6364e-7bd8-ed60-6ea9-32bd5a23c016,1801823908,F03,00000000-0000-0000-0000-000000000000,synthetic,v1,2026-01-20T09:40:00+00:00,,True,2026-01-20T09:40:48.677000+00:00
17,2,0,0.7425,4.83,1,0,2825,1,87d6364e-7bd8-ed60-6ea9-32bd5a23c016,1801823908,A02,00000000-0000-0000-0000-000000000000,synthetic,v1,2026-01-20T09:40:00+00:00,,True,2026-01-20T09:40:51.502000+00:00
18,3,1,1.1651,0.0,1,0,9426,1,87d6364e-7bd8-ed60-6ea9-32bd5a23c016,1801823908,L09,00000000-0000-0000-0000-000000000000,synthetic,v1,2026-01-20T09:40:00+00:00,,True,2026-01-20T09:41:00.928000+00:00
19,3,1,1.0856,0.0,1,0,7082,1,87d6364e-7bd8-ed60-6ea9-32bd5a23c016,1801823908,L03,00000000-0000-0000-0000-000000000000,synthetic,v1,2026-01-20T09:40:00+00:00,,True,2026-01-20T09:41:08.010000+00:00
20,3,1,0.8934,0.0,1,0,3685,1,87d6364e-7bd8-ed60-6ea9-32bd5a23c016,1801823908,L06,00000000-0000-0000-0000-000000000000,synthetic,v1,2026-01-20T09:40:00+00:00,,True,2026-01-20T09:41:11.695000+00:00
31,1,0,1.0,0.0,0,0,1158,0,87d6364e-7bd8-ed60-6ea9-32bd5a23c016,1801823908,ATTN,00000000-0000-0000-0000-000000000000,synthetic,v1,2026-01-20T09:40:00+00:00,True,True,2026-01-20T09:41:13.027000+00:00
21,1,1,1.03,0.0,1,0,5739,1,87d6364e-7bd8-ed60-6ea9-32bd5a23c016,1801823908,F04,00000000-0000-0000-0000-000000000000,synthetic,v1,2026-01-20T09:40:00+00:00,,True,2026-01-20T09:41:18.766000+00:00
22,2,0,0.4668,4.9,1,0,3444,0,87d6364e-7bd8-ed60-6ea9-32bd5a23c016,1801823908,A10,00000000-0000-0000-0000-000000000000,synthetic,v1,2026-01-20T09:40:00+00:00,,True,2026-01-20T09:41:22.210000+00:00
23,1,0,0.96,0.0,0,0,3881,0,87d6364e-7bd8-ed60-6ea9-32bd5a23c016,1801823908,F02,00000000-0000-0000-0000-000000000000,synthetic,v1,2026-01-20T09:40:00+00:00,,True,2026-01-20T09:41:26.091000+00:00
24,3,1,0.9945,0.0,0,0,1141,0,87d6364e-7bd8-ed60-6ea9-32bd5a23c016,1801823908,L10,00000000-0000-0000-0000-000000000000,synthetic,v1,2026-01-20T09:40:00+00:00,,True,2026-01-20T09:41:27.232000+00:00
25,1,0,1.08,0.0,0,0,4964,0,87d6364e-7bd8-ed60-6ea9-32bd5a23c016,1801823908,F10,00000000-0000-0000-0000-000000000000,synthetic,v1,2026-01-20T09:40:00+00:00,,True,2026-01-20T09:41:32.196000+00:00
26,2,0,0.898,1913.74,0,0,3827,0,87d6364e-7bd8-ed60-6ea9-32bd5a23c016,1801823908,A06,00000000-0000-0000-0000-000000000000,synthetic,v1,2026-01-20T09:40:00+00:00,,True,2026-01-20T09:41:36.023000+00:00
27,1,1,0.875,0.0,0,0,1618,1,87d6364e-7bd8-ed60-6ea9-32bd5a23c016,1801823908,F01,00000000-0000-0000-0000-000000000000,synthetic,v1,2026-01-20T09:40:00+00:00,,True,2026-01-20T09:41:37.641000+00:00
28,3,1,0.8962,0.0,1,0,2299,1,87d6364e-7bd8-ed60-6ea9-32bd5a23c016,1801823908,L05,00000000-0000-0000-0000-000000000000,synthetic,v1,2026-01-20T09:40:00+00:00,,True,2026-01-20T09:41:39.940000+00:00
29,3,1,1.0868,0.0,1,0,3446,0,87d6364e-7bd8-ed60-6ea9-32bd5a23c016,1801823908,L04,00000000-0000-0000-0000-000000000000,synthetic,v1,2026-01-20T09:40:00+00:00,,True,2026-01-20T09:41:43.386000+00:00
30,3,1,1.0125,0.0,0,0,3068,0,87d6364e-7bd8-ed60-6ea9-32bd5a23c016,1801823908,L02,00000000-0000-0000-0000-000000000000,synthetic,v1,2026-01-20T09:40:00+00:00,,True,2026-01-20T09:41:46.454000+00:00
1,1,1,1.0,0.0,0,1,2538,1,07870e70-fa57-101b-ec58-f31439013bcd,1929338154,F08,00000000-0000-0000-0000-000000000000,synthetic,v1,2026-01-20T09:45:00+00:00,,True,2026-01-20T09:45:02.538000+00:00
2,2,0,0.7241,3.63,1,0,2816,0,07870e70-fa57-101b-ec58-f31439013bcd,1929338154,A02,00000000-0000-0000-0000-000000000000,synthetic,v1,2026-01-20T09:45:00+00:00,,True,2026-01-20T09:45:05.354000+00:00
3,1,1,0.99,0.0,0,0,2595,1,07870e70-fa57-101b-ec58-f31439013bcd,1929338154,F01,00000000-0000-0000-0000-000000000000,synthetic,v1,2026-01-20T09:45:00+00:00,,True,2026-01-20T09:45:07.949000+00:00
4,1,1,1.14,0.0,1,0,3241,1,07870e70-fa57-101b-ec58-f31439013bcd,1929338154,F04,00000000-0000-0000-0000-000000000000,synthetic,v1,2026-01-20T09:45:00+00:00,,True,2026-01-20T09:45:11.190000+00:00
5,3,1,1.1015,0.0,1,0,6696,1,07870e70-fa57-101b-ec58-f31439013bcd,1929338154,L04,00000000-0000-0000-0000-000000000000,synthetic,v1,2026-01-20T09:45:00+00:00,,True,2026-01-20T09:45:17.886000+00:00
6,3,1,0.9684,0.0,1,0,726,0,07870e70-fa57-101b-ec58-f31439013bcd,1929338154,L01,00000000-0000-0000-0000-000000000000,synthetic,v1,2026-01-20T09:45:00+00:00,,True,2026-01-20T09:45:18.612000+00:00
7,1,0,1.1167,0.0,0,0,2616,0,07870e70-fa57-101b-ec58-f31439013bcd,1929338154,F05,00000000-0000-0000-0000-000000000000,synthetic,v1,2026-01-20T09:45:00+00:00,,True,2026-01-20T09:45:21.228000+00:00
8,2,0,0.7608,85.08,0,0,3284,1,07870e70-fa57-101b-ec58-f31439013bcd,1929338154,A05,00000000-0000-0000-0000-000000000000,synthetic,v1,2026-01-20T09:45:00+00:00,,True,2026-01-20T09:45:24.512000+00:00
9,1,1,1.055,0.0,1,0,3507,0,07870e70-fa57-101b-ec58-f31439013bcd,1929338154,F07,00000000-0000-0000-0000-000000000000,synthetic,v1,2026-01-20T09:45:00+00:00,,True,2026-01-20T09:45:28.019000+00:00
10,3,1,1.0433,0.0,0,0,2429,0,07870e70-fa57-101b-ec58-f31439013bcd,1929338154,L07,00000000-0000-0000-0000-000000000000,synthetic,v1,2026-01-20T09:45:00+00:00,,True,2026-01-20T09:45:30.448000+00:00
11,2,0,0.6516,8.18,0,0,1134,0,07870e70-fa57-101b-ec58-f31439013bcd,1929338154,A04,00000000-0000-0000-0000-000000000000,synthetic,v1,2026-01-20T09:45:00+00:00,,True,2026-01-20T09:45:31.582000+00:00
12,2,0,0.7115,33.82,0,0,3570,0,07870e70-fa57-101b-ec58-f31439013bcd,1929338154,A01,00000000-0000-0000-0000-000000000000,synthetic,v1,2026-01-20T09:45:00+00:00,,True,2026-01-20T09:45:35.152000+00:00
13,3,1,0.855,0.0,0,0,7708,0,07870e70-fa57-101b-ec58-f31439013bcd,1929338154,L02,00000000-0000-0000-0000-000000000000,synthetic,v1,2026-01-20T09:45:00+00:00,,True,2026-01-20T09:45:42.860000+00:00
14,3,1,0.9653,0.0,0,0,1282,0,07870e70-fa57-101b-ec58-f31439013bcd,1929338154,L05,00000000-0000-0000-0000-000000000000,synthetic,v1,2026-01-20T09:45:00+00:00,,True,2026-01-20T09:45:44.142000+00:00
15,1,0,0.96,0.0,0,0,4793,0,07870e70-fa57-101b-ec58-f31439013bcd,1929338154,F02,00000000-0000-0000-0000-000000000000,synthetic,v1,2026-01-20T09:45:00+00:00,,True,2026-01-20T09:45:48.935000+00:00
16,1,0,0.8667,0.0,0,0,2488,0,07870e70-fa57-101b-ec58-f31439013bcd,1929338154,F09,00000000-0000-0000-0000-000000000000,synthetic,v1,2026-01-20T09:45:00+00:00,,True,2026-01-20T09:45:51.423000+00:00
17,2,0,0.5334,21.65,0,0,2882,1,07870e70-fa57-101b-ec58-f31439013bcd,1929338154,A09,00000000-0000-0000-0000-000000000000,synthetic,v1,2026-01-20T09:45:00+00:00,,True,2026-01-20T09:45:54.305000+00:00
18,2,0,0.9806,1339.1,1,0,1670,0,07870e70-fa57-101b-ec58-f31439013bcd,1929338154,A06,00000000-0000-0000-0000-000000000000,synthetic,v1,2026-01-20T09:45:00+00:00,,True,2026-01-20T09:45:55.975000+00:00
19,3,1,1.1111,0.0,0,0,2480,1,07870e70-fa57-101b-ec58-f31439013bcd,1929338154,L08,00000000-0000-0000-0000-000000000000,synthetic,v1,2026-01-20T09:45:00+00:00,,True,2026-01-20T09:45:58.455000+00:00
20,1,1,1.06,0.0,1,0,6093,1,07870e70-fa57-101b-ec58-f31439013bcd,1929338154,F10,00000000-0000-0000-0000-000000000000,synthetic,v1,2026-01-20T09:45:00+00:00,,True,2026-01-20T09:46:04.548000+00:00
31,1,0,1.0,0.0,0,0,3615,0,07870e70-fa57-101b-ec58-f31439013bcd,1929338154,ATTN,00000000-0000-0000-0000-000000000000,synthetic,v1,2026-01-20T09:45:00+00:00,True,True,2026-01-20T09:46:06.830000+00:00
21,3,1,1.1494,0.0,1,0,5696,0,07870e70-fa57-101b-ec58-f31439013bcd,1929338154,L10,00000000-0000-0000-0000-000000000000,synthetic,v1,2026-01-20T09:45:00+00:00,,True,2026-01-20T09:46:12.526000+00:00
22,3,1,1.076,0.0,0,0,3795,0,07870e70-fa57-101b-ec58-f31439013bcd,1929338154,L09,00000000-0000-0000-0000-000000000000,synthetic,v1,2026-01-20T09:45:00+00:00,,True,2026-01-20T09:46:16.321000+00:00
23,2,0,0.5576,6.54,0,0,7778,0,07870e70-fa57-101b-ec58-f31439013bcd,1929338154,A07,00000000-0000-0000-0000-000000000000,synthetic,v1,2026-01-20T09:45:00+00:00,,True,2026-01-20T09:46:24.099000+00:00
24,1,0,0.995,0.0,0,0,3795,0,07870e70-fa57-101b-ec58-f31439013bcd,1929338154,F03,00000000-0000-0000-0000-000000000000,synthetic,v1,2026-01-20T09:45:00+00:00,,True,2026-01-20T09:46:27.894000+00:00
25,1,0,0.8889,0.0,0,0,4700,0,07870e70-fa57-101b-ec58-f31439013bcd,1929338154,F06,00000000-0000-0000-0000-000000000000,synthetic,v1,2026-01-20T09:45:00+00:00,,True,2026-01-20T09:46:32.594000+00:00
26,3,1,0.8938,0.0,0,0,2532,0,07870e70-fa57-101b-ec58-f31439013bcd,1929338154,L06,00000000-0000-0000-0000-000000000000,synthetic,v1,2026-01-20T09:45:00+00:00,,True,2026-01-20T09:46:35.126000+00:00
27,2,0,0.5544,2.7,0,0,3092,0,07870e70-fa57-101b-ec58-f31439013bcd,1929338154,A08,00000000-0000-0000-0000-000000000000,synthetic,v1,2026-01-20T09:45:00+00:00,,True,2026-01-20T09:46:38.218000+00:00
28,2,0,0.3514,14.07,0,0,2031,1,07870e70-fa57-101b-ec58-f31439013bcd,1929338154,A10,00000000-0000-0000-0000-000000000000,synthetic,v1,2026-01-20T09:45:00+00:00,,True,2026-01-20T09:46:40.249000+00:00
29,2,0,0.8432,42.58,1,0,5137,0,07870e70-fa57-101b-ec58-f31439013bcd,1929338154,A03,00000000-0000-0000-0000-000000000000,synthetic,v1,2026-01-20T09:45:00+00:00,,True,2026-01-20T09:46:45.386000+00:00
30,3,1,1.0267,0.0,0,0,1559,0,07870e70-fa57-101b-ec58-f31439013bcd,1929338154,L03,00000000-0000-0000-0000-000000000000,synthetic,v1,2026-01-20T09:45:00+00:00,,True,2026-01-20T09:46:46.945000+00:00
1,2,0,0.7577,3.83,0,1,4583,1,b8103846-0b8c-69e5-0050-40f698d10487,27911967,A02,00000000-0000-0000-0000-000000000000,synthetic,v1,2026-01-20T09:50:00+00:00,,True,2026-01-20T09:50:04.583000+00:00
2,1,0,1.14,0.0,1,0,2684,0,b8103846-0b8c-69e5-0050-40f698d10487,27911967,F04,00000000-0000-0000-0000-000000000000,synthetic,v1,2026-01-20T09:50:00+00:00,,True,2026-01-20T09:50:07.267000+00:00
3,3,1,1.1068,0.0,0,0,5677,1,b8103846-0b8c-69e5-0050-40f698d10487,27911967,L03,00000000-0000-0000-0000-000000000000,synthetic,v1,2026-01-20T09:50:00+00:00,,True,2026-01-20T09:50:12.944000+00:00
4,2,0,0.7571,88.51,1,0,4505,1,b8103846-0b8c-69e5-0050-40f698d10487,27911967,A05,00000000-0000-0000-0000-000000000000,synthetic,v1,2026-01-20T09:50:00+00:00,,True,2026-01-20T09:50:17.449000+00:00
5,2,0,0.4004,8.76,1,0,8114,1,b8103846-0b8c-69e5-0050-40f698d10487,27911967,A10,00000000-0000-0000-0000-000000000000,synthetic,v1,2026-01-20T09:50:00+00:00,,True,2026-01-20T09:50:25.563000+00:00
6,2,0,0.7677,51.84,1,0,4455,0,b8103846-0b8c-69e5-0050-40f698d10487,27911967,A01,00000000-0000-0000-0000-000000000000,synthetic,v1,2026-01-20T09:50:00+00:00,,True,2026-01-20T09:50:30.018000+00:00
7,1,0,0.93,0.0,0,0,1255,1,b8103846-0b8c-69e5-0050-40f698d10487,27911967,F03,00000000-0000-0000-0000-000000000000,synthetic,v1,2026-01-20T09:50:00+00:00,,True,2026-01-20T09:50:31.273000+00:00
8,1,1,0.93,0.0,1,0,2873,1,b8103846-0b8c-69e5-0050-40f698d10487,27911967,F02,00000000-0000-0000-0000-000000000000,synthetic,v1,2026-01-20T09:50:00+00:00,,True,2026-01-20T09:50:34.146000+00:00
9,2,0,0.5662,52.63,1,0,1564,0,b8103846-0b8c-69e5-0050-40f698d10487,27911967,A09,00000000-0000-0000-0000-000000000000,synthetic,v1,2026-01-20T09:50:00+00:00,,True,2026-01-20T09:50:35.710000+00:00
10,3,1,0.9657,0.0,0,0,2241,0,b8103846-0b8c-69e5-0050-40f698d10487,27911967,L10,00000000-0000-0000-0000-000000000000,synthetic,v1,2026-01-20T09:50:00+00:00,,True,2026-01-20T09:50:37.951000+00:00
11,1,1,0.92,0.0,0,0,6844,0,b8103846-0b8c-69e5-0050-40f698d10487,27911967,F10,00000000-0000-0000-0000-000000000000,synthetic,v1,2026-01-20T09:50:00+00:00,,True,2026-01-20T09:50:44.795000+00:00
12,3,1,0.9934,0.0,0,0,4232,0,b8103846-0b8c-69e5-0050-40f698d10487,27911967,L06,00000000-0000-0000-0000-000000000000,synthetic,v1,2026-01-20T09:50:00+00:00,,True,2026-01-20T09:50:49.027000+00:00
13,3,1,0.8586,0.0,0,0,2029,1,b8103846-0b8c-69e5-0050-40f698d10487,27911967,L09,00000000-0000-0000-0000-000000000000,synthetic,v1,2026-01-20T09:50:00+00:00,,True,2026-01-20T09:50:51.056000+00:00
14,1,0,1.145,0.0,1,0,1706,0,b8103846-0b8c-69e5-0050-40f698d10487,27911967,F07,00000000-0000-0000-0000-000000000000,synthetic,v1,2026-01-20T09:50:00+00:00,,True,2026-01-20T09:50:52.762000+00:00
15,1,0,0.9333,0.0,0,0,3035,0,b8103846-0b8c-69e5-0050-40f698d10487,27911967,F06,00000000-0000-0000-0000-000000000000,synthetic,v1,2026-01-20T09:50:00+00:00,,True,2026-01-20T09:50:55.797000+00:00
16,3,1,0.9862,0.0,0,0,1526,0,b8103846-0b8c-69e5-0050-40f698d10487,27911967,L07,00000000-0000-0000-0000-000000000000,synthetic,v1,2026-01-20T09:50:00+00:00,,True,2026-01-20T09:50:57.323000+00:00
17,3,1,0.9756,0.0,0,0,2060,1,b8103846-0b8c-69e5-0050-40f698d10487,27911967,L08,00000000-0000-0000-0000-000000000000,synthetic,v1,2026-01-20T09:50:00+00:00,,True,2026-01-20T09:50:59.383000+00:00
18,2,0,0.8859,44.96,1,0,3539,0,b8103846-0b8c-69e5-0050-40f698d10487,27911967,A03,00000000-0000-0000-0000-000000000000,synthetic,v1,2026-01-20T09:50:00+00:00,,True,2026-01-20T09:51:02.922000+00:00
19,2,0,0.6761,3.59,0,0,5627,0,b8103846-0b8c-69e5-0050-40f698d10487,27911967,A08,00000000-0000-0000-0000-000000000000,synthetic,v1,2026-01-20T09:50:00+00:00,,True,2026-01-20T09:51:08.549000+00:00
20,2,0,0.8431,3086.7,0,0,4166,1,b8103846-0b8c-69e5-0050-40f698d10487,27911967,A06,00000000-0000-0000-0000-000000000000,synthetic,v1,2026-01-20T09:50:00+00:00,,True,2026-01-20T09:51:12.715000+00:00
31,1,0,1.0,0.0,0,0,2042,0,b8103846-0b8c-69e5-0050-40f698d10487,27911967,ATTN,00000000-0000-0000-0000-000000000000,synthetic,v1,2026-01-20T09:50:00+00:00,True,True,2026-01-20T09:51:13.438000+00:00
21,2,0,0.5743,7.51,1,0,3101,1,b8103846-0b8c-69e5-0050-40f698d10487,27911967,A07,00000000-0000-0000-0000-000000000000,synthetic,v1,2026-01-20T09:50:00+00:00,,True,2026-01-20T09:51:16.539000+00:00
22,3,1,0.8937,0.0,1,0,3742,1,b8103846-0b8c-69e5-0050-40f698d10487,27911967,L02,00000000-0000-0000-0000-000000000000,synthetic,v1,2026-01-20T09:50:00+00:00,,True,2026-01-20T09:51:20.281000+00:00
23,2,0,0.7059,13.6,1,0,7251,0,b8103846-0b8c-69e5-0050-40f698d10487,27911967,A04,00000000-0000-0000-0000-000000000000,synthetic,v1,2026-01-20T09:50:00+00:00,,True,2026-01-20T09:51:27.532000+00:00
24,1,0,1.05,0.0,0,0,958,0,b8103846-0b8c-69e5-0050-40f698d10487,27911967,F05,00000000-0000-0000-0000-000000000000,synthetic,v1,2026-01-20T09:50:00+00:00,,True,2026-01-20T09:51:28.490000+00:00
25,3,1,0.9107,0.0,0,0,2153,1,b8103846-0b8c-69e5-0050-40f698d10487,27911967,L01,00000000-0000-0000-0000-000000000000,synthetic,v1,2026-01-20T09:50:00+00:00,,True,2026-01-20T09:51:30.643000+00:00
26,1,1,1.0333,0.0,1,0,4125,1,b8103846-0b8c-69e5-0050-40f698d10487,27911967,F08,00000000-0000-0000-0000-000000000000,synthetic,v1,2026-01-20T09:50:00+00:00,,True,2026-01-20T09:51:34.768000+00:00
27,1,1,1.0833,0.0,1,0,1249,0,b8103846-0b8c-69e5-0050-40f698d10487,27911967,F09,00000000-0000-0000-0000-000000000000,synthetic,v1,2026-01-20T09:50:00+00:00,,True,2026-01-20T09:51:36.017000+00:00
28,3,1,1.1649,0.0,0,0,6712,1,b8103846-0b8c-69e5-0050-40f698d10487,27911967,L05,00000000-0000-0000-0000-000000000000,synthetic,v1,2026-01-20T09:50:00+00:00,,True,2026-01-20T09:51:42.729000+00:00
29,3,1,0.9628,0.0,1,0,3650,1,b8103846-0b8c-69e5-0050-40f698d10487,27911967,L04,00000000-0000-0000-0000-000000000000,synthetic,v1,2026-01-20T09:50:00+00:00,,True,2026-01-20T09:51:46.379000+00:00
30,1,1,0.875,0.0,1,0,4748,0,b8103846-0b8c-69e5-0050-40f698d10487,27911967,F01,00000000-0000-0000-0000-000000000000,synthetic,v1,2026-01-20T09:50:00+00:00,,True,2026-01-20T09:51:51.127000+00:00
1,1,1,0.92,0.0,0,1,2177,1,d28f6e0e-ff48-b805-a3fc-dcde110f22df,1815115025,F10,00000000-0000-0000-0000-000000000000,synthetic,v1,2026-01-20T09:55:00+00:00,,True,2026-01-20T09:55:02.177000+00:00
2,1,1,1.105,0.0,1,0,4663,1,d28f6e0e-ff48-b805-a3fc-dcde110f22df,1815115025,F03,00000000-0000-0000-0000-000000000000,synthetic,v1,2026-01-20T09:55:00+00:00,,True,2026-01-20T09:55:06.840000+00:00
3,3,1,0.8791,0.0,1,0,5365,1,d28f6e0e-ff48-b805-a3fc-dcde110f22df,1815115025,L10,00000000-0000-0000-0000-000000000000,synthetic,v1,2026-01-20T09:55:00+00:00,,True,2026-01-20T09:55:12.205000+00:00
4,3,1,0.9521,0.0,1,0,3388,1,d28f6e0e-ff48-b805-a3fc-dcde110f22df,1815115025,L04,00000000-0000-0000-0000-000000000000,synthetic,v1,2026-01-20T09:55:00+00:00,,True,2026-01-20T09:55:15.593000+00:00
5,1,1,1.15,0.0,1,0,3391,1,d28f6e0e-ff48-b805-a3fc-dcde110f22df,1815115025,F01,00000000-0000-0000-0000-000000000000,synthetic,v1,2026-01-20T09:55:00+00:00,,True,2026-01-20T09:55:18.984000+00:00
6,2,0,0.6712,3.45,1,0,3458,0,d28f6e0e-ff48-b805-a3fc-dcde110f22df,1815115025,A02,00000000-0000-0000-0000-000000000000,synthetic,v1,2026-01-20T09:55:00+00:00,,True,2026-01-20T09:55:22.442000+00:00
7,3,1,0.8686,0.0,0,0,1854,1,d28f6e0e-ff48-b805-a3fc-dcde110f22df,1815115025,L03,00000000-0000-0000-0000-000000000000,synthetic,v1,2026-01-20T09:55:00+00:00,,True,2026-01-20T09:55:24.296000+00:00
8,3,1,1.0256,0.0,1,0,2748,1,d28f6e0e-ff48-b805-a3fc-dcde110f22df,1815115025,L08,00000000-0000-0000-0000-000000000000,synthetic,v1,2026-01-20T09:55:00+00:00,,True,2026-01-20T09:55:27.044000+00:00
9,2,0,0.7073,26.9,1,0,2741,1,d28f6e0e-ff48-b805-a3fc-dcde110f22df,1815115025,A05,00000000-0000-0000-0000-000000000000,synthetic,v1,2026-01-20T09:55:00+00:00,,True,2026-01-20T09:55:29.785000+00:00
10,2,0,0.6883,9.3,1,0,3680,1,d28f6e0e-ff48-b805-a3fc-dcde110f22df,1815115025,A08,00000000-0000-0000-0000-000000000000,synthetic,v1,2026-01-20T09:55:00+00:00,,True,2026-01-20T09:55:33.465000+00:00
11,1,0,1.1,0.0,1,0,5166,0,d28f6e0e-ff48-b805-a3fc-dcde110f22df,1815115025,F06,00000000-0000-0000-0000-000000000000,synthetic,v1,2026-01-20T09:55:00+00:00,,True,2026-01-20T09:55:38.631000+00:00
12,2,0,0.5879,190.99,0,0,1665,1,d28f6e0e-ff48-b805-a3fc-dcde110f22df,1815115025,A09,00000000-0000-0000-0000-000000000000,synthetic,v1,2026-01-20T09:55:00+00:00,,True,2026-01-20T09:55:40.296000+00:00
13,3,1,1.0692,0.0,1,0,2782,1,d28f6e0e-ff48-b805-a3fc-dcde110f22df,1815115025,L01,00000000-0000-0000-0000-000000000000,synthetic,v1,2026-01-20T09:55:00+00:00,,True,2026-01-20T09:55:43.078000+00:00
14,2,0,0.7733,76.51,1,0,6733,0,d28f6e0e-ff48-b805-a3fc-dcde110f22df,1815115025,A01,00000000-0000-0000-0000-000000000000,synthetic,v1,2026-01-20T09:55:00+00:00,,True,2026-01-20T09:55:49.811000+00:00
15,2,0,0.8089,66.35,0,0,1980,0,d28f6e0e-ff48-b805-a3fc-dcde110f22df,1815115025,A03,00000000-0000-0000-0000-000000000000,synthetic,v1,2026-01-20T09:55:00+00:00,,True,2026-01-20T09:55:51.791000+00:00
16,2,0,0.5687,2.79,0,0,1896,0,d28f6e0e-ff48-b805-a3fc-dcde110f22df,1815115025,A07,00000000-0000-0000-0000-000000000000,synthetic,v1,2026-01-20T09:55:00+00:00,,True,2026-01-20T09:55:53.687000+00:00
17,1,1,0.955,0.0,0,0,3331,1,d28f6e0e-ff48-b805-a3fc-dcde110f22df,1815115025,F07,00000000-0000-0000-0000-000000000000,synthetic,v1,2026-01-20T09:55:00+00:00,,True,2026-01-20T09:55:57.018000+00:00
18,1,0,1.08,0.0,1,0,4742,1,d28f6e0e-ff48-b805-a3fc-dcde110f22df,1815115025,F05,00000000-0000-0000-0000-000000000000,synthetic,v1,2026-01-20T09:55:00+00:00,,True,2026-01-20T09:56:01.760000+00:00
19,1,0,0.8667,0.0,1,0,2999,0,d28f6e0e-ff48-b805-a3fc-dcde110f22df,1815115025,F08,00000000-0000-0000-0000-000000000000,synthetic,v1,2026-01-20T09:55:00+00:00,,True,2026-01-20T09:56:04.759000+00:00
20,1,0,0.92,0.0,0,0,6191,0,d28f6e0e-ff48-b805-a3fc-dcde110f22df,1815115025,F04,00000000-0000-0000-0000-000000000000,synthetic,v1,2026-01-20T09:55:00+00:00,,True,2026-01-20T09:56:10.950000+00:00
31,1,0,1.0,0.0,0,0,2531,0,d28f6e0e-ff48-b805-a3fc-dcde110f22df,1815115025,ATTN,00000000-0000-0000-0000-000000000000,synthetic,v1,2026-01-20T09:55:00+00:00,True,True,2026-01-20T09:56:13.497000+00:00
21,3,1,1.0147,0.0,0,0,4043,1,d28f6e0e-ff48-b805-a3fc-dcde110f22df,1815115025,L06,00000000-0000-0000-0000-000000000000,synthetic,v1,2026-01-20T09:55:00+00:00,,True,2026-01-20T09:56:17.540000+00:00
22,3,1,0.8681,0.0,1,0,10723,1,d28f6e0e-ff48-b805-a3fc-dcde110f22df,1815115025,L02,00000000-0000-0000-0000-000000000000,synthetic,v1,2026-01-20T09:55:00+00:00,,True,2026-01-20T09:56:28.263000+00:00
23,3,1,0.9111,0.0,1,0,2662,1,d28f6e0e-ff48-b805-a3fc-dcde110f22df,1815115025,L09,00000000-0000-0000-0000-000000000000,synthetic,v1,2026-01-20T09:55:00+00:00,,True,2026-01-20T09:56:30.925000+00:00
24,1,0,0.99,0.0,1,0,990,0,d28f6e0e-ff48-b805-a3fc-dcde110f22df,1815115025,F02,00000000-0000-0000-0000-000000000000,synthetic,v1,2026-01-20T09:55:00+00:00,,True,2026-01-20T09:56:31.915000+00:00
25,2,0,0.4074,14.52,0,0,7203,0,d28f6e0e-ff48-b805-a3fc-dcde110f22df,1815115025,A10,00000000-0000-0000-0000-000000000000,synthetic,v1,2026-01-20T09:55:00+00:00,,True,2026-01-20T09:56:39.118000+00:00
26,2,0,0.7759,5.46,0,0,2317,1,d28f6e0e-ff48-b805-a3fc-dcde110f22df,1815115025,A04,00000000-0000-0000-0000-000000000000,synthetic,v1,2026-01-20T09:55:00+00:00,,True,2026-01-20T09:56:41.435000+00:00
27,3,1,1.0185,0.0,1,0,3163,0,d28f6e0e-ff48-b805-a3fc-dcde110f22df,1815115025,L05,00000000-0000-0000-0000-000000000000,synthetic,v1,2026-01-20T09:55:00+00:00,,True,2026-01-20T09:56:44.598000+00:00
28,3,1,1.0329,0.0,0,0,6125,0,d28f6e0e-ff48-b805-a3fc-dcde110f22df,1815115025,L07,00000000-0000-0000-0000-000000000000,synthetic,v1,2026-01-20T09:55:00+00:00,,True,2026-01-20T09:56:50.723000+00:00
29,2,0,0.7516,2098.88,0,0,1234,0,d28f6e0e-ff48-b805-a3fc-dcde110f22df,1815115025,A06,00000000-0000-0000-0000-000000000000,synthetic,v1,2026-01-20T09:55:00+00:00,,True,2026-01-20T09:56:51.957000+00:00
30,1,1,1.1333,0.0,0,0,1497,1,d28f6e0e-ff48-b805-a3fc-dcde110f22df,1815115025,F09,00000000-0000-0000-0000-000000000000,synthetic,v1,2026-01-20T09:55:00+00:00,,True,2026-01-20T09:56:53.454000+00:00
1,2,0,0.6333,11.67,0,1,1235,0,9e0976b3-79d4-f496-58c2-89fd294088a8,1193448329,A08,00000000-0000-0000-0000-000000000000,synthetic,v1,2026-01-20T10:00:00+00:00,,True,2026-01-20T10:00:01.235000+00:00
2,3,1,0.9275,0.0,0,0,1926,0,9e0976b3-79d4-f496-58c2-89fd294088a8,1193448329,L01,00000000-0000-0000-0000-000000000000,synthetic,v1,2026-01-20T10:00:00+00:00,,True,2026-01-20T10:00:03.161000+00:00
3,2,0,0.8695,37.62,0,0,3796,1,9e0976b3-79d4-f496-58c2-89fd294088a8,1193448329,A03,00000000-0000-0000-0000-000000000000,synthetic,v1,2026-01-20T10:00:00+00:00,,True,2026-01-20T10:00:06.957000+00:00
4,2,0,0.9672,1453.32,1,0,3977,0,9e0976b3-79d4-f496-58c2-89fd294088a8,1193448329,A06,00000000-0000-0000-0000-000000000000,synthetic,v1,2026-01-20T10:00:00+00:00,,True,2026-01-20T10:00:10.934000+00:00
5,3,1,1.0562,0.0,0,0,3470,0,9e0976b3-79d4-f496-58c2-89fd294088a8,1193448329,L06,00000000-0000-0000-0000-000000000000,synthetic,v1,2026-01-20T10:00:00+00:00,,True,2026-01-20T10:00:14.404000+00:00
6,1,1,0.9167,0.0,0,0,1370,1,9e0976b3-79d4-f496-58c2-89fd294088a8,1193448329,F09,00000000-0000-0000-0000-000000000000,synthetic,v1,2026-01-20T10:00:00+00:00,,True,2026-01-20T10:00:15.774000+00:00
7,3,1,1.0797,0.0,1,0,836,0,9e0976b3-79d4-f496-58c2-89fd294088a8,1193448329,L07,00000000-0000-0000-0000-000000000000,synthetic,v1,2026-01-20T10:00:00+00:00,,True,2026-01-20T10:00:16.610000+00:00
8,3,1,0.9,0.0,0,0,3071,1,9e0976b3-79d4-f496-58c2-89fd294088a8,1193448329,L08,00000000-0000-0000-0000-000000000000,synthetic,v1,2026-01-20T10:00:00+00:00,,True,2026-01-20T10:00:19.681000+00:00
9,1,0,1.1111,0.0,1,0,2299,0,9e0976b3-79d4-f496-58c2-89fd294088a8,1193448329,F06,00000000-0000-0000-0000-000000000000,synthetic,v1,2026-01-20T10:00:00+00:00,,True,2026-01-20T10:00:21.980000+00:00
10,2,0,0.6771,18.36,0,0,3837,1,9e0976b3-79d4-f496-58c2-89fd294088a8,1193448329,A04,00000000-0000-0000-0000-000000000000,synthetic,v1,2026-01-20T10:00:00+00:00,,True,2026-01-20T10:00:25.817000+00:00
11,1,0,0.905,0.0,1,0,4385,0,9e0976b3-79d4-f496-58c2-89fd294088a8,1193448329,F07,00000000-0000-0000-0000-000000000000,synthetic,v1,2026-01-20T10:00:00+00:00,,True,2026-01-20T10:00:30.202000+00:00
12,3,1,0.996,0.0,0,0,3216,0,9e0976b3-79d4-f496-58c2-89fd294088a8,1193448329,L02,00000000-0000-0000-0000-000000000000,synthetic,v1,2026-01-20T10:00:00+00:00,,True,2026-01-20T10:00:33.418000+00:00
13,1,1,0.89,0.0,0,0,4528,0,9e0976b3-79d4-f496-58c2-89fd294088a8,1193448329,F03,00000000-0000-0000-0000-000000000000,synthetic,v1,2026-01-20T10:00:00+00:00,,True,2026-01-20T10:00:37.946000+00:00
14,1,0,0.895,0.0,0,0,3381,0,9e0976b3-79d4-f496-58c2-89fd294088a8,1193448329,F01,00000000-0000-0000-0000-000000000000,synthetic,v1,2026-01-20T10:00:00+00:00,,True,2026-01-20T10:00:41.327000+00:00
15,2,0,0.7776,58.49,0,0,3989,0,9e0976b3-79d4-f496-58c2-89fd294088a8,1193448329,A05,00000000-0000-0000-0000-000000000000,synthetic,v1,2026-01-20T10:00:00+00:00,,True,2026-01-20T10:00:45.316000+00:00
16,2,0,0.379,14.7,0,0,2023,0,9e0976b3-79d4-f496-58c2-89fd294088a8,1193448329,A10,00000000-0000-0000-0000-000000000000,synthetic,v1,2026-01-20T10:00:00+00:00,,True,2026-01-20T10:00:47.339000+00:00
17,2,0,0.528,8.37,0,0,2700,0,9e0976b3-79d4-f496-58c2-89fd294088a8,1193448329,A07,00000000-0000-0000-0000-000000000000,synthetic,v1,2026-01-20T10:00:00+00:00,,True,2026-01-20T10:00:50.039000+00:00
18,2,0,0.6429,56.63,0,0,3321,0,9e0976b3-79d4-f496-58c2-89fd294088a8,1193448329,A01,00000000-0000-0000-0000-000000000000,synthetic,v1,2026-01-20T10:00:00+00:00,,True,2026-01-20T10:00:53.360000+00:00
19,3,1,0.9598,0.0,0,0,4681,0,9e0976b3-79d4-f496-58c2-89fd294088a8,1193448329,L05,00000000-0000-0000-0000-000000000000,synthetic,v1,2026-01-20T10:00:00+00:00,,True,2026-01-20T10:00:58.041000+00:00
20,1,1,0.99,0.0,0,0,2400,1,9e0976b3-79d4-f496-58c2-89fd294088a8,1193448329,F04,00000000-0000-0000-0000-000000000000,synthetic,v1,2026-01-20T10:00:00+00:00,,True,2026-01-20T10:01:00.441000+00:00
31,1,0,1.0,0.0,0,0,1625,0,9e0976b3-79d4-f496-58c2-89fd294088a8,1193448329,ATTN,00000000-0000-0000-0000-000000000000,synthetic,v1,2026-01-20T10:00:00+00:00,True,True,2026-01-20T10:01:02.668000+00:00
21,1,1,1.0833,0.0,1,0,2794,0,9e0976b3-79d4-f496-58c2-89fd294088a8,1193448329,F08,00000000-0000-0000-0000-000000000000,synthetic,v1,2026-01-20T10:00:00+00:00,,True,2026-01-20T10:01:05.462000+00:00
22,3,1,1.0327,0.0,0,0,4704,0,9e0976b3-79d4-f496-58c2-89fd294088a8,1193448329,L03,00000000-0000-0000-0000-000000000000,synthetic,v1,2026-01-20T10:00:00+00:00,,True,2026-01-20T10:01:10.166000+00:00
23,3,1,0.8758,0.0,0,0,996,1,9e0976b3-79d4-f496-58c2-89fd294088a8,1193448329,L10,00000000-0000-0000-0000-000000000000,synthetic,v1,2026-01-20T10:00:00+00:00,,True,2026-01-20T10:01:11.162000+00:00
24,3,1,0.9389,0.0,1,0,1461,1,9e0976b3-79d4-f496-58c2-89fd294088a8,1193448329,L04,00000000-0000-0000-0000-000000000000,synthetic,v1,2026-01-20T10:00:00+00:00,,True,2026-01-20T10:01:12.623000+00:00
25,2,0,0.7664,1.74,1,0,1319,0,9e0976b3-79d4-f496-58c2-89fd294088a8,1193448329,A02,00000000-0000-0000-0000-000000000000,synthetic,v1,2026-01-20T10:00:00+00:00,,True,2026-01-20T10:01:13.942000+00:00
26,2,0,0.5459,140.78,0,0,825,1,9e0976b3-79d4-f496-58c2-89fd294088a8,1193448329,A09,00000000-0000-0000-0000-000000000000,synthetic,v1,2026-01-20T10:00:00+00:00,,True,2026-01-20T10:01:14.767000+00:00
27,1,0,1.14,0.0,1,0,2052,1,9e0976b3-79d4-f496-58c2-89fd294088a8,1193448329,F10,00000000-0000-0000-0000-000000000000,synthetic,v1,2026-01-20T10:00:00+00:00,,True,2026-01-20T10:01:16.819000+00:00
28,3,1,0.9019,0.0,1,0,4501,1,9e0976b3-79d4-f496-58c2-89fd294088a8,1193448329,L09,00000000-0000-0000-0000-000000000000,synthetic,v1,2026-01-20T10:00:00+00:00,,True,2026-01-20T10:01:21.320000+00:00
29,1,1,1.0567,0.0,1,0,2548,1,9e0976b3-79d4-f496-58c2-89fd294088a8,1193448329,F05,00000000-0000-0000-0000-000000000000,synthetic,v1,2026-01-20T10:00:00+00:00,,True,2026-01-20T10:01:23.868000+00:00
30,1,0,1.06,0.0,1,0,3323,0,9e0976b3-79d4-f496-58c2-89fd294088a8,1193448329,F02,00000000-0000-0000-0000-000000000000,synthetic,v1,2026-01-20T10:00:00+00:00,,True,2026-01-20T10:01:27.191000+00:00
1,3,1,1.1014,0.0,0,1,5426,1,c185d785-7836-88ae-41be-c6ab38508590,924765563,L01,00000000-0000-0000-0000-000000000000,synthetic,v1,2026-01-20T10:05:00+00:00,,True,2026-01-20T10:05:05.426000+00:00
2,2,0,0.9748,1363.34,1,0,6187,0,c185d785-7836-88ae-41be-c6ab38508590,924765563,A06,00000000-0000-0000-0000-000000000000,synthetic,v1,2026-01-20T10:05:00+00:00,,True,2026-01-20T10:05:11.613000+00:00
3,2,0,0.7248,56.16,0,0,2869,1,c185d785-7836-88ae-41be-c6ab38508590,924765563,A03,00000000-0000-0000-0000-000000000000,synthetic,v1,2026-01-20T10:05:00+00:00,,True,2026-01-20T10:05:14.482000+00:00
4,1,1,0.88,0.0,1,0,6275,1,c185d785-7836-88ae-41be-c6ab38508590,924765563,F07,00000000-0000-0000-0000-000000000000,synthetic,v1,2026-01-20T10:05:00+00:00,,True,2026-01-20T10:05:20.757000+00:00
5,3,1,0.95,0.0,1,0,3135,0,c185d785-7836-88ae-41be-c6ab38508590,924765563,L08,00000000-0000-0000-0000-000000000000,synthetic,v1,2026-01-20T10:05:00+00:00,,True,2026-01-20T10:05:23.892000+00:00
6,3,1,1.1458,0.0,0,0,1880,1,c185d785-7836-88ae-41be-c6ab38508590,924765563,L05,00000000-0000-0000-0000-000000000000,synthetic,v1,2026-01-20T10:05:00+00:00,,True,2026-01-20T10:05:25.772000+00:00
7,1,1,0.9,0.0,1,0,2149,1,c185d785-7836-88ae-41be-c6ab38508590,924765563,F02,00000000-0000-0000-0000-000000000000,synthetic,v1,2026-01-20T10:05:00+00:00,,True,2026-01-20T10:05:27.921000+00:00
8,1,0,1.12,0.0,1,0,1320,0,c185d785-7836-88ae-41be-c6ab38508590,924765563,F03,00000000-0000-0000-0000-000000000000,synthetic,v1,2026-01-20T10:05:00+00:00,,True,2026-01-20T10:05:29.241000+00:00
9,3,1,1.0652,0.0,0,0,1829,1,c185d785-7836-88ae-41be-c6ab38508590,924765563,L07,00000000-0000-0000-0000-000000000000,synthetic,v1,2026-01-20T10:05:00+00:00,,True,2026-01-20T10:05:31.070000+00:00
10,1,0,0.91,0.0,1,0,2448,0,c185d785-7836-88ae-41be-c6ab38508590,924765563,F05,00000000-0000-0000-0000-000000000000,synthetic,v1,2026-01-20T10:05:00+00:00,,True,2026-01-20T10:05:33.518000+00:00
11,2,0,0.456,7.77,0,0,4637,0,c185d785-7836-88ae-41be-c6ab38508590,924765563,A10,00000000-0000-0000-0000-000000000000,synthetic,v1,2026-01-20T10:05:00+00:00,,True,2026-01-20T10:05:38.155000+00:00
12,2,0,0.711,63.26,0,0,7680,1,c185d785-7836-88ae-41be-c6ab38508590,924765563,A01,00000000-0000-0000-0000-000000000000,synthetic,v1,2026-01-20T10:05:00+00:00,,True,2026-01-20T10:05:45.835000+00:00
13,2,0,0.5671,81.73,1,0,1393,1,c185d785-7836-88ae-41be-c6ab38508590,924765563,A09,00000000-0000-0000-0000-000000000000,synthetic,v1,2026-01-20T10:05:00+00:00,,True,2026-01-20T10:05:47.228000+00:00
14,2,0,0.6776,4.56,1,0,3699,1,c185d785-7836-88ae-41be-c6ab38508590,924765563,A02,00000000-0000-0000-0000-000000000000,synthetic,v1,2026-01-20T10:05:00+00:00,,True,2026-01-20T10:05:50.927000+00:00
15,2,0,0.7332,77.02,1,0,1681,0,c185d785-7836-88ae-41be-c6ab38508590,924765563,A05,00000000-0000-0000-0000-000000000000,synthetic,v1,2026-01-20T10:05:00+00:00,,True,2026-01-20T10:05:52.608000+00:00
16,1,1,0.9,0.0,0,0,3870,1,c185d785-7836-88ae-41be-c6ab38508590,924765563,F08,00000000-0000-0000-0000-000000000000,synthetic,v1,2026-01-20T10:05:00+00:00,,True,2026-01-20T10:05:56.478000+00:00
17,1,0,0.92,0.0,1,0,2773,1,c185d785-7836-88ae-41be-c6ab38508590,924765563,F04,00000000-0000-0000-0000-000000000000,synthetic,v1,2026-01-20T10:05:00+00:00,,True,2026-01-20T10:05:59.251000+00:00
18,1,1,0.85,0.0,1,0,1088,1,c185d785-7836-88ae-41be-c6ab38508590,924765563,F01,00000000-0000-0000-0000-000000000000,synthetic,v1,2026-01-20T10:05:00+00:00,,True,2026-01-20T10:06:00.339000+00:00
19,3,1,0.981,0.0,1,0,4966,1,c185d785-7836-88ae-41be-c6ab38508590,924765563,L04,00000000-0000-0000-0000-000000000000,synthetic,v1,2026-01-20T10:05:00+00:00,,True,2026-01-20T10:06:05.305000+00:00
20,2,0,0.7079,7.88,1,0,2137,0,c185d785-7836-88ae-41be-c6ab38508590,924765563,A04,00000000-0000-0000-0000-000000000000,synthetic,v1,2026-01-20T10:05:00+00:00,,True,2026-01-20T10:06:07.442000+00:00
31,1,0,1.0,0.0,0,0,1178,0,c185d785-7836-88ae-41be-c6ab38508590,924765563,ATTN,00000000-0000-0000-0000-000000000000,synthetic,v1,2026-01-20T10:05:00+00:00,True,True,2026-01-20T10:06:08.902000+00:00
21,2,0,0.7706,7.47,0,0,2080,1,c185d785-7836-88ae-41be-c6ab38508590,924765563,A08,00000000-0000-0000-0000-000000000000,synthetic,v1,2026-01-20T10:05:00+00:00,,True,2026-01-20T10:06:10.982000+00:00
22,3,1,0.9088,0.0,1,0,3771,1,c185d785-7836-88ae-41be-c6ab38508590,924765563,L10,00000000-0000-0000-0000-000000000000,synthetic,v1,2026-01-20T10:05:00+00:00,,True,2026-01-20T10:06:14.753000+00:00
23,3,1,1.0369,0.0,1,0,2686,0,c185d785-7836-88ae-41be-c6ab38508590,924765563,L09,00000000-0000-0000-0000-000000000000,synthetic,v1,2026-01-20T10:05:00+00:00,,True,2026-01-20T10:06:17.439000+00:00
24,3,1,1.1555,0.0,0,0,3571,1,c185d785-7836-88ae-41be-c6ab38508590,924765563,L02,00000000-0000-0000-0000-000000000000,synthetic,v1,2026-01-20T10:05:00+00:00,,True,2026-01-20T10:06:21.010000+00:00
25,3,1,1.0084,0.0,1,0,3637,1,c185d785-7836-88ae-41be-c6ab38508590,924765563,L06,00000000-0000-0000-0000-000000000000,synthetic,v1,2026-01-20T10:05:00+00:00,,True,2026-01-20T10:06:24.647000+00:00
26,1,1,0.9,0.0,1,0,6163,1,c185d785-7836-88ae-41be-c6ab38508590,924765563,F10,00000000-0000-0000-0000-000000000000,synthetic,v1,2026-01-20T10:05:00+00:00,,True,2026-01-20T10:06:30.810000+00:00
27,2,0,0.5654,9.46,1,0,2468,1,c185d785-7836-88ae-41be-c6ab38508590,924765563,A07,00000000-0000-0000-0000-000000000000,synthetic,v1,2026-01-20T10:05:00+00:00,,True,2026-01-20T10:06:33.278000+00:00
28,1,0,0.8556,0.0,1,0,1323,1,c185d785-7836-88ae-41be-c6ab38508590,924765563,F06,00000000-0000-0000-0000-000000000000,synthetic,v1,2026-01-20T10:05:00+00:00,,True,2026-01-20T10:06:34.601000+00:00
29,3,1,1.0264,0.0,1,0,5361,0,c185d785-7836-88ae-41be-c6ab38508590,924765563,L03,00000000-0000-0000-0000-000000000000,synthetic,v1,2026-01-20T10:05:00+00:00,,True,2026-01-20T10:06:39.962000+00:00
30,1,0,0.8667,0.0,0,0,2484,1,c185d785-7836-88ae-41be-c6ab38508590,924765563,F09,00000000-0000-0000-0000-000000000000,synthetic,v1,2026-01-20T10:05:00+00:00,,True,2026-01-20T10:06:42.446000+00:00
1,2,0,0.6613,1.85,0,1,5502,0,41bc5988-0890-45bc-dae1-8703ca8ca50d,438989805,A02,00000000-0000-0000-0000-000000000000,synthetic,v1,2026-01-20T10:10:00+00:00,,True,2026-01-20T10:10:05.502000+00:00
2,3,1,0.888,0.0,0,0,3680,1,41bc5988-0890-45bc-dae1-8703ca8ca50d,438989805,L02,00000000-0000-0000-0000-000000000000,synthetic,v1,2026-01-20T10:10:00+00:00,,True,2026-01-20T10:10:09.182000+00:00
3,2,0,0.9168,1234.58,1,0,2773,0,41bc5988-0890-45bc-dae1-8703ca8ca50d,438989805,A06,00000000-0000-0000-0000-000000000000,synthetic,v1,2026-01-20T10:10:00+00:00,,True,2026-01-20T10:10:11.955000+00:00
4,3,1,1.1127,0.0,0,0,3611,1,41bc5988-0890-45bc-dae1-8703ca8ca50d,438989805,L05,00000000-0000-0000-0000-000000000000,synthetic,v1,2026-01-20T10:10:00+00:00,,True,2026-01-20T10:10:15.566000+00:00
5,1,1,1.0833,0.0,1,0,8717,1,41bc5988-0890-45bc-dae1-8703ca8ca50d,438989805,F08,00000000-0000-0000-0000-000000000000,synthetic,v1,2026-01-20T10:10:00+00:00,,True,2026-01-20T10:10:24.283000+00:00
6,3,1,1.0411,0.0,1,0,9342,0,41bc5988-0890-45bc-dae1-8703ca8ca50d,438989805,L04,00000000-0000-0000-0000-000000000000,synthetic,v1,2026-01-20T10:10:00+00:00,,True,2026-01-20T10:10:33.625000+00:00
7,2,0,0.3976,8.46,0,0,3096,1,41bc5988-0890-45bc-dae1-8703ca8ca50d,438989805,A10,00000000-0000-0000-0000-000000000000,synthetic,v1,2026-01-20T10:10:00+00:00,,True,2026-01-20T10:10:36.721000+00:00
8,1,0,0.99,0.0,1,0,3255,0,41bc5988-0890-45bc-dae1-8703ca8ca50d,438989805,F01,00000000-0000-0000-0000-000000000000,synthetic,v1,2026-01-20T10:10:00+00:00,,True,2026-01-20T10:10:39.976000+00:00
9,2,0,0.6822,15.52,0,0,5388,0,41bc5988-0890-45bc-dae1-8703ca8ca50d,438989805,A04,00000000-0000-0000-0000-000000000000,synthetic,v1,2026-01-20T10:10:00+00:00,,True,2026-01-20T10:10:45.364000+00:00
10,2,0,0.516,145.19,0,0,1872,1,41bc5988-0890-45bc-dae1-8703ca8ca50d,438989805,A09,00000000-0000-0000-0000-000000000000,synthetic,v1,2026-01-20T10:10:00+00:00,,True,2026-01-20T10:10:47.236000+00:00
11,2,0,0.747,90.38,1,0,3580,1,41bc5988-0890-45bc-dae1-8703ca8ca50d,438989805,A05,00000000-0000-0000-0000-000000000000,synthetic,v1,2026-01-20T10:10:00+00:00,,True,2026-01-20T10:10:50.816000+00:00
12,1,1,0.9833,0.0,1,0,2938,0,41bc5988-0890-45bc-dae1-8703ca8ca50d,438989805,F09,00000000-0000-0000-0000-000000000000,synthetic,v1,2026-01-20T10:10:00+00:00,,True,2026-01-20T10:10:53.754000+00:00
13,3,1,0.8907,0.0,0,0,3542,1,41bc5988-0890-45bc-dae1-8703ca8ca50d,438989805,L09,00000000-0000-0000-0000-000000000000,synthetic,v1,2026-01-20T10:10:00+00:00,,True,2026-01-20T10:10:57.296000+00:00
14,1,0,1.03,0.0,1,0,1884,0,41bc5988-0890-45bc-dae1-8703ca8ca50d,438989805,F04,00000000-0000-0000-0000-000000000000,synthetic,v1,2026-01-20T10:10:00+00:00,,True,2026-01-20T10:10:59.180000+00:00
15,3,1,0.9185,0.0,0,0,1243,0,41bc5988-0890-45bc-dae1-8703ca8ca50d,438989805,L10,00000000-0000-0000-0000-000000000000,synthetic,v1,2026-01-20T10:10:00+00:00,,True,2026-01-20T10:11:00.423000+00:00
16,1,1,0.91,0.0,0,0,953,0,41bc5988-0890-45bc-dae1-8703ca8ca50d,438989805,F07,00000000-0000-0000-0000-000000000000,synthetic,v1,2026-01-20T10:10:00+00:00,,True,2026-01-20T10:11:01.376000+00:00
17,1,1,0.9067,0.0,0,0,1612,1,41bc5988-0890-45bc-dae1-8703ca8ca50d,438989805,F05,00000000-0000-0000-0000-000000000000,synthetic,v1,2026-01-20T10:10:00+00:00,,True,2026-01-20T10:11:02.988000+00:00
18,2,0,0.7054,7.38,1,0,2316,0,41bc5988-0890-45bc-dae1-8703ca8ca50d,438989805,A08,00000000-0000-0000-0000-000000000000,synthetic,v1,2026-01-20T10:10:00+00:00,,True,2026-01-20T10:11:05.304000+00:00
19,1,1,1.05,0.0,0,0,2537,1,41bc5988-0890-45bc-dae1-8703ca8ca50d,438989805,F02,00000000-0000-0000-0000-000000000000,synthetic,v1,2026-01-20T10:10:00+00:00,,True,2026-01-20T10:11:07.841000+00:00
20,3,1,1.1324,0.0,1,0,8651,0,41bc5988-0890-45bc-dae1-8703ca8ca50d,438989805,L01,00000000-0000-0000-0000-000000000000,synthetic,v1,2026-01-20T10:10:00+00:00,,True,2026-01-20T10:11:16.492000+00:00
31,1,0,1.0,0.0,0,0,1230,0,41bc5988-0890-45bc-dae1-8703ca8ca50d,438989805,ATTN,00000000-0000-0000-0000-000000000000,synthetic,v1,2026-01-20T10:10:00+00:00,True,True,2026-01-20T10:11:19.306000+00:00
21,1,0,1.06,0.0,0,0,3609,0,41bc5988-0890-45bc-dae1-8703ca8ca50d,438989805,F10,00000000-0000-0000-0000-000000000000,synthetic,v1,2026-01-20T10:10:00+00:00,,True,2026-01-20T10:11:22.915000+00:00
22,1,0,1.05,0.0,0,0,2382,0,41bc5988-0890-45bc-dae1-8703ca8ca50d,438989805,F06,00000000-0000-0000-0000-000000000000,synthetic,v1,2026-01-20T10:10:00+00:00,,True,2026-01-20T10:11:25.297000+00:00
23,3,1,0.8778,0.0,0,0,2549,0,41bc5988-0890-45bc-dae1-8703ca8ca50d,438989805,L07,00000000-0000-0000-0000-000000000000,synthetic,v1,2026-01-20T10:10:00+00:00,,True,2026-01-20T10:11:27.846000+00:00
24,2,0,0.6169,2.26,0,0,3300,0,41bc5988-0890-45bc-dae1-8703ca8ca50d,438989805,A07,00000000-0000-0000-0000-000000000000,synthetic,v1,2026-01-20T10:10:00+00:00,,True,2026-01-20T10:11:31.146000+00:00
25,2,0,0.6677,69.51,0,0,4190,1,41bc5988-0890-45bc-dae1-8703ca8ca50d,438989805,A01,00000000-0000-0000-0000-000000000000,synthetic,v1,2026-01-20T10:10:00+00:00,,True,2026-01-20T10:11:35.336000+00:00
26,3,1,1.0088,0.0,1,0,2473,0,41bc5988-0890-45bc-dae1-8703ca8ca50d,438989805,L03,00000000-0000-0000-0000-000000000000,synthetic,v1,2026-01-20T10:10:00+00:00,,True,2026-01-20T10:11:37.809000+00:00
27,3,1,1.0345,0.0,0,0,5351,0,41bc5988-0890-45bc-dae1-8703ca8ca50d,438989805,L08,00000000-0000-0000-0000-000000000000,synthetic,v1,2026-01-20T10:10:00+00:00,,True,2026-01-20T10:11:43.160000+00:00
28,2,0,0.8824,98.16,0,0,1590,1,41bc5988-0890-45bc-dae1-8703ca8ca50d,438989805,A03,00000000-0000-0000-0000-000000000000,synthetic,v1,2026-01-20T10:10:00+00:00,,True,2026-01-20T10:11:44.750000+00:00
29,1,0,1.04,0.0,1,0,2991,1,41bc5988-0890-45bc-dae1-8703ca8ca50d,438989805,F03,00000000-0000-0000-0000-000000000000,synthetic,v1,2026-01-20T10:10:00+00:00,,True,2026-01-20T10:11:47.741000+00:00
30,3,1,1.1093,0.0,1,0,12440,0,41bc5988-0890-45bc-dae1-8703ca8ca50d,438989805,L06,00000000-0000-0000-0000-000000000000,synthetic,v1,2026-01-20T10:10:00+00:00,,True,2026-01-20T10:12:00.181000+00:00
1,3,1,0.907,0.0,0,1,3370,1,b184fd28-da1b-2b49-e359-394e8e55a04d,1631775357,L05,00000000-0000-0000-0000-000000000000,synthetic,v1,2026-01-20T10:15:00+00:00,,True,2026-01-20T10:15:03.370000+00:00
2,3,1,1.1616,0.0,1,0,6556,1,b184fd28-da1b-2b49-e359-394e8e55a04d,1631775357,L06,00000000-0000-0000-0000-000000000000,synthetic,v1,2026-01-20T10:15:00+00:00,,True,2026-01-20T10:15:09.926000+00:00
3,1,1,0.915,0.0,1,0,3134,0,b184fd28-da1b-2b49-e359-394e8e55a04d,1631775357,F01,00000000-0000-0000-0000-000000000000,synthetic,v1,2026-01-20T10:15:00+00:00,,True,2026-01-20T10:15:13.060000+00:00
4,2,0,0.4446,13.97,0,0,4102,1,b184fd28-da1b-2b49-e359-394e8e55a04d,1631775357,A10,00000000-0000-0000-0000-000000000000,synthetic,v1,2026-01-20T10:15:00+00:00,,True,2026-01-20T10:15:17.162000+00:00
5,2,0,0.7482,69.49,1,0,2889,0,b184fd28-da1b-2b49-e359-394e8e55a04d,1631775357,A03,00000000-0000-0000-0000-000000000000,synthetic,v1,2026-01-20T10:15:00+00:00,,True,2026-01-20T10:15:20.051000+00:00
6,2,0,0.7695,74.29,0,0,2714,0,b184fd28-da1b-2b49-e359-394e8e55a04d,1631775357,A05,00000000-0000-0000-0000-000000000000,synthetic,v1,2026-01-20T10:15:00+00:00,,True,2026-01-20T10:15:22.765000+00:00
7,1,1,1.14,0.0,0,0,1941,1,b184fd28-da1b-2b49-e359-394e8e55a04d,1631775357,F07,00000000-0000-0000-0000-000000000000,synthetic,v1,2026-01-20T10:15:00+00:00,,True,2026-01-20T10:15:24.706000+00:00
8,2,0,0.7075,4.84,1,0,3776,1,b184fd28-da1b-2b49-e359-394e8e55a04d,1631775357,A02,00000000-0000-0000-0000-000000000000,synthetic,v1,2026-01-20T10:15:00+00:00,,True,2026-01-20T10:15:28.482000+00:00
9,2,0,0.7338,84.43,1,0,1866,1,b184fd28-da1b-2b49-e359-394e8e55a04d,1631775357,A01,00000000-0000-0000-0000-000000000000,synthetic,v1,2026-01-20T10:15:00+00:00,,True,2026-01-20T10:15:30.348000+00:00
10,2,0,0.7299,3.26,1,0,4298,1,b184fd28-da1b-2b49-e359-394e8e55a04d,1631775357,A04,00000000-0000-0000-0000-000000000000,synthetic,v1,2026-01-20T10:15:00+00:00,,True,2026-01-20T10:15:34.646000+00:00
11,1,0,1.04,0.0,1,0,5414,0,b184fd28-da1b-2b49-e359-394e8e55a04d,1631775357,F10,00000000-0000-0000-0000-000000000000,synthetic,v1,2026-01-20T10:15:00+00:00,,True,2026-01-20T10:15:40.060000+00:00
12,3,1,0.9466,0.0,0,0,3646,1,b184fd28-da1b-2b49-e359-394e8e55a04d,1631775357,L07,00000000-0000-0000-0000-000000000000,synthetic,v1,2026-01-20T10:15:00+00:00,,True,2026-01-20T10:15:43.706000+00:00
13,3,1,0.9219,0.0,1,0,2546,1,b184fd28-da1b-2b49-e359-394e8e55a04d,1631775357,L02,00000000-0000-0000-0000-000000000000,synthetic,v1,2026-01-20T10:15:00+00:00,,True,2026-01-20T10:15:46.252000+00:00
14,1,1,0.97,0.0,1,0,3826,1,b184fd28-da1b-2b49-e359-394e8e55a04d,1631775357,F02,00000000-0000-0000-0000-000000000000,synthetic,v1,2026-01-20T10:15:00+00:00,,True,2026-01-20T10:15:50.078000+00:00
15,1,0,1.1,0.0,1,0,2515,0,b184fd28-da1b-2b49-e359-394e8e55a04d,1631775357,F06,00000000-0000-0000-0000-000000000000,synthetic,v1,2026-01-20T10:15:00+00:00,,True,2026-01-20T10:15:52.593000+00:00
16,1,0,1.0833,0.0,0,0,4986,0,b184fd28-da1b-2b49-e359-394e8e55a04d,1631775357,F08,00000000-0000-0000-0000-000000000000,synthetic,v1,2026-01-20T10:15:00+00:00,,True,2026-01-20T10:15:57.579000+00:00
17,1,1,1.035,0.0,0,0,1088,1,b184fd28-da1b-2b49-e359-394e8e55a04d,1631775357,F03,00000000-0000-0000-0000-000000000000,synthetic,v1,2026-01-20T10:15:00+00:00,,True,2026-01-20T10:15:58.667000+00:00
18,3,1,0.9987,0.0,1,0,2478,1,b184fd28-da1b-2b49-e359-394e8e55a04d,1631775357,L01,00000000-0000-0000-0000-000000000000,synthetic,v1,2026-01-20T10:15:00+00:00,,True,2026-01-20T10:16:01.145000+00:00
19,2,0,0.8039,3250.74,1,0,997,1,b184fd28-da1b-2b49-e359-394e8e55a04d,1631775357,A06,00000000-0000-0000-0000-000000000000,synthetic,v1,2026-01-20T10:15:00+00:00,,True,2026-01-20T10:16:02.142000+00:00
20,3,1,1.05,0.0,1,0,1309,1,b184fd28-da1b-2b49-e359-394e8e55a04d,1631775357,L08,00000000-0000-0000-0000-000000000000,synthetic,v1,2026-01-20T10:15:00+00:00,,True,2026-01-20T10:16:03.451000+00:00
31,1,0,1.0,0.0,0,0,2586,0,b184fd28-da1b-2b49-e359-394e8e55a04d,1631775357,ATTN,00000000-0000-0000-0000-000000000000,synthetic,v1,2026-01-20T10:15:00+00:00,True,True,2026-01-20T10:16:06.570000+00:00
21,2,0,0.5878,13.04,1,0,2006,1,b184fd28-da1b-2b49-e359-394e8e55a04d,1631775357,A07,00000000-0000-0000-0000-000000000000,synthetic,v1,2026-01-20T10:15:00+00:00,,True,2026-01-20T10:16:08.576000+00:00
22,3,1,0.9333,0.0,1,0,1304,1,b184fd28-da1b-2b49-e359-394e8e55a04d,1631775357,L03,00000000-0000-0000-0000-000000000000,synthetic,v1,2026-01-20T10:15:00+00:00,,True,2026-01-20T10:16:09.880000+00:00
23,3,1,0.9337,0.0,1,0,583,0,b184fd28-da1b-2b49-e359-394e8e55a04d,1631775357,L10,00000000-0000-0000-0000-000000000000,synthetic,v1,2026-01-20T10:15:00+00:00,,True,2026-01-20T10:16:10.463000+00:00
24,1,0,1.03,0.0,0,0,2210,0,b184fd28-da1b-2b49-e359-394e8e55a04d,1631775357,F04,00000000-0000-0000-0000-000000000000,synthetic,v1,2026-01-20T10:15:00+00:00,,True,2026-01-20T10:16:12.673000+00:00
25,3,1,1.079,0.0,0,0,11284,0,b184fd28-da1b-2b49-e359-394e8e55a04d,1631775357,L04,00000000-0000-0000-0000-000000000000,synthetic,v1,2026-01-20T10:15:00+00:00,,True,2026-01-20T10:16:23.957000+00:00
26,1,1,1.15,0.0,0,0,3786,0,b184fd28-da1b-2b49-e359-394e8e55a04d,1631775357,F09,00000000-0000-0000-0000-000000000000,synthetic,v1,2026-01-20T10:15:00+00:00,,True,2026-01-20T10:16:27.743000+00:00
27,2,0,0.5645,199.23,0,0,2191,1,b184fd28-da1b-2b49-e359-394e8e55a04d,1631775357,A09,00000000-0000-0000-0000-000000000000,synthetic,v1,2026-01-20T10:15:00+00:00,,True,2026-01-20T10:16:29.934000+00:00
28,2,0,0.6408,9.02,1,0,3849,1,b184fd28-da1b-2b49-e359-394e8e55a04d,1631775357,A08,00000000-0000-0000-0000-000000000000,synthetic,v1,2026-01-20T10:15:00+00:00,,True,2026-01-20T10:16:33.783000+00:00
29,1,0,0.8567,0.0,1,0,1263,0,b184fd28-da1b-2b49-e359-394e8e55a04d,1631775357,F05,00000000-0000-0000-0000-000000000000,synthetic,v1,2026-01-20T10:15:00+00:00,,True,2026-01-20T10:16:35.046000+00:00
30,3,1,0.911,0.0,0,0,2531,1,b184fd28-da1b-2b49-e359-394e8e55a04d,1631775357,L09,00000000-0000-0000-0000-000000000000,synthetic,v1,2026-01-20T10:15:00+00:00,,True,2026-01-20T10:16:37.577000+00:00
1,3,1,0.9986,0.0,0,1,3148,1,89b0581e-8a35-4ada-58c7-bdfcc39a8dd7,1541804686,L10,00000000-0000-0000-0000-000000000000,synthetic,v1,2026-01-20T10:20:00+00:00,,True,2026-01-20T10:20:03.148000+00:00
2,3,1,1.1192,0.0,1,0,2843,1,89b0581e-8a35-4ada-58c7-bdfcc39a8dd7,1541804686,L03,00000000-0000-0000-0000-000000000000,synthetic,v1,2026-01-20T10:20:00+00:00,,True,2026-01-20T10:20:05.991000+00:00
3,3,1,0.9091,0.0,1,0,4605,0,89b0581e-8a35-4ada-58c7-bdfcc39a8dd7,1541804686,L08,00000000-0000-0000-0000-000000000000,synthetic,v1,2026-01-20T10:20:00+00:00,,True,2026-01-20T10:20:10.596000+00:00
4,1,1,1.01,0.0,0,0,3603,1,89b0581e-8a35-4ada-58c7-bdfcc39a8dd7,1541804686,F02,00000000-0000-0000-0000-000000000000,synthetic,v1,2026-01-20T10:20:00+00:00,,True,2026-01-20T10:20:14.199000+00:00
5,1,0,1.0,0.0,1,0,4305,0,89b0581e-8a35-4ada-58c7-bdfcc39a8dd7,1541804686,F09,00000000-0000-0000-0000-000000000000,synthetic,v1,2026-01-20T10:20:00+00:00,,True,2026-01-20T10:20:18.504000+00:00
6,2,0,0.8701,35.84,0,0,2041,0,89b0581e-8a35-4ada-58c7-bdfcc39a8dd7,1541804686,A05,00000000-0000-0000-0000-000000000000,synthetic,v1,2026-01-20T10:20:00+00:00,,True,2026-01-20T10:20:20.545000+00:00
7,3,1,1.0327,0.0,0,0,4884,0,89b0581e-8a35-4ada-58c7-bdfcc39a8dd7,1541804686,L04,00000000-0000-0000-0000-000000000000,synthetic,v1,2026-01-20T10:20:00+00:00,,True,2026-01-20T10:20:25.429000+00:00
8,3,1,0.8832,0.0,0,0,7302,1,89b0581e-8a35-4ada-58c7-bdfcc39a8dd7,1541804686,L05,00000000-0000-0000-0000-000000000000,synthetic,v1,2026-01-20T10:20:00+00:00,,True,2026-01-20T10:20:32.731000+00:00
9,2,0,0.5565,13.05,1,0,1748,1,89b0581e-8a35-4ada-58c7-bdfcc39a8dd7,1541804686,A07,00000000-0000-0000-0000-000000000000,synthetic,v1,2026-01-20T10:20:00+00:00,,True,2026-01-20T10:20:34.479000+00:00
10,1,0,0.9722,0.0,1,0,1829,0,89b0581e-8a35-4ada-58c7-bdfcc39a8dd7,1541804686,F06,00000000-0000-0000-0000-000000000000,synthetic,v1,2026-01-20T10:20:00+00:00,,True,2026-01-20T10:20:36.308000+00:00
11,1,1,1.0,0.0,0,0,6214,1,89b0581e-8a35-4ada-58c7-bdfcc39a8dd7,1541804686,F04,00000000-0000-0000-0000-000000000000,synthetic,v1,2026-01-20T10:20:00+00:00,,True,2026-01-20T10:20:42.522000+00:00
12,3,1,1.1748,0.0,1,0,2683,1,89b0581e-8a35-4ada-58c7-bdfcc39a8dd7,1541804686,L07,00000000-0000-0000-0000-000000000000,synthetic,v1,2026-01-20T10:20:00+00:00,,True,2026-01-20T10:20:45.205000+00:00
13,2,0,0.8526,2.46,1,0,6451,1,89b0581e-8a35-4ada-58c7-bdfcc39a8dd7,1541804686,A02,00000000-0000-0000-0000-000000000000,synthetic,v1,2026-01-20T10:20:00+00:00,,True,2026-01-20T10:20:51.656000+00:00
14,3,1,1.0787,0.0,1,0,2336,1,89b0581e-8a35-4ada-58c7-bdfcc39a8dd7,1541804686,L09,00000000-0000-0000-0000-000000000000,synthetic,v1,2026-01-20T10:20:00+00:00,,True,2026-01-20T10:20:53.992000+00:00
15,3,1,0.9302,0.0,1,0,6636,1,89b0581e-8a35-4ada-58c7-bdfcc39a8dd7,1541804686,L06,00000000-0000-0000-0000-000000000000,synthetic,v1,2026-01-20T10:20:00+00:00,,True,2026-01-20T10:21:00.628000+00:00
16,2,0,0.7202,1508.08,1,0,3204,1,89b0581e-8a35-4ada-58c7-bdfcc39a8dd7,1541804686,A06,00000000-0000-0000-0000-000000000000,synthetic,v1,2026-01-20T10:20:00+00:00,,True,2026-01-20T10:21:03.832000+00:00
17,1,0,0.96,0.0,1,0,3435,0,89b0581e-8a35-4ada-58c7-bdfcc39a8dd7,1541804686,F03,00000000-0000-0000-0000-000000000000,synthetic,v1,2026-01-20T10:20:00+00:00,,True,2026-01-20T10:21:07.267000+00:00
18,2,0,0.7151,30.04,0,0,7048,0,89b0581e-8a35-4ada-58c7-bdfcc39a8dd7,1541804686,A03,00000000-0000-0000-0000-000000000000,synthetic,v1,2026-01-20T10:20:00+00:00,,True,2026-01-20T10:21:14.315000+00:00
19,1,1,1.08,0.0,0,0,2443,1,89b0581e-8a35-4ada-58c7-bdfcc39a8dd7,1541804686,F10,00000000-0000-0000-0000-000000000000,synthetic,v1,2026-01-20T10:20:00+00:00,,True,2026-01-20T10:21:16.758000+00:00
20,1,1,0.86,0.0,1,0,1776,1,89b0581e-8a35-4ada-58c7-bdfcc39a8dd7,1541804686,F07,00000000-0000-0000-0000-000000000000,synthetic,v1,2026-01-20T10:20:00+00:00,,True,2026-01-20T10:21:18.534000+00:00
31,1,0,1.0,0.0,0,0,2166,0,89b0581e-8a35-4ada-58c7-bdfcc39a8dd7,1541804686,ATTN,00000000-0000-0000-0000-000000000000,synthetic,v1,2026-01-20T10:20:00+00:00,True,True,2026-01-20T10:21:20.045000+00:00
21,3,1,0.8692,0.0,1,0,1259,0,89b0581e-8a35-4ada-58c7-bdfcc39a8dd7,1541804686,L01,00000000-0000-0000-0000-000000000000,synthetic,v1,2026-01-20T10:20:00+00:00,,True,2026-01-20T10:21:21.304000+00:00
22,2,0,0.728,17.74,0,0,4232,0,89b0581e-8a35-4ada-58c7-bdfcc39a8dd7,1541804686,A04,00000000-0000-0000-0000-000000000000,synthetic,v1,2026-01-20T10:20:00+00:00,,True,2026-01-20T10:21:25.536000+00:00
23,1,1,0.95,0.0,0,0,2216,1,89b0581e-8a35-4ada-58c7-bdfcc39a8dd7,1541804686,F08,00000000-0000-0000-0000-000000000000,synthetic,v1,2026-01-20T10:20:00+00:00,,True,2026-01-20T10:21:27.752000+00:00
24,1,0,1.11,0.0,1,0,5604,0,89b0581e-8a35-4ada-58c7-bdfcc39a8dd7,1541804686,F01,00000000-0000-0000-0000-000000000000,synthetic,v1,2026-01-20T10:20:00+00:00,,True,2026-01-20T10:21:33.356000+00:00
25,1,0,0.97,0.0,0,0,798,0,89b0581e-8a35-4ada-58c7-bdfcc39a8dd7,1541804686,F05,00000000-0000-0000-0000-000000000000,synthetic,v1,2026-01-20T10:20:00+00:00,,True,2026-01-20T10:21:34.154000+00:00
26,2,0,0.7592,81.51,0,0,1934,0,89b0581e-8a35-4ada-58c7-bdfcc39a8dd7,1541804686,A01,00000000-0000-0000-0000-000000000000,synthetic,v1,2026-01-20T10:20:00+00:00,,True,2026-01-20T10:21:36.088000+00:00
27,3,1,0.8642,0.0,0,0,1179,0,89b0581e-8a35-4ada-58c7-bdfcc39a8dd7,1541804686,L02,00000000-0000-0000-0000-000000000000,synthetic,v1,2026-01-20T10:20:00+00:00,,True,2026-01-20T10:21:37.267000+00:00
28,2,0,0.4157,3.45,0,0,1892,0,89b0581e-8a35-4ada-58c7-bdfcc39a8dd7,1541804686,A10,00000000-0000-0000-0000-000000000000,synthetic,v1,2026-01-20T10:20:00+00:00,,True,2026-01-20T10:21:39.159000+00:00
29,2,0,0.6884,11.44,0,0,3415,1,89b0581e-8a35-4ada-58c7-bdfcc39a8dd7,1541804686,A08,00000000-0000-0000-0000-000000000000,synthetic,v1,2026-01-20T10:20:00+00:00,,True,2026-01-20T10:21:42.574000+00:00
30,2,0,0.5994,16.57,1,0,2701,1,89b0581e-8a35-4ada-58c7-bdfcc39a8dd7,1541804686,A09,00000000-0000-0000-0000-000000000000,synthetic,v1,2026-01-20T10:20:00+00:00,,True,2026-01-20T10:21:45.275000+00:00
1,1,1,0.97,0.0,0,1,2593,1,8cd70ed5-d7a2-886d-48b8-f0ed35924063,1136108454,F03,00000000-0000-0000-0000-000000000000,synthetic,v1,2026-01-20T10:25:00+00:00,,True,2026-01-20T10:25:02.593000+00:00
2,3,1,0.9276,0.0,1,0,2731,0,8cd70ed5-d7a2-886d-48b8-f0ed35924063,1136108454,L03,00000000-0000-0000-0000-000000000000,synthetic,v1,2026-01-20T10:25:00+00:00,,True,2026-01-20T10:25:05.324000+00:00
3,2,0,0.5458,3.18,0,0,3333,0,8cd70ed5-d7a2-886d-48b8-f0ed35924063,1136108454,A07,00000000-0000-0000-0000-000000000000,synthetic,v1,2026-01-20T10:25:00+00:00,,True,2026-01-20T10:25:08.657000+00:00
4,3,1,0.9687,0.0,0,0,1711,1,8cd70ed5-d7a2-886d-48b8-f0ed35924063,1136108454,L04,00000000-0000-0000-0000-000000000000,synthetic,v1,2026-01-20T10:25:00+00:00,,True,2026-01-20T10:25:10.368000+00:00
5,2,0,0.6594,40.57,1,0,4397,0,8cd70ed5-d7a2-886d-48b8-f0ed35924063,1136108454,A03,00000000-0000-0000-0000-000000000000,synthetic,v1,2026-01-20T10:25:00+00:00,,True,2026-01-20T10:25:14.765000+00:00
6,3,1,1.016,0.0,0,0,4291,1,8cd70ed5-d7a2-886d-48b8-f0ed35924063,1136108454,L02,00000000-0000-0000-0000-000000000000,synthetic,v1,2026-01-20T10:25:00+00:00,,True,2026-01-20T10:25:19.056000+00:00
7,3,1,1.1469,0.0,1,0,3684,0,8cd70ed5-d7a2-886d-48b8-f0ed35924063,1136108454,L07,00000000-0000-0000-0000-000000000000,synthetic,v1,2026-01-20T10:25:00+00:00,,True,2026-01-20T10:25:22.740000+00:00
8,3,1,0.9623,0.0,0,0,4048,0,8cd70ed5-d7a2-886d-48b8-f0ed35924063,1136108454,L09,00000000-0000-0000-0000-000000000000,synthetic,v1,2026-01-20T10:25:00+00:00,,True,2026-01-20T10:25:26.788000+00:00
9,2,0,0.724,63.34,0,0,3508,1,8cd70ed5-d7a2-886d-48b8-f0ed35924063,1136108454,A01,00000000-0000-0000-0000-000000000000,synthetic,v1,2026-01-20T10:25:00+00:00,,True,2026-01-20T10:25:30.296000+00:00
10,1,1,1.03,0.0,1,0,9129,0,8cd70ed5-d7a2-886d-48b8-f0ed35924063,1136108454,F07,00000000-0000-0000-0000-000000000000,synthetic,v1,2026-01-20T10:25:00+00:00,,True,2026-01-20T10:25:39.425000+00:00
11,3,1,1.0028,0.0,0,0,2841,0,8cd70ed5-d7a2-886d-48b8-f0ed35924063,1136108454,L05,00000000-0000-0000-0000-000000000000,synthetic,v1,2026-01-20T10:25:00+00:00,,True,2026-01-20T10:25:42.266000+00:00
12,1,1,0.88,0.0,0,0,2517,0,8cd70ed5-d7a2-886d-48b8-f0ed35924063,1136108454,F02,00000000-0000-0000-0000-000000000000,synthetic,v1,2026-01-20T10:25:00+00:00,,True,2026-01-20T10:25:44.783000+00:00
13,2,0,0.6805,12.12,0,0,1969,0,8cd70ed5-d7a2-886d-48b8-f0ed35924063,1136108454,A08,00000000-0000-0000-0000-000000000000,synthetic,v1,2026-01-20T10:25:00+00:00,,True,2026-01-20T10:25:46.752000+00:00
14,1,0,1.0833,0.0,0,0,1689,0,8cd70ed5-d7a2-886d-48b8-f0ed35924063,1136108454,F08,00000000-0000-0000-0000-000000000000,synthetic,v1,2026-01-20T10:25:00+00:00,,True,2026-01-20T10:25:48.441000+00:00
15,2,0,0.6541,7.87,0,0,1503,0,8cd70ed5-d7a2-886d-48b8-f0ed35924063,1136108454,A04,00000000-0000-0000-0000-000000000000,synthetic,v1,2026-01-20T10:25:00+00:00,,True,2026-01-20T10:25:49.944000+00:00
16,3,1,1.0432,0.0,0,0,1828,1,8cd70ed5-d7a2-886d-48b8-f0ed35924063,1136108454,L10,00000000-0000-0000-0000-000000000000,synthetic,v1,2026-01-20T10:25:00+00:00,,True,2026-01-20T10:25:51.772000+00:00
17,2,0,0.8921,31.42,1,0,2867,0,8cd70ed5-d7a2-886d-48b8-f0ed35924063,1136108454,A05,00000000-0000-0000-0000-000000000000,synthetic,v1,2026-01-20T10:25:00+00:00,,True,2026-01-20T10:25:54.639000+00:00
18,1,1,1.1,0.0,0,0,3582,0,8cd70ed5-d7a2-886d-48b8-f0ed35924063,1136108454,F10,00000000-0000-0000-0000-000000000000,synthetic,v1,2026-01-20T10:25:00+00:00,,True,2026-01-20T10:25:58.221000+00:00
19,2,0,0.5407,55.59,0,0,3065,0,8cd70ed5-d7a2-886d-48b8-f0ed35924063,1136108454,A09,00000000-0000-0000-0000-000000000000,synthetic,v1,2026-01-20T10:25:00+00:00,,True,2026-01-20T10:26:01.286000+00:00
20,1,0,0.865,0.0,0,0,1956,0,8cd70ed5-d7a2-886d-48b8-f0ed35924063,1136108454,F01,00000000-0000-0000-0000-000000000000,synthetic,v1,2026-01-20T10:25:00+00:00,,True,2026-01-20T10:26:03.242000+00:00
31,1,0,1.0,0.0,0,0,2430,0,8cd70ed5-d7a2-886d-48b8-f0ed35924063,1136108454,ATTN,00000000-0000-0000-0000-000000000000,synthetic,v1,2026-01-20T10:25:00+00:00,True,True,2026-01-20T10:26:05.833000+00:00
21,3,1,1.1407,0.0,0,0,2730,1,8cd70ed5-d7a2-886d-48b8-f0ed35924063,1136108454,L01,00000000-0000-0000-0000-000000000000,synthetic,v1,2026-01-20T10:25:00+00:00,,True,2026-01-20T10:26:08.563000+00:00
22,2,0,0.4256,4.16,1,0,2081,0,8cd70ed5-d7a2-886d-48b8-f0ed35924063,1136108454,A10,00000000-0000-0000-0000-000000000000,synthetic,v1,2026-01-20T10:25:00+00:00,,True,2026-01-20T10:26:10.644000+00:00
23,1,0,1.1333,0.0,0,0,4030,0,8cd70ed5-d7a2-886d-48b8-f0ed35924063,1136108454,F06,00000000-0000-0000-0000-000000000000,synthetic,v1,2026-01-20T10:25:00+00:00,,True,2026-01-20T10:26:14.674000+00:00
24,2,0,0.7132,4.28,0,0,3305,0,8cd70ed5-d7a2-886d-48b8-f0ed35924063,1136108454,A02,00000000-0000-0000-0000-000000000000,synthetic,v1,2026-01-20T10:25:00+00:00,,True,2026-01-20T10:26:17.979000+00:00
25,3,1,1.0,0.0,0,0,1344,0,8cd70ed5-d7a2-886d-48b8-f0ed35924063,1136108454,L08,00000000-0000-0000-0000-000000000000,synthetic,v1,2026-01-20T10:25:00+00:00,,True,2026-01-20T10:26:19.323000+00:00
26,3,1,1.1271,0.0,0,0,2871,1,8cd70ed5-d7a2-886d-48b8-f0ed35924063,1136108454,L06,00000000-0000-0000-0000-000000000000,synthetic,v1,2026-01-20T10:25:00+00:00,,True,2026-01-20T10:26:22.194000+00:00
27,1,0,0.96,0.0,1,0,3443,1,8cd70ed5-d7a2-886d-48b8-f0ed35924063,1136108454,F04,00000000-0000-0000-0000-000000000000,synthetic,v1,2026-01-20T10:25:00+00:00,,True,2026-01-20T10:26:25.637000+00:00
28,1,0,0.9567,0.0,1,0,1817,0,8cd70ed5-d7a2-886d-48b8-f0ed35924063,1136108454,F05,00000000-0000-0000-0000-000000000000,synthetic,v1,2026-01-20T10:25:00+00:00,,True,2026-01-20T10:26:27.454000+00:00
29,2,0,0.9637,1100.52,0,0,3309,1,8cd70ed5-d7a2-886d-48b8-f0ed35924063,1136108454,A06,00000000-0000-0000-0000-000000000000,synthetic,v1,2026-01-20T10:25:00+00:00,,True,2026-01-20T10:26:30.763000+00:00
30,1,1,0.95,0.0,1,0,1339,1,8cd70ed5-d7a2-886d-48b8-f0ed35924063,1136108454,F09,00000000-0000-0000-0000-000000000000,synthetic,v1,2026-01-20T10:25:00+00:00,,True,2026-01-20T10:26:32.102000+00:00
1,2,0,0.5194,110.6,0,1,6216,1,f04b0ccb-2604-fa0b-ffda-1ee3fa461685,1973214822,A09,00000000-0000-0000-0000-000000000000,synthetic,v1,2026-01-20T10:30:00+00:00,,True,2026-01-20T10:30:06.216000+00:00
2,1,1,1.085,0.0,1,0,5921,1,f04b0ccb-2604-fa0b-ffda-1ee3fa461685,1973214822,F03,00000000-0000-0000-0000-000000000000,synthetic,v1,2026-01-20T10:30:00+00:00,,True,2026-01-20T10:30:12.137000+00:00
3,2,0,0.8012,60.06,1,0,2594,0,f04b0ccb-2604-fa0b-ffda-1ee3fa461685,1973214822,A05,00000000-0000-0000-0000-000000000000,synthetic,v1,2026-01-20T10:30:00+00:00,,True,2026-01-20T10:30:14.731000+00:00
4,2,0,0.6244,8.52,0,0,3640,1,f04b0ccb-2604-fa0b-ffda-1ee3fa461685,1973214822,A07,00000000-0000-0000-0000-000000000000,synthetic,v1,2026-01-20T10:30:00+00:00,,True,2026-01-20T10:30:18.371000+00:00
5,2,0,0.4271,4.78,1,0,791,0,f04b0ccb-2604-fa0b-ffda-1ee3fa461685,1973214822,A10,00000000-0000-0000-0000-000000000000,synthetic,v1,2026-01-20T10:30:00+00:00,,True,2026-01-20T10:30:19.162000+00:00
6,1,1,0.9267,0.0,0,0,1578,0,f04b0ccb-2604-fa0b-ffda-1ee3fa461685,1973214822,F05,00000000-0000-0000-0000-000000000000,synthetic,v1,2026-01-20T10:30:00+00:00,,True,2026-01-20T10:30:20.740000+00:00
7,3,1,1.1765,0.0,0,0,2536,0,f04b0ccb-2604-fa0b-ffda-1ee3fa461685,1973214822,L08,00000000-0000-0000-0000-000000000000,synthetic,v1,2026-01-20T10:30:00+00:00,,True,2026-01-20T10:30:23.276000+00:00
8,1,1,0.865,0.0,0,0,1652,0,f04b0ccb-2604-fa0b-ffda-1ee3fa461685,1973214822,F07,00000000-0000-0000-0000-000000000000,synthetic,v1,2026-01-20T10:30:00+00:00,,True,2026-01-20T10:30:24.928000+00:00
9,1,0,0.95,0.0,0,0,4415,0,f04b0ccb-2604-fa0b-ffda-1ee3fa461685,1973214822,F04,00000000-0000-0000-0000-000000000000,synthetic,v1,2026-01-20T10:30:00+00:00,,True,2026-01-20T10:30:29.343000+00:00
10,2,0,0.6163,5.07,0,0,8941,1,f04b0ccb-2604-fa0b-ffda-1ee3fa461685,1973214822,A08,00000000-0000-0000-0000-000000000000,synthetic,v1,2026-01-20T10:30:00+00:00,,True,2026-01-20T10:30:38.284000+00:00
11,1,1,1.15,0.0,1,0,1560,1,f04b0ccb-2604-fa0b-ffda-1ee3fa461685,1973214822,F08,00000000-0000-0000-0000-000000000000,synthetic,v1,2026-01-20T10:30:00+00:00,,True,2026-01-20T10:30:39.844000+00:00
12,2,0,0.7896,64.81,1,0,1880,0,f04b0ccb-2604-fa0b-ffda-1ee3fa461685,1973214822,A03,00000000-0000-0000-0000-000000000000,synthetic,v1,2026-01-20T10:30:00+00:00,,True,2026-01-20T10:30:41.724000+00:00
13,2,0,0.7514,53.52,0,0,3393,1,f04b0ccb-2604-fa0b-ffda-1ee3fa461685,1973214822,A01,00000000-0000-0000-0000-000000000000,synthetic,v1,2026-01-20T10:30:00+00:00,,True,2026-01-20T10:30:45.117000+00:00
14,2,0,0.7464,12.84,1,0,7230,1,f04b0ccb-2604-fa0b-ffda-1ee3fa461685,1973214822,A04,00000000-0000-0000-0000-000000000000,synthetic,v1,2026-01-20T10:30:00+00:00,,True,2026-01-20T10:30:52.347000+00:00
15,1,0,0.99,0.0,1,0,1521,0,f04b0ccb-2604-fa0b-ffda-1ee3fa461685,1973214822,F01,00000000-0000-0000-0000-000000000000,synthetic,v1,2026-01-20T10:30:00+00:00,,True,2026-01-20T10:30:53.868000+00:00
16,1,1,0.95,0.0,0,0,3418,1,f04b0ccb-2604-fa0b-ffda-1ee3fa461685,1973214822,F09,00000000-0000-0000-0000-000000000000,synthetic,v1,2026-01-20T10:30:00+00:00,,True,2026-01-20T10:30:57.286000+00:00
17,3,1,0.8924,0.0,1,0,8116,0,f04b0ccb-2604-fa0b-ffda-1ee3fa461685,1973214822,L02,00000000-0000-0000-0000-000000000000,synthetic,v1,2026-01-20T10:30:00+00:00,,True,2026-01-20T10:31:05.402000+00:00
18,3,1,0.8537,0.0,0,0,1201,0,f04b0ccb-2604-fa0b-ffda-1ee3fa461685,1973214822,L09,00000000-0000-0000-0000-000000000000,synthetic,v1,2026-01-20T10:30:00+00:00,,True,2026-01-20T10:31:06.603000+00:00
19,3,1,1.1519,0.0,0,0,1473,1,f04b0ccb-2604-fa0b-ffda-1ee3fa461685,1973214822,L07,00000000-0000-0000-0000-000000000000,synthetic,v1,2026-01-20T10:30:00+00:00,,True,2026-01-20T10:31:08.076000+00:00
20,3,1,1.0357,0.0,1,0,2361,1,f04b0ccb-2604-fa0b-ffda-1ee3fa461685,1973214822,L04,00000000-0000-0000-0000-000000000000,synthetic,v1,2026-01-20T10:30:00+00:00,,True,2026-01-20T10:31:10.437000+00:00
31,1,0,1.0,0.0,0,0,2502,0,f04b0ccb-2604-fa0b-ffda-1ee3fa461685,1973214822,ATTN,00000000-0000-0000-0000-000000000000,synthetic,v1,2026-01-20T10:30:00+00:00,True,True,2026-01-20T10:31:11.905000+00:00
21,2,0,0.9397,1394.19,1,0,3404,0,f04b0ccb-2604-fa0b-ffda-1ee3fa461685,1973214822,A06,00000000-0000-0000-0000-000000000000,synthetic,v1,2026-01-20T10:30:00+00:00,,True,2026-01-20T10:31:15.309000+00:00
22,1,0,0.98,0.0,0,0,1123,1,f04b0ccb-2604-fa0b-ffda-1ee3fa461685,1973214822,F10,00000000-0000-0000-0000-000000000000,synthetic,v1,2026-01-20T10:30:00+00:00,,True,2026-01-20T10:31:16.432000+00:00
23,3,1,1.0769,0.0,1,0,3957,1,f04b0ccb-2604-fa0b-ffda-1ee3fa461685,1973214822,L05,00000000-0000-0000-0000-000000000000,synthetic,v1,2026-01-20T10:30:00+00:00,,True,2026-01-20T10:31:20.389000+00:00
24,1,0,0.9333,0.0,1,0,2169,0,f04b0ccb-2604-fa0b-ffda-1ee3fa461685,1973214822,F06,00000000-0000-0000-0000-000000000000,synthetic,v1,2026-01-20T10:30:00+00:00,,True,2026-01-20T10:31:22.558000+00:00
25,3,1,0.9386,0.0,0,0,6008,0,f04b0ccb-2604-fa0b-ffda-1ee3fa461685,1973214822,L10,00000000-0000-0000-0000-000000000000,synthetic,v1,2026-01-20T10:30:00+00:00,,True,2026-01-20T10:31:28.566000+00:00
26,3,1,0.9233,0.0,0,0,2110,1,f04b0ccb-2604-fa0b-ffda-1ee3fa461685,1973214822,L01,00000000-0000-0000-0000-000000000000,synthetic,v1,2026-01-20T10:30:00+00:00,,True,2026-01-20T10:31:30.676000+00:00
27,3,1,1.1027,0.0,1,0,2100,1,f04b0ccb-2604-fa0b-ffda-1ee3fa461685,1973214822,L06,00000000-0000-0000-0000-000000000000,synthetic,v1,2026-01-20T10:30:00+00:00,,True,2026-01-20T10:31:32.776000+00:00
28,3,1,1.1128,0.0,1,0,4014,1,f04b0ccb-2604-fa0b-ffda-1ee3fa461685,1973214822,L03,00000000-0000-0000-0000-000000000000,synthetic,v1,2026-01-20T10:30:00+00:00,,True,2026-01-20T10:31:36.790000+00:00
29,1,0,0.95,0.0,1,0,4535,0,f04b0ccb-2604-fa0b-ffda-1ee3fa461685,1973214822,F02,00000000-0000-0000-0000-000000000000,synthetic,v1,2026-01-20T10:30:00+00:00,,True,2026-01-20T10:31:41.325000+00:00
30,2,0,0.7468,3.95,0,0,3814,0,f04b0ccb-2604-fa0b-ffda-1ee3fa461685,1973214822,A02,00000000-0000-0000-0000-000000000000,synthetic,v1,2026-01-20T10:30:00+00:00,,True,2026-01-20T10:31:45.139000+00:00
1,1,0,0.87,0.0,0,1,105,0,70285c8a-b81b-7c3c-0897-dc12f165cd01,1625792787,F04,00000000-0000-0000-0000-000000000000,synthetic,v1,2026-01-20T10:35:00+00:00,,True,2026-01-20T10:35:00.105000+00:00
2,3,1,1.1264,0.0,0,0,57,0,70285c8a-b81b-7c3c-0897-dc12f165cd01,1625792787,L04,00000000-0000-0000-0000-000000000000,synthetic,v1,2026-01-20T10:35:00+00:00,,True,2026-01-20T10:35:00.162000+00:00
3,3,1,0.9881,0.0,0,0,66,1,70285c8a-b81b-7c3c-0897-dc12f165cd01,1625792787,L01,00000000-0000-0000-0000-000000000000,synthetic,v1,2026-01-20T10:35:00+00:00,,True,2026-01-20T10:35:00.228000+00:00
4,1,0,0.86,0.0,1,0,150,0,70285c8a-b81b-7c3c-0897-dc12f165cd01,1625792787,F01,00000000-0000-0000-0000-000000000000,synthetic,v1,2026-01-20T10:35:00+00:00,,True,2026-01-20T10:35:00.378000+00:00
5,1,1,0.945,0.0,0,0,156,0,70285c8a-b81b-7c3c-0897-dc12f165cd01,1625792787,F03,00000000-0000-0000-0000-000000000000,synthetic,v1,2026-01-20T10:35:00+00:00,,True,2026-01-20T10:35:00.534000+00:00
6,1,1,0.87,0.0,0,0,165,1,70285c8a-b81b-7c3c-0897-dc12f165cd01,1625792787,F02,00000000-0000-0000-0000-000000000000,synthetic,v1,2026-01-20T10:35:00+00:00,,True,2026-01-20T10:35:00.699000+00:00
7,3,1,1.0599,0.0,1,0,178,1,70285c8a-b81b-7c3c-0897-dc12f165cd01,1625792787,L09,00000000-0000-0000-0000-000000000000,synthetic,v1,2026-01-20T10:35:00+00:00,,True,2026-01-20T10:35:00.877000+00:00
8,2,0,0.7775,44.0,1,0,160,1,70285c8a-b81b-7c3c-0897-dc12f165cd01,1625792787,A01,00000000-0000-0000-0000-000000000000,synthetic,v1,2026-01-20T10:35:00+00:00,,True,2026-01-20T10:35:01.037000+00:00
9,2,0,0.6744,4.61,1,0,169,1,70285c8a-b81b-7c3c-0897-dc12f165cd01,1625792787,A04,00000000-0000-0000-0000-000000000000,synthetic,v1,2026-01-20T10:35:00+00:00,,True,2026-01-20T10:35:01.206000+00:00
10,2,0,0.7331,106.9,1,0,57,1,70285c8a-b81b-7c3c-0897-dc12f165cd01,1625792787,A03,00000000-0000-0000-0000-000000000000,synthetic,v1,2026-01-20T10:35:00+00:00,,True,2026-01-20T10:35:01.263000+00:00
11,1,0,0.975,0.0,1,0,84,1,70285c8a-b81b-7c3c-0897-dc12f165cd01,1625792787,F07,00000000-0000-0000-0000-000000000000,synthetic,v1,2026-01-20T10:35:00+00:00,,True,2026-01-20T10:35:01.347000+00:00
12,2,0,0.8917,1.81,1,0,142,1,70285c8a-b81b-7c3c-0897-dc12f165cd01,1625792787,A02,00000000-0000-0000-0000-000000000000,synthetic,v1,2026-01-20T10:35:00+00:00,,True,2026-01-20T10:35:01.489000+00:00
13,3,1,1.1533,0.0,1,0,177,1,70285c8a-b81b-7c3c-0897-dc12f165cd01,1625792787,L07,00000000-0000-0000-0000-000000000000,synthetic,v1,2026-01-20T10:35:00+00:00,,True,2026-01-20T10:35:01.666000+00:00
14,2,0,0.5522,134.94,1,0,50,1,70285c8a-b81b-7c3c-0897-dc12f165cd01,1625792787,A09,00000000-0000-0000-0000-000000000000,synthetic,v1,2026-01-20T10:35:00+00:00,,True,2026-01-20T10:35:01.716000+00:00
15,2,0,0.719,40.18,1,0,126,1,70285c8a-b81b-7c3c-0897-dc12f165cd01,1625792787,A05,00000000-0000-0000-0000-000000000000,synthetic,v1,2026-01-20T10:35:00+00:00,,True,2026-01-20T10:35:01.842000+00:00
16,3,1,1.1111,0.0,1,0,150,1,70285c8a-b81b-7c3c-0897-dc12f165cd01,1625792787,L08,00000000-0000-0000-0000-000000000000,synthetic,v1,2026-01-20T10:35:00+00:00,,True,2026-01-20T10:35:01.992000+00:00
17,2,0,0.7826,2304.15,1,0,54,1,70285c8a-b81b-7c3c-0897-dc12f165cd01,1625792787,A06,00000000-0000-0000-0000-000000000000,synthetic,v1,2026-01-20T10:35:00+00:00,,True,2026-01-20T10:35:02.046000+00:00
18,3,1,0.913,0.0,1,0,109,0,70285c8a-b81b-7c3c-0897-dc12f165cd01,1625792787,L03,00000000-0000-0000-0000-000000000000,synthetic,v1,2026-01-20T10:35:00+00:00,,True,2026-01-20T10:35:02.155000+00:00
19,3,1,0.9302,0.0,0,0,183,0,70285c8a-b81b-7c3c-0897-dc12f165cd01,1625792787,L06,00000000-0000-0000-0000-000000000000,synthetic,v1,2026-01-20T10:35:00+00:00,,True,2026-01-20T10:35:02.338000+00:00
20,3,1,1.1129,0.0,0,0,150,0,70285c8a-b81b-7c3c-0897-dc12f165cd01,1625792787,L05,00000000-0000-0000-0000-000000000000,synthetic,v1,2026-01-20T10:35:00+00:00,,True,2026-01-20T10:35:02.488000+00:00
31,1,0,1.0,0.0,0,0,177,0,70285c8a-b81b-7c3c-0897-dc12f165cd01,1625792787,ATTN,00000000-0000-0000-0000-000000000000,synthetic,v1,2026-01-20T10:35:00+00:00,True,True,2026-01-20T10:35:02.573000+00:00
21,1,1,1.1,0.0,0,0,101,1,70285c8a-b81b-7c3c-0897-dc12f165cd01,1625792787,F10,00000000-0000-0000-0000-000000000000,synthetic,v1,2026-01-20T10:35:00+00:00,,True,2026-01-20T10:35:02.674000+00:00
22,1,0,1.1333,0.0,1,0,177,1,70285c8a-b81b-7c3c-0897-dc12f165cd01,1625792787,F05,00000000-0000-0000-0000-000000000000,synthetic,v1,2026-01-20T10:35:00+00:00,,True,2026-01-20T10:35:02.851000+00:00
23,2,0,0.5584,7.75,1,0,94,0,70285c8a-b81b-7c3c-0897-dc12f165cd01,1625792787,A07,00000000-0000-0000-0000-000000000000,synthetic,v1,2026-01-20T10:35:00+00:00,,True,2026-01-20T10:35:02.945000+00:00
24,3,1,1.0105,0.0,0,0,137,1,70285c8a-b81b-7c3c-0897-dc12f165cd01,1625792787,L10,00000000-0000-0000-0000-000000000000,synthetic,v1,2026-01-20T10:35:00+00:00,,True,2026-01-20T10:35:03.082000+00:00
25,2,0,0.7736,10.34,1,0,109,0,70285c8a-b81b-7c3c-0897-dc12f165cd01,1625792787,A08,00000000-0000-0000-0000-000000000000,synthetic,v1,2026-01-20T10:35:00+00:00,,True,2026-01-20T10:35:03.191000+00:00
26,2,0,0.47,13.68,0,0,90,1,70285c8a-b81b-7c3c-0897-dc12f165cd01,1625792787,A10,00000000-0000-0000-0000-000000000000,synthetic,v1,2026-01-20T10:35:00+00:00,,True,2026-01-20T10:35:03.281000+00:00
27,3,1,0.882,0.0,1,0,182,0,70285c8a-b81b-7c3c-0897-dc12f165cd01,1625792787,L02,00000000-0000-0000-0000-000000000000,synthetic,v1,2026-01-20T10:35:00+00:00,,True,2026-01-20T10:35:03.463000+00:00
28,1,1,0.9,0.0,0,0,77,1,70285c8a-b81b-7c3c-0897-dc12f165cd01,1625792787,F08,00000000-0000-0000-0000-000000000000,synthetic,v1,2026-01-20T10:35:00+00:00,,True,2026-01-20T10:35:03.540000+00:00
29,1,1,1.1389,0.0,1,0,62,1,70285c8a-b81b-7c3c-0897-dc12f165cd01,1625792787,F06,00000000-0000-0000-0000-000000000000,synthetic,v1,2026-01-20T10:35:00+00:00,,True,2026-01-20T10:35:03.602000+00:00
30,1,0,1.0333,0.0,1,0,100,0,70285c8a-b81b-7c3c-0897-dc12f165cd01,1625792787,F09,00000000-0000-0000-0000-000000000000,synthetic,v1,2026-01-20T10:35:00+00:00,,True,2026-01-20T10:35:03.702000+00:00
1,2,0,0.5754,12.62,0,1,1310,1,1f49596d-2a50-929d-0a46-aaff9d255382,1259191105,A07,00000000-0000-0000-0000-000000000000,synthetic,v1,2026-01-20T10:40:00+00:00,,True,2026-01-20T10:40:01.310000+00:00
2,3,1,1.1364,0.0,1,0,4378,1,1f49596d-2a50-929d-0a46-aaff9d255382,1259191105,L02,00000000-0000-0000-0000-000000000000,synthetic,v1,2026-01-20T10:40:00+00:00,,True,2026-01-20T10:40:05.688000+00:00
3,2,0,0.8718,69.58,1,0,9218,0,1f49596d-2a50-929d-0a46-aaff9d255382,1259191105,A05,00000000-0000-0000-0000-000000000000,synthetic,v1,2026-01-20T10:40:00+00:00,,True,2026-01-20T10:40:14.906000+00:00
4,3,1,0.95,0.0,0,0,3276,1,1f49596d-2a50-929d-0a46-aaff9d255382,1259191105,L08,00000000-0000-0000-0000-000000000000,synthetic,v1,2026-01-20T10:40:00+00:00,,True,2026-01-20T10:40:18.182000+00:00
5,3,1,0.9308,0.0,1,0,2476,0,1f49596d-2a50-929d-0a46-aaff9d255382,1259191105,L01,00000000-0000-0000-0000-000000000000,synthetic,v1,2026-01-20T10:40:00+00:00,,True,2026-01-20T10:40:20.658000+00:00
6,1,0,0.985,0.0,0,0,2756,1,1f49596d-2a50-929d-0a46-aaff9d255382,1259191105,F07,00000000-0000-0000-0000-000000000000,synthetic,v1,2026-01-20T10:40:00+00:00,,True,2026-01-20T10:40:23.414000+00:00
7,2,0,0.7283,11.68,1,0,4181,0,1f49596d-2a50-929d-0a46-aaff9d255382,1259191105,A04,00000000-0000-0000-0000-000000000000,synthetic,v1,2026-01-20T10:40:00+00:00,,True,2026-01-20T10:40:27.595000+00:00
8,2,0,0.7284,73.94,0,0,1150,1,1f49596d-2a50-929d-0a46-aaff9d255382,1259191105,A01,00000000-0000-0000-0000-000000000000,synthetic,v1,2026-01-20T10:40:00+00:00,,True,2026-01-20T10:40:28.745000+00:00
9,1,1,1.03,0.0,1,0,3263,0,1f49596d-2a50-929d-0a46-aaff9d255382,1259191105,F02,00000000-0000-0000-0000-000000000000,synthetic,v1,2026-01-20T10:40:00+00:00,,True,2026-01-20T10:40:32.008000+00:00
10,3,1,0.9582,0.0,0,0,2404,1,1f49596d-2a50-929d-0a46-aaff9d255382,1259191105,L07,00000000-0000-0000-0000-000000000000,synthetic,v1,2026-01-20T10:40:00+00:00,,True,2026-01-20T10:40:34.412000+00:00
11,1,1,1.1333,0.0,1,0,8236,1,1f49596d-2a50-929d-0a46-aaff9d255382,1259191105,F08,00000000-0000-0000-0000-000000000000,synthetic,v1,2026-01-20T10:40:00+00:00,,True,2026-01-20T10:40:42.648000+00:00
12,3,1,1.0593,0.0,1,0,2708,1,1f49596d-2a50-929d-0a46-aaff9d255382,1259191105,L05,00000000-0000-0000-0000-000000000000,synthetic,v1,2026-01-20T10:40:00+00:00,,True,2026-01-20T10:40:45.356000+00:00
13,1,0,1.06,0.0,1,0,7460,0,1f49596d-2a50-929d-0a46-aaff9d255382,1259191105,F01,00000000-0000-0000-0000-000000000000,synthetic,v1,2026-01-20T10:40:00+00:00,,True,2026-01-20T10:40:52.816000+00:00
14,2,0,0.5946,145.34,0,0,1624,0,1f49596d-2a50-929d-0a46-aaff9d255382,1259191105,A09,00000000-0000-0000-0000-000000000000,synthetic,v1,2026-01-20T10:40:00+00:00,,True,2026-01-20T10:40:54.440000+00:00
15,1,0,1.1333,0.0,0,0,4117,0,1f49596d-2a50-929d-0a46-aaff9d255382,1259191105,F09,00000000-0000-0000-0000-000000000000,synthetic,v1,2026-01-20T10:40:00+00:00,,True,2026-01-20T10:40:58.557000+00:00
16,3,1,1.0837,0.0,0,0,3553,1,1f49596d-2a50-929d-0a46-aaff9d255382,1259191105,L04,00000000-0000-0000-0000-000000000000,synthetic,v1,2026-01-20T10:40:00+00:00,,True,2026-01-20T10:41:02.110000+00:00
17,3,1,1.0104,0.0,1,0,1848,0,1f49596d-2a50-929d-0a46-aaff9d255382,1259191105,L03,00000000-0000-0000-0000-000000000000,synthetic,v1,2026-01-20T10:40:00+00:00,,True,2026-01-20T10:41:03.958000+00:00
18,2,0,0.7708,33.98,0,0,3286,1,1f49596d-2a50-929d-0a46-aaff9d255382,1259191105,A03,00000000-0000-0000-0000-000000000000,synthetic,v1,2026-01-20T10:40:00+00:00,,True,2026-01-20T10:41:07.244000+00:00
19,3,1,0.9633,0.0,1,0,5807,0,1f49596d-2a50-929d-0a46-aaff9d255382,1259191105,L10,00000000-0000-0000-0000-000000000000,synthetic,v1,2026-01-20T10:40:00+00:00,,True,2026-01-20T10:41:13.051000+00:00
20,1,0,0.9,0.0,0,0,2494,0,1f49596d-2a50-929d-0a46-aaff9d255382,1259191105,F05,00000000-0000-0000-0000-000000000000,synthetic,v1,2026-01-20T10:40:00+00:00,,True,2026-01-20T10:41:15.545000+00:00
31,1,0,1.0,0.0,0,0,1795,0,1f49596d-2a50-929d-0a46-aaff9d255382,1259191105,ATTN,00000000-0000-0000-0000-000000000000,synthetic,v1,2026-01-20T10:40:00+00:00,True,True,2026-01-20T10:41:16.463000+00:00
21,2,0,0.6961,2.92,0,0,1814,1,1f49596d-2a50-929d-0a46-aaff9d255382,1259191105,A02,00000000-0000-0000-0000-000000000000,synthetic,v1,2026-01-20T10:40:00+00:00,,True,2026-01-20T10:41:18.277000+00:00
22,1,1,0.8833,0.0,1,0,2469,1,1f49596d-2a50-929d-0a46-aaff9d255382,1259191105,F06,00000000-0000-0000-0000-000000000000,synthetic,v1,2026-01-20T10:40:00+00:00,,True,2026-01-20T10:41:20.746000+00:00
23,2,0,0.7749,2386.41,1,0,2850,1,1f49596d-2a50-929d-0a46-aaff9d255382,1259191105,A06,00000000-0000-0000-0000-000000000000,synthetic,v1,2026-01-20T10:40:00+00:00,,True,2026-01-20T10:41:23.596000+00:00
24,3,1,0.968,0.0,1,0,1166,1,1f49596d-2a50-929d-0a46-aaff9d255382,1259191105,L09,00000000-0000-0000-0000-000000000000,synthetic,v1,2026-01-20T10:40:00+00:00,,True,2026-01-20T10:41:24.762000+00:00
25,2,0,0.7544,3.72,1,0,1225,0,1f49596d-2a50-929d-0a46-aaff9d255382,1259191105,A08,00000000-0000-0000-0000-000000000000,synthetic,v1,2026-01-20T10:40:00+00:00,,True,2026-01-20T10:41:25.987000+00:00
26,1,1,0.9,0.0,0,0,3886,1,1f49596d-2a50-929d-0a46-aaff9d255382,1259191105,F04,00000000-0000-0000-0000-000000000000,synthetic,v1,2026-01-20T10:40:00+00:00,,True,2026-01-20T10:41:29.873000+00:00
27,3,1,0.9837,0.0,1,0,2236,0,1f49596d-2a50-929d-0a46-aaff9d255382,1259191105,L06,00000000-0000-0000-0000-000000000000,synthetic,v1,2026-01-20T10:40:00+00:00,,True,2026-01-20T10:41:32.109000+00:00
28,1,0,0.88,0.0,0,0,727,0,1f49596d-2a50-929d-0a46-aaff9d255382,1259191105,F03,00000000-0000-0000-0000-000000000000,synthetic,v1,2026-01-20T10:40:00+00:00,,True,2026-01-20T10:41:32.836000+00:00
29,2,0,0.4916,9.5,0,0,4590,0,1f49596d-2a50-929d-0a46-aaff9d255382,1259191105,A10,00000000-0000-0000-0000-000000000000,synthetic,v1,2026-01-20T10:40:00+00:00,,True,2026-01-20T10:41:37.426000+00:00
30,1,1,1.02,0.0,0,0,3462,0,1f49596d-2a50-929d-0a46-aaff9d255382,1259191105,F10,00000000-0000-0000-0000-000000000000,synthetic,v1,2026-01-20T10:40:00+00:00,,True,2026-01-20T10:41:40.888000+00:00
1,1,1,0.8667,0.0,0,1,2012,1,dca74cac-4bf8-0c61-510f-72f32874ef66,825873196,F09,00000000-0000-0000-0000-000000000000,synthetic,v1,2026-01-20T10:45:00+00:00,,True,2026-01-20T10:45:02.012000+00:00
2,3,1,0.8667,0.0,1,0,1444,1,dca74cac-4bf8-0c61-510f-72f32874ef66,825873196,L08,00000000-0000-0000-0000-000000000000,synthetic,v1,2026-01-20T10:45:00+00:00,,True,2026-01-20T10:45:03.456000+00:00
3,2,0,0.5907,108.64,1,0,4720,1,dca74cac-4bf8-0c61-510f-72f32874ef66,825873196,A09,00000000-0000-0000-0000-000000000000,synthetic,v1,2026-01-20T10:45:00+00:00,,True,2026-01-20T10:45:08.176000+00:00
4,3,1,1.0091,0.0,1,0,3612,1,dca74cac-4bf8-0c61-510f-72f32874ef66,825873196,L05,00000000-0000-0000-0000-000000000000,synthetic,v1,2026-01-20T10:45:00+00:00,,True,2026-01-20T10:45:11.788000+00:00
5,2,0,0.8212,40.68,1,0,11052,0,dca74cac-4bf8-0c61-510f-72f32874ef66,825873196,A01,00000000-0000-0000-0000-000000000000,synthetic,v1,2026-01-20T10:45:00+00:00,,True,2026-01-20T10:45:22.840000+00:00
6,2,0,0.8898,100.75,0,0,3755,1,dca74cac-4bf8-0c61-510f-72f32874ef66,825873196,A03,00000000-0000-0000-0000-000000000000,synthetic,v1,2026-01-20T10:45:00+00:00,,True,2026-01-20T10:45:26.595000+00:00
7,3,1,1.0892,0.0,1,0,3689,0,dca74cac-4bf8-0c61-510f-72f32874ef66,825873196,L07,00000000-0000-0000-0000-000000000000,synthetic,v1,2026-01-20T10:45:00+00:00,,True,2026-01-20T10:45:30.284000+00:00
8,1,1,1.1,0.0,0,0,2719,1,dca74cac-4bf8-0c61-510f-72f32874ef66,825873196,F01,00000000-0000-0000-0000-000000000000,synthetic,v1,2026-01-20T10:45:00+00:00,,True,2026-01-20T10:45:33.003000+00:00
9,3,1,1.0026,0.0,1,0,4671,0,dca74cac-4bf8-0c61-510f-72f32874ef66,825873196,L04,00000000-0000-0000-0000-000000000000,synthetic,v1,2026-01-20T10:45:00+00:00,,True,2026-01-20T10:45:37.674000+00:00
10,1,0,0.95,0.0,0,0,4204,0,dca74cac-4bf8-0c61-510f-72f32874ef66,825873196,F07,00000000-0000-0000-0000-000000000000,synthetic,v1,2026-01-20T10:45:00+00:00,,True,2026-01-20T10:45:41.878000+00:00
11,3,1,1.0163,0.0,0,0,5933,0,dca74cac-4bf8-0c61-510f-72f32874ef66,825873196,L02,00000000-0000-0000-0000-000000000000,synthetic,v1,2026-01-20T10:45:00+00:00,,True,2026-01-20T10:45:47.811000+00:00
12,2,0,0.6982,15.42,0,0,2237,1,dca74cac-4bf8-0c61-510f-72f32874ef66,825873196,A08,00000000-0000-0000-0000-000000000000,synthetic,v1,2026-01-20T10:45:00+00:00,,True,2026-01-20T10:45:50.048000+00:00
13,1,0,1.1167,0.0,1,0,2346,1,dca74cac-4bf8-0c61-510f-72f32874ef66,825873196,F06,00000000-0000-0000-0000-000000000000,synthetic,v1,2026-01-20T10:45:00+00:00,,True,2026-01-20T10:45:52.394000+00:00
14,1,1,0.9333,0.0,1,0,2290,1,dca74cac-4bf8-0c61-510f-72f32874ef66,825873196,F08,00000000-0000-0000-0000-000000000000,synthetic,v1,2026-01-20T10:45:00+00:00,,True,2026-01-20T10:45:54.684000+00:00
15,1,0,1.06,0.0,1,0,4605,0,dca74cac-4bf8-0c61-510f-72f32874ef66,825873196,F10,00000000-0000-0000-0000-000000000000,synthetic,v1,2026-01-20T10:45:00+00:00,,True,2026-01-20T10:45:59.289000+00:00
16,1,0,1.075,0.0,0,0,6796,0,dca74cac-4bf8-0c61-510f-72f32874ef66,825873196,F03,00000000-0000-0000-0000-000000000000,synthetic,v1,2026-01-20T10:45:00+00:00,,True,2026-01-20T10:46:06.085000+00:00
17,2,0,0.7067,3.66,0,0,2316,1,dca74cac-4bf8-0c61-510f-72f32874ef66,825873196,A04,00000000-0000-0000-0000-000000000000,synthetic,v1,2026-01-20T10:45:00+00:00,,True,2026-01-20T10:46:08.401000+00:00
18,1,1,1.01,0.0,1,0,2359,1,dca74cac-4bf8-0c61-510f-72f32874ef66,825873196,F02,00000000-0000-0000-0000-000000000000,synthetic,v1,2026-01-20T10:45:00+00:00,,True,2026-01-20T10:46:10.760000+00:00
19,2,0,0.5581,8.82,1,0,3543,0,dca74cac-4bf8-0c61-510f-72f32874ef66,825873196,A07,00000000-0000-0000-0000-000000000000,synthetic,v1,2026-01-20T10:45:00+00:00,,True,2026-01-20T10:46:14.303000+00:00
20,1,1,1.09,0.0,0,0,2604,1,dca74cac-4bf8-0c61-510f-72f32874ef66,825873196,F04,00000000-0000-0000-0000-000000000000,synthetic,v1,2026-01-20T10:45:00+00:00,,True,2026-01-20T10:46:16.907000+00:00
31,1,0,1.0,0.0,0,0,734,0,dca74cac-4bf8-0c61-510f-72f32874ef66,825873196,ATTN,00000000-0000-0000-0000-000000000000,synthetic,v1,2026-01-20T10:45:00+00:00,True,True,2026-01-20T10:46:19.553000+00:00
21,2,0,0.8595,2.51,1,0,1891,1,dca74cac-4bf8-0c61-510f-72f32874ef66,825873196,A02,00000000-0000-0000-0000-000000000000,synthetic,v1,2026-01-20T10:45:00+00:00,,True,2026-01-20T10:46:21.444000+00:00
22,3,1,1.0362,0.0,1,0,1938,0,dca74cac-4bf8-0c61-510f-72f32874ef66,825873196,L01,00000000-0000-0000-0000-000000000000,synthetic,v1,2026-01-20T10:45:00+00:00,,True,2026-01-20T10:46:23.382000+00:00
23,3,1,1.0485,0.0,0,0,831,1,dca74cac-4bf8-0c61-510f-72f32874ef66,825873196,L10,00000000-0000-0000-0000-000000000000,synthetic,v1,2026-01-20T10:45:00+00:00,,True,2026-01-20T10:46:24.213000+00:00
24,2,0,0.8338,2580.49,1,0,1754,0,dca74cac-4bf8-0c61-510f-72f32874ef66,825873196,A06,00000000-0000-0000-0000-000000000000,synthetic,v1,2026-01-20T10:45:00+00:00,,True,2026-01-20T10:46:25.967000+00:00
25,3,1,0.9733,0.0,0,0,1802,0,dca74cac-4bf8-0c61-510f-72f32874ef66,825873196,L09,00000000-0000-0000-0000-000000000000,synthetic,v1,2026-01-20T10:45:00+00:00,,True,2026-01-20T10:46:27.769000+00:00
26,1,0,0.9633,0.0,0,0,2668,0,dca74cac-4bf8-0c61-510f-72f32874ef66,825873196,F05,00000000-0000-0000-0000-000000000000,synthetic,v1,2026-01-20T10:45:00+00:00,,True,2026-01-20T10:46:30.437000+00:00
27,2,0,0.8636,56.29,0,0,5497,1,dca74cac-4bf8-0c61-510f-72f32874ef66,825873196,A05,00000000-0000-0000-0000-000000000000,synthetic,v1,2026-01-20T10:45:00+00:00,,True,2026-01-20T10:46:35.934000+00:00
28,3,1,1.0673,0.0,1,0,2605,1,dca74cac-4bf8-0c61-510f-72f32874ef66,825873196,L06,00000000-0000-0000-0000-000000000000,synthetic,v1,2026-01-20T10:45:00+00:00,,True,2026-01-20T10:46:38.539000+00:00
29,3,1,1.0232,0.0,1,0,1690,1,dca74cac-4bf8-0c61-510f-72f32874ef66,825873196,L03,00000000-0000-0000-0000-000000000000,synthetic,v1,2026-01-20T10:45:00+00:00,,True,2026-01-20T10:46:40.229000+00:00
30,2,0,0.4443,1.68,1,0,2889,0,dca74cac-4bf8-0c61-510f-72f32874ef66,825873196,A10,00000000-0000-0000-0000-000000000000,synthetic,v1,2026-01-20T10:45:00+00:00,,True,2026-01-20T10:46:43.118000+00:00
1,2,0,0.6633,2.94,0,1,5308,0,7693dc73-e030-6a41-2dbe-5df5e942a6df,196814233,A07,00000000-0000-0000-0000-000000000000,synthetic,v1,2026-01-20T10:50:00+00:00,,True,2026-01-20T10:50:05.308000+00:00
2,2,0,0.8289,1580.72,0,0,1742,0,7693dc73-e030-6a41-2dbe-5df5e942a6df,196814233,A06,00000000-0000-0000-0000-000000000000,synthetic,v1,2026-01-20T10:50:00+00:00,,True,2026-01-20T10:50:07.050000+00:00
3,3,1,0.8604,0.0,0,0,1806,0,7693dc73-e030-6a41-2dbe-5df5e942a6df,196814233,L05,00000000-0000-0000-0000-000000000000,synthetic,v1,2026-01-20T10:50:00+00:00,,True,2026-01-20T10:50:08.856000+00:00
4,1,1,1.03,0.0,0,0,4052,1,7693dc73-e030-6a41-2dbe-5df5e942a6df,196814233,F05,00000000-0000-0000-0000-000000000000,synthetic,v1,2026-01-20T10:50:00+00:00,,True,2026-01-20T10:50:12.908000+00:00
5,2,0,0.8199,60.05,1,0,2638,1,7693dc73-e030-6a41-2dbe-5df5e942a6df,196814233,A05,00000000-0000-0000-0000-000000000000,synthetic,v1,2026-01-20T10:50:00+00:00,,True,2026-01-20T10:50:15.546000+00:00
6,2,0,0.4564,141.14,1,0,4256,1,7693dc73-e030-6a41-2dbe-5df5e942a6df,196814233,A09,00000000-0000-0000-0000-000000000000,synthetic,v1,2026-01-20T10:50:00+00:00,,True,2026-01-20T10:50:19.802000+00:00
7,2,0,0.8578,35.32,1,0,2958,1,7693dc73-e030-6a41-2dbe-5df5e942a6df,196814233,A01,00000000-0000-0000-0000-000000000000,synthetic,v1,2026-01-20T10:50:00+00:00,,True,2026-01-20T10:50:22.760000+00:00
8,1,1,0.9333,0.0,1,0,4384,1,7693dc73-e030-6a41-2dbe-5df5e942a6df,196814233,F08,00000000-0000-0000-0000-000000000000,synthetic,v1,2026-01-20T10:50:00+00:00,,True,2026-01-20T10:50:27.144000+00:00
9,1,0,1.075,0.0,1,0,1686,1,7693dc73-e030-6a41-2dbe-5df5e942a6df,196814233,F01,00000000-0000-0000-0000-000000000000,synthetic,v1,2026-01-20T10:50:00+00:00,,True,2026-01-20T10:50:28.830000+00:00
10,3,1,0.9515,0.0,1,0,2961,1,7693dc73-e030-6a41-2dbe-5df5e942a6df,196814233,L09,00000000-0000-0000-0000-000000000000,synthetic,v1,2026-01-20T10:50:00+00:00,,True,2026-01-20T10:50:31.791000+00:00
11,3,1,1.1489,0.0,1,0,2654,0,7693dc73-e030-6a41-2dbe-5df5e942a6df,196814233,L02,00000000-0000-0000-0000-000000000000,synthetic,v1,2026-01-20T10:50:00+00:00,,True,2026-01-20T10:50:34.445000+00:00
12,1,0,0.865,0.0,0,0,1527,0,7693dc73-e030-6a41-2dbe-5df5e942a6df,196814233,F07,00000000-0000-0000-0000-000000000000,synthetic,v1,2026-01-20T10:50:00+00:00,,True,2026-01-20T10:50:35.972000+00:00
13,3,1,0.9354,0.0,0,0,1261,0,7693dc73-e030-6a41-2dbe-5df5e942a6df,196814233,L04,00000000-0000-0000-0000-000000000000,synthetic,v1,2026-01-20T10:50:00+00:00,,True,2026-01-20T10:50:37.233000+00:00
14,2,0,0.6275,16.31,0,0,4346,1,7693dc73-e030-6a41-2dbe-5df5e942a6df,196814233,A04,00000000-0000-0000-0000-000000000000,synthetic,v1,2026-01-20T10:50:00+00:00,,True,2026-01-20T10:50:41.579000+00:00
15,1,0,0.8833,0.0,1,0,2457,0,7693dc73-e030-6a41-2dbe-5df5e942a6df,196814233,F09,00000000-0000-0000-0000-000000000000,synthetic,v1,2026-01-20T10:50:00+00:00,,True,2026-01-20T10:50:44.036000+00:00
16,1,1,0.97,0.0,0,0,1698,1,7693dc73-e030-6a41-2dbe-5df5e942a6df,196814233,F02,00000000-0000-0000-0000-000000000000,synthetic,v1,2026-01-20T10:50:00+00:00,,True,2026-01-20T10:50:45.734000+00:00
17,2,0,0.8323,0.69,1,0,2827,0,7693dc73-e030-6a41-2dbe-5df5e942a6df,196814233,A02,00000000-0000-0000-0000-000000000000,synthetic,v1,2026-01-20T10:50:00+00:00,,True,2026-01-20T10:50:48.561000+00:00
18,1,1,1.0333,0.0,0,0,5543,1,7693dc73-e030-6a41-2dbe-5df5e942a6df,196814233,F06,00000000-0000-0000-0000-000000000000,synthetic,v1,2026-01-20T10:50:00+00:00,,True,2026-01-20T10:50:54.104000+00:00
19,2,0,0.7333,9.25,1,0,850,0,7693dc73-e030-6a41-2dbe-5df5e942a6df,196814233,A08,00000000-0000-0000-0000-000000000000,synthetic,v1,2026-01-20T10:50:00+00:00,,True,2026-01-20T10:50:54.954000+00:00
20,3,1,1.0103,0.0,0,0,1308,1,7693dc73-e030-6a41-2dbe-5df5e942a6df,196814233,L07,00000000-0000-0000-0000-000000000000,synthetic,v1,2026-01-20T10:50:00+00:00,,True,2026-01-20T10:50:56.262000+00:00
31,1,0,1.0,0.0,0,0,3243,0,7693dc73-e030-6a41-2dbe-5df5e942a6df,196814233,ATTN,00000000-0000-0000-0000-000000000000,synthetic,v1,2026-01-20T10:50:00+00:00,True,True,2026-01-20T10:50:57.511000+00:00
21,1,0,0.915,0.0,1,0,3482,1,7693dc73-e030-6a41-2dbe-5df5e942a6df,196814233,F03,00000000-0000-0000-0000-000000000000,synthetic,v1,2026-01-20T10:50:00+00:00,,True,2026-01-20T10:51:00.993000+00:00
22,1,1,1.12,0.0,1,0,4546,1,7693dc73-e030-6a41-2dbe-5df5e942a6df,196814233,F04,00000000-0000-0000-0000-000000000000,synthetic,v1,2026-01-20T10:50:00+00:00,,True,2026-01-20T10:51:05.539000+00:00
23,3,1,0.9689,0.0,1,0,1592,0,7693dc73-e030-6a41-2dbe-5df5e942a6df,196814233,L01,00000000-0000-0000-0000-000000000000,synthetic,v1,2026-01-20T10:50:00+00:00,,True,2026-01-20T10:51:07.131000+00:00
24,2,0,0.4767,14.66,0,0,1610,0,7693dc73-e030-6a41-2dbe-5df5e942a6df,196814233,A10,00000000-0000-0000-0000-000000000000,synthetic,v1,2026-01-20T10:50:00+00:00,,True,2026-01-20T10:51:08.741000+00:00
25,2,0,0.742,83.28,0,0,3813,1,7693dc73-e030-6a41-2dbe-5df5e942a6df,196814233,A03,00000000-0000-0000-0000-000000000000,synthetic,v1,2026-01-20T10:50:00+00:00,,True,2026-01-20T10:51:12.554000+00:00
26,1,0,1.04,0.0,1,0,3078,0,7693dc73-e030-6a41-2dbe-5df5e942a6df,196814233,F10,00000000-0000-0000-0000-000000000000,synthetic,v1,2026-01-20T10:50:00+00:00,,True,2026-01-20T10:51:15.632000+00:00
27,3,1,0.9291,0.0,0,0,4031,0,7693dc73-e030-6a41-2dbe-5df5e942a6df,196814233,L03,00000000-0000-0000-0000-000000000000,synthetic,v1,2026-01-20T10:50:00+00:00,,True,2026-01-20T10:51:19.663000+00:00
28,3,1,1.116,0.0,0,0,2688,1,7693dc73-e030-6a41-2dbe-5df5e942a6df,196814233,L10,00000000-0000-0000-0000-000000000000,synthetic,v1,2026-01-20T10:50:00+00:00,,True,2026-01-20T10:51:22.351000+00:00
29,3,1,0.8696,0.0,1,0,3473,0,7693dc73-e030-6a41-2dbe-5df5e942a6df,196814233,L08,00000000-0000-0000-0000-000000000000,synthetic,v1,2026-01-20T10:50:00+00:00,,True,2026-01-20T10:51:25.824000+00:00
30,3,1,1.0055,0.0,0,0,3251,0,7693dc73-e030-6a41-2dbe-5df5e942a6df,196814233,L06,00000000-0000-0000-0000-000000000000,synthetic,v1,2026-01-20T10:50:00+00:00,,True,2026-01-20T10:51:29.075000+00:00
1,2,0,0.7404,64.07,0,1,4572,0,22b3c5ad-9fb3-f577-cd36-1903e247e372,1242911821,A03,00000000-0000-0000-0000-000000000000,synthetic,v1,2026-01-20T10:55:00+00:00,,True,2026-01-20T10:55:04.572000+00:00
2,3,1,1.0,0.0,0,0,4646,0,22b3c5ad-9fb3-f577-cd36-1903e247e372,1242911821,L08,00000000-0000-0000-0000-000000000000,synthetic,v1,2026-01-20T10:55:00+00:00,,True,2026-01-20T10:55:09.218000+00:00
3,2,0,0.7088,3.67,0,0,1223,0,22b3c5ad-9fb3-f577-cd36-1903e247e372,1242911821,A02,00000000-0000-0000-0000-000000000000,synthetic,v1,2026-01-20T10:55:00+00:00,,True,2026-01-20T10:55:10.441000+00:00
4,3,1,0.9226,0.0,0,0,866,0,22b3c5ad-9fb3-f577-cd36-1903e247e372,1242911821,L01,00000000-0000-0000-0000-000000000000,synthetic,v1,2026-01-20T10:55:00+00:00,,True,2026-01-20T10:55:11.307000+00:00
5,2,0,0.832,1098.03,0,0,5171,1,22b3c5ad-9fb3-f577-cd36-1903e247e372,1242911821,A06,00000000-0000-0000-0000-000000000000,synthetic,v1,2026-01-20T10:55:00+00:00,,True,2026-01-20T10:55:16.478000+00:00
6,1,0,1.01,0.0,1,0,5728,1,22b3c5ad-9fb3-f577-cd36-1903e247e372,1242911821,F01,00000000-0000-0000-0000-000000000000,synthetic,v1,2026-01-20T10:55:00+00:00,,True,2026-01-20T10:55:22.206000+00:00
7,1,0,0.955,0.0,1,0,1700,0,22b3c5ad-9fb3-f577-cd36-1903e247e372,1242911821,F03,00000000-0000-0000-0000-000000000000,synthetic,v1,2026-01-20T10:55:00+00:00,,True,2026-01-20T10:55:23.906000+00:00
8,1,1,1.0333,0.0,0,0,1071,1,22b3c5ad-9fb3-f577-cd36-1903e247e372,1242911821,F05,00000000-0000-0000-0000-000000000000,synthetic,v1,2026-01-20T10:55:00+00:00,,True,2026-01-20T10:55:24.977000+00:00
9,1,1,0.99,0.0,1,0,3147,1,22b3c5ad-9fb3-f577-cd36-1903e247e372,1242911821,F02,00000000-0000-0000-0000-000000000000,synthetic,v1,2026-01-20T10:55:00+00:00,,True,2026-01-20T10:55:28.124000+00:00
10,3,1,1.0059,0.0,1,0,4973,0,22b3c5ad-9fb3-f577-cd36-1903e247e372,1242911821,L02,00000000-0000-0000-0000-000000000000,synthetic,v1,2026-01-20T10:55:00+00:00,,True,2026-01-20T10:55:33.097000+00:00
11,2,0,0.5841,154.74,0,0,8011,0,22b3c5ad-9fb3-f577-cd36-1903e247e372,1242911821,A09,00000000-0000-0000-0000-000000000000,synthetic,v1,2026-01-20T10:55:00+00:00,,True,2026-01-20T10:55:41.108000+00:00
12,3,1,1.0992,0.0,0,0,3959,0,22b3c5ad-9fb3-f577-cd36-1903e247e372,1242911821,L06,00000000-0000-0000-0000-000000000000,synthetic,v1,2026-01-20T10:55:00+00:00,,True,2026-01-20T10:55:45.067000+00:00
13,2,0,0.7073,12.61,0,0,2429,0,22b3c5ad-9fb3-f577-cd36-1903e247e372,1242911821,A04,00000000-0000-0000-0000-000000000000,synthetic,v1,2026-01-20T10:55:00+00:00,,True,2026-01-20T10:55:47.496000+00:00
14,3,1,1.0265,0.0,0,0,1823,0,22b3c5ad-9fb3-f577-cd36-1903e247e372,1242911821,L04,00000000-0000-0000-0000-000000000000,synthetic,v1,2026-01-20T10:55:00+00:00,,True,2026-01-20T10:55:49.319000+00:00
15,2,0,0.7255,10.0,0,0,2999,1,22b3c5ad-9fb3-f577-cd36-1903e247e372,1242911821,A08,00000000-0000-0000-0000-000000000000,synthetic,v1,2026-01-20T10:55:00+00:00,,True,2026-01-20T10:55:52.318000+00:00
16,1,1,0.9167,0.0,1,0,2528,1,22b3c5ad-9fb3-f577-cd36-1903e247e372,1242911821,F09,00000000-0000-0000-0000-000000000000,synthetic,v1,2026-01-20T10:55:00+00:00,,True,2026-01-20T10:55:54.846000+00:00
17,3,1,0.8686,0.0,1,0,1705,0,22b3c5ad-9fb3-f577-cd36-1903e247e372,1242911821,L10,00000000-0000-0000-0000-000000000000,synthetic,v1,2026-01-20T10:55:00+00:00,,True,2026-01-20T10:55:56.551000+00:00
18,3,1,1.0556,0.0,0,0,9198,0,22b3c5ad-9fb3-f577-cd36-1903e247e372,1242911821,L05,00000000-0000-0000-0000-000000000000,synthetic,v1,2026-01-20T10:55:00+00:00,,True,2026-01-20T10:56:05.749000+00:00
19,3,1,1.1371,0.0,0,0,7957,0,22b3c5ad-9fb3-f577-cd36-1903e247e372,1242911821,L07,00000000-0000-0000-0000-000000000000,synthetic,v1,2026-01-20T10:55:00+00:00,,True,2026-01-20T10:56:13.706000+00:00
20,3,1,1.0392,0.0,0,0,5568,1,22b3c5ad-9fb3-f577-cd36-1903e247e372,1242911821,L09,00000000-0000-0000-0000-000000000000,synthetic,v1,2026-01-20T10:55:00+00:00,,True,2026-01-20T10:56:19.274000+00:00
31,1,0,1.0,0.0,0,0,2545,0,22b3c5ad-9fb3-f577-cd36-1903e247e372,1242911821,ATTN,00000000-0000-0000-0000-000000000000,synthetic,v1,2026-01-20T10:55:00+00:00,True,True,2026-01-20T10:56:20.524000+00:00
21,1,1,1.0833,0.0,1,0,4237,0,22b3c5ad-9fb3-f577-cd36-1903e247e372,1242911821,F06,00000000-0000-0000-0000-000000000000,synthetic,v1,2026-01-20T10:55:00+00:00,,True,2026-01-20T10:56:24.761000+00:00
22,3,1,0.9725,0.0,0,0,3802,0,22b3c5ad-9fb3-f577-cd36-1903e247e372,1242911821,L03,00000000-0000-0000-0000-000000000000,synthetic,v1,2026-01-20T10:55:00+00:00,,True,2026-01-20T10:56:28.563000+00:00
23,1,1,0.95,0.0,0,0,5927,1,22b3c5ad-9fb3-f577-cd36-1903e247e372,1242911821,F08,00000000-0000-0000-0000-000000000000,synthetic,v1,2026-01-20T10:55:00+00:00,,True,2026-01-20T10:56:34.490000+00:00
24,2,0,0.387,6.39,1,0,4227,1,22b3c5ad-9fb3-f577-cd36-1903e247e372,1242911821,A10,00000000-0000-0000-0000-000000000000,synthetic,v1,2026-01-20T10:55:00+00:00,,True,2026-01-20T10:56:38.717000+00:00
25,1,0,1.1,0.0,1,0,4478,0,22b3c5ad-9fb3-f577-cd36-1903e247e372,1242911821,F07,00000000-0000-0000-0000-000000000000,synthetic,v1,2026-01-20T10:55:00+00:00,,True,2026-01-20T10:56:43.195000+00:00
26,2,0,0.6198,4.29,0,0,4231,0,22b3c5ad-9fb3-f577-cd36-1903e247e372,1242911821,A07,00000000-0000-0000-0000-000000000000,synthetic,v1,2026-01-20T10:55:00+00:00,,True,2026-01-20T10:56:47.426000+00:00
27,1,0,1.04,0.0,0,0,3595,1,22b3c5ad-9fb3-f577-cd36-1903e247e372,1242911821,F04,00000000-0000-0000-0000-000000000000,synthetic,v1,2026-01-20T10:55:00+00:00,,True,2026-01-20T10:56:51.021000+00:00
28,1,0,0.9,0.0,1,0,1117,0,22b3c5ad-9fb3-f577-cd36-1903e247e372,1242911821,F10,00000000-0000-0000-0000-000000000000,synthetic,v1,2026-01-20T10:55:00+00:00,,True,2026-01-20T10:56:52.138000+00:00
29,2,0,0.7224,65.2,0,0,3121,1,22b3c5ad-9fb3-f577-cd36-1903e247e372,1242911821,A01,00000000-0000-0000-0000-000000000000,synthetic,v1,2026-01-20T10:55:00+00:00,,True,2026-01-20T10:56:55.259000+00:00
30,2,0,0.823,75.95,1,0,2195,1,22b3c5ad-9fb3-f577-cd36-1903e247e372,1242911821,A05,00000000-0000-0000-0000-000000000000,synthetic,v1,2026-01-20T10:55:00+00:00,,True,2026-01-20T10:56:57.454000+00:00
1,3,1,1.0197,0.0,0,1,1474,1,dd533b43-cf1f-0adc-483c-1961c26fdac1,999829240,L09,00000000-0000-0000-0000-000000000000,synthetic,v1,2026-01-20T11:00:00+00:00,,True,2026-01-20T11:00:01.474000+00:00
2,3,1,1.0697,0.0,1,0,7517,1,dd533b43-cf1f-0adc-483c-1961c26fdac1,999829240,L10,00000000-0000-0000-0000-000000000000,synthetic,v1,2026-01-20T11:00:00+00:00,,True,2026-01-20T11:00:08.991000+00:00
3,1,0,0.855,0.0,1,0,7715,0,dd533b43-cf1f-0adc-483c-1961c26fdac1,999829240,F07,00000000-0000-0000-0000-000000000000,synthetic,v1,2026-01-20T11:00:00+00:00,,True,2026-01-20T11:00:16.706000+00:00
4,1,1,0.91,0.0,0,0,6295,1,dd533b43-cf1f-0adc-483c-1961c26fdac1,999829240,F02,00000000-0000-0000-0000-000000000000,synthetic,v1,2026-01-20T11:00:00+00:00,,True,2026-01-20T11:00:23.001000+00:00
5,3,1,1.0714,0.0,1,0,3430,0,dd533b43-cf1f-0adc-483c-1961c26fdac1,999829240,L03,00000000-0000-0000-0000-000000000000,synthetic,v1,2026-01-20T11:00:00+00:00,,True,2026-01-20T11:00:26.431000+00:00
6,2,0,0.6374,8.65,0,0,6265,0,dd533b43-cf1f-0adc-483c-1961c26fdac1,999829240,A08,00000000-0000-0000-0000-000000000000,synthetic,v1,2026-01-20T11:00:00+00:00,,True,2026-01-20T11:00:32.696000+00:00
7,1,1,1.1,0.0,0,0,3000,0,dd533b43-cf1f-0adc-483c-1961c26fdac1,999829240,F08,00000000-0000-0000-0000-000000000000,synthetic,v1,2026-01-20T11:00:00+00:00,,True,2026-01-20T11:00:35.696000+00:00
8,2,0,0.7478,6.61,0,0,3332,0,dd533b43-cf1f-0adc-483c-1961c26fdac1,999829240,A04,00000000-0000-0000-0000-000000000000,synthetic,v1,2026-01-20T11:00:00+00:00,,True,2026-01-20T11:00:39.028000+00:00
9,3,1,0.8936,0.0,0,0,1633,1,dd533b43-cf1f-0adc-483c-1961c26fdac1,999829240,L07,00000000-0000-0000-0000-000000000000,synthetic,v1,2026-01-20T11:00:00+00:00,,True,2026-01-20T11:00:40.661000+00:00
10,2,0,0.7787,77.31,1,0,3708,1,dd533b43-cf1f-0adc-483c-1961c26fdac1,999829240,A01,00000000-0000-0000-0000-000000000000,synthetic,v1,2026-01-20T11:00:00+00:00,,True,2026-01-20T11:00:44.369000+00:00
11,3,1,1.1265,0.0,1,0,3081,0,dd533b43-cf1f-0adc-483c-1961c26fdac1,999829240,L05,00000000-0000-0000-0000-000000000000,synthetic,v1,2026-01-20T11:00:00+00:00,,True,2026-01-20T11:00:47.450000+00:00
12,2,0,0.6148,2.0,0,0,1456,0,dd533b43-cf1f-0adc-483c-1961c26fdac1,999829240,A07,00000000-0000-0000-0000-000000000000,synthetic,v1,2026-01-20T11:00:00+00:00,,True,2026-01-20T11:00:48.906000+00:00
13,3,1,1.064,0.0,0,0,2898,1,dd533b43-cf1f-0adc-483c-1961c26fdac1,999829240,L02,00000000-0000-0000-0000-000000000000,synthetic,v1,2026-01-20T11:00:00+00:00,,True,2026-01-20T11:00:51.804000+00:00
14,1,0,1.105,0.0,1,0,2853,0,dd533b43-cf1f-0adc-483c-1961c26fdac1,999829240,F01,00000000-0000-0000-0000-000000000000,synthetic,v1,2026-01-20T11:00:00+00:00,,True,2026-01-20T11:00:54.657000+00:00
15,1,1,0.92,0.0,0,0,8011,1,dd533b43-cf1f-0adc-483c-1961c26fdac1,999829240,F03,00000000-0000-0000-0000-000000000000,synthetic,v1,2026-01-20T11:00:00+00:00,,True,2026-01-20T11:01:02.668000+00:00
16,1,1,1.06,0.0,1,0,4874,1,dd533b43-cf1f-0adc-483c-1961c26fdac1,999829240,F04,00000000-0000-0000-0000-000000000000,synthetic,v1,2026-01-20T11:00:00+00:00,,True,2026-01-20T11:01:07.542000+00:00
17,2,0,0.6944,41.02,1,0,2999,0,dd533b43-cf1f-0adc-483c-1961c26fdac1,999829240,A03,00000000-0000-0000-0000-000000000000,synthetic,v1,2026-01-20T11:00:00+00:00,,True,2026-01-20T11:01:10.541000+00:00
18,1,0,0.95,0.0,0,0,3418,1,dd533b43-cf1f-0adc-483c-1961c26fdac1,999829240,F09,00000000-0000-0000-0000-000000000000,synthetic,v1,2026-01-20T11:00:00+00:00,,True,2026-01-20T11:01:13.959000+00:00
19,3,1,1.0017,0.0,1,0,3054,0,dd533b43-cf1f-0adc-483c-1961c26fdac1,999829240,L06,00000000-0000-0000-0000-000000000000,synthetic,v1,2026-01-20T11:00:00+00:00,,True,2026-01-20T11:01:17.013000+00:00
20,2,0,0.7821,2.76,0,0,2666,0,dd533b43-cf1f-0adc-483c-1961c26fdac1,999829240,A02,00000000-0000-0000-0000-000000000000,synthetic,v1,2026-01-20T11:00:00+00:00,,True,2026-01-20T11:01:19.679000+00:00
31,1,0,1.0,0.0,0,0,1702,0,dd533b43-cf1f-0adc-483c-1961c26fdac1,999829240,ATTN,00000000-0000-0000-0000-000000000000,synthetic,v1,2026-01-20T11:00:00+00:00,False,True,2026-01-20T11:01:20.851000+00:00
21,1,1,1.1,0.0,0,0,1977,1,dd533b43-cf1f-0adc-483c-1961c26fdac1,999829240,F10,00000000-0000-0000-0000-000000000000,synthetic,v1,2026-01-20T11:00:00+00:00,,True,2026-01-20T11:01:22.828000+00:00
22,2,0,0.456,4.79,1,0,1498,0,dd533b43-cf1f-0adc-483c-1961c26fdac1,999829240,A10,00000000-0000-0000-0000-000000000000,synthetic,v1,2026-01-20T11:00:00+00:00,,True,2026-01-20T11:01:24.326000+00:00
23,3,1,1.0909,0.0,0,0,3948,0,dd533b43-cf1f-0adc-483c-1961c26fdac1,999829240,L01,00000000-0000-0000-0000-000000000000,synthetic,v1,2026-01-20T11:00:00+00:00,,True,2026-01-20T11:01:28.274000+00:00
24,2,0,0.7141,61.58,0,0,3696,0,dd533b43-cf1f-0adc-483c-1961c26fdac1,999829240,A05,00000000-0000-0000-0000-000000000000,synthetic,v1,2026-01-20T11:00:00+00:00,,True,2026-01-20T11:01:31.970000+00:00
25,3,1,1.0345,0.0,0,0,1115,0,dd533b43-cf1f-0adc-483c-1961c26fdac1,999829240,L08,00000000-0000-0000-0000-000000000000,synthetic,v1,2026-01-20T11:00:00+00:00,,True,2026-01-20T11:01:33.085000+00:00
26,1,0,1.1,0.0,0,0,2786,0,dd533b43-cf1f-0adc-483c-1961c26fdac1,999829240,F06,00000000-0000-0000-0000-000000000000,synthetic,v1,2026-01-20T11:00:00+00:00,,True,2026-01-20T11:01:35.871000+00:00
27,3,1,1.0955,0.0,0,0,5154,1,dd533b43-cf1f-0adc-483c-1961c26fdac1,999829240,L04,00000000-0000-0000-0000-000000000000,synthetic,v1,2026-01-20T11:00:00+00:00,,True,2026-01-20T11:01:41.025000+00:00
28,2,0,0.82,1028.63,1,0,5337,0,dd533b43-cf1f-0adc-483c-1961c26fdac1,999829240,A06,00000000-0000-0000-0000-000000000000,synthetic,v1,2026-01-20T11:00:00+00:00,,True,2026-01-20T11:01:46.362000+00:00
29,2,0,0.5724,33.22,0,0,5240,0,dd533b43-cf1f-0adc-483c-1961c26fdac1,999829240,A09,00000000-0000-0000-0000-000000000000,synthetic,v1,2026-01-20T11:00:00+00:00,,True,2026-01-20T11:01:51.602000+00:00
30,1,0,0.8933,0.0,0,0,3045,0,dd533b43-cf1f-0adc-483c-1961c26fdac1,999829240,F05,00000000-0000-0000-0000-000000000000,synthetic,v1,2026-01-20T11:00:00+00:00,,True,2026-01-20T11:01:54.647000+00:00
1,1,0,1.09,0.0,0,1,1872,1,e09f385d-d2cb-ee01-0373-94ef82d30710,1632629719,F01,00000000-0000-0000-0000-000000000000,synthetic,v1,2026-01-20T11:05:00+00:00,,True,2026-01-20T11:05:01.872000+00:00
2,3,1,0.948,0.0,1,0,1642,1,e09f385d-d2cb-ee01-0373-94ef82d30710,1632629719,L09,00000000-0000-0000-0000-000000000000,synthetic,v1,2026-01-20T11:05:00+00:00,,True,2026-01-20T11:05:03.514000+00:00
3,3,1,0.8658,0.0,1,0,3603,1,e09f385d-d2cb-ee01-0373-94ef82d30710,1632629719,L05,00000000-0000-0000-0000-000000000000,synthetic,v1,2026-01-20T11:05:00+00:00,,True,2026-01-20T11:05:07.117000+00:00
4,2,0,0.7408,72.88,1,0,3672,1,e09f385d-d2cb-ee01-0373-94ef82d30710,1632629719,A03,00000000-0000-0000-0000-000000000000,synthetic,v1,2026-01-20T11:05:00+00:00,,True,2026-01-20T11:05:10.789000+00:00
5,3,1,0.8807,0.0,1,0,6051,1,e09f385d-d2cb-ee01-0373-94ef82d30710,1632629719,L06,00000000-0000-0000-0000-000000000000,synthetic,v1,2026-01-20T11:05:00+00:00,,True,2026-01-20T11:05:16.840000+00:00
6,2,0,0.749,20.9,1,0,5458,0,e09f385d-d2cb-ee01-0373-94ef82d30710,1632629719,A04,00000000-0000-0000-0000-000000000000,synthetic,v1,2026-01-20T11:05:00+00:00,,True,2026-01-20T11:05:22.298000+00:00
7,3,1,0.961,0.0,0,0,2771,0,e09f385d-d2cb-ee01-0373-94ef82d30710,1632629719,L07,00000000-0000-0000-0000-000000000000,synthetic,v1,2026-01-20T11:05:00+00:00,,True,2026-01-20T11:05:25.069000+00:00
8,3,1,1.0075,0.0,0,0,1503,1,e09f385d-d2cb-ee01-0373-94ef82d30710,1632629719,L02,00000000-0000-0000-0000-000000000000,synthetic,v1,2026-01-20T11:05:00+00:00,,True,2026-01-20T11:05:26.572000+00:00
9,1,1,1.065,0.0,1,0,2501,0,e09f385d-d2cb-ee01-0373-94ef82d30710,1632629719,F03,00000000-0000-0000-0000-000000000000,synthetic,v1,2026-01-20T11:05:00+00:00,,True,2026-01-20T11:05:29.073000+00:00
10,1,1,0.8833,0.0,0,0,3359,1,e09f385d-d2cb-ee01-0373-94ef82d30710,1632629719,F09,00000000-0000-0000-0000-000000000000,synthetic,v1,2026-01-20T11:05:00+00:00,,True,2026-01-20T11:05:32.432000+00:00
11,1,0,1.0933,0.0,1,0,2667,0,e09f385d-d2cb-ee01-0373-94ef82d30710,1632629719,F05,00000000-0000-0000-0000-000000000000,synthetic,v1,2026-01-20T11:05:00+00:00,,True,2026-01-20T11:05:35.099000+00:00
12,3,1,0.95,0.0,0,0,2169,1,e09f385d-d2cb-ee01-0373-94ef82d30710,1632629719,L01,00000000-0000-0000-0000-000000000000,synthetic,v1,2026-01-20T11:05:00+00:00,,True,2026-01-20T11:05:37.268000+00:00
13,2,0,0.6617,9.77,1,0,3425,1,e09f385d-d2cb-ee01-0373-94ef82d30710,1632629719,A08,00000000-0000-0000-0000-000000000000,synthetic,v1,2026-01-20T11:05:00+00:00,,True,2026-01-20T11:05:40.693000+00:00
14,3,1,0.9025,0.0,1,0,2259,1,e09f385d-d2cb-ee01-0373-94ef82d30710,1632629719,L10,00000000-0000-0000-0000-000000000000,synthetic,v1,2026-01-20T11:05:00+00:00,,True,2026-01-20T11:05:42.952000+00:00
15,2,0,0.788,74.25,1,0,2110,1,e09f385d-d2cb-ee01-0373-94ef82d30710,1632629719,A01,00000000-0000-0000-0000-000000000000,synthetic,v1,2026-01-20T11:05:00+00:00,,True,2026-01-20T11:05:45.062000+00:00
16,1,0,1.1167,0.0,1,0,3537,1,e09f385d-d2cb-ee01-0373-94ef82d30710,1632629719,F06,00000000-0000-0000-0000-000000000000,synthetic,v1,2026-01-20T11:05:00+00:00,,True,2026-01-20T11:05:48.599000+00:00
17,1,0,1.06,0.0,1,0,2389,0,e09f385d-d2cb-ee01-0373-94ef82d30710,1632629719,F04,00000000-0000-0000-0000-000000000000,synthetic,v1,2026-01-20T11:05:00+00:00,,True,2026-01-20T11:05:50.988000+00:00
18,1,1,0.86,0.0,0,0,3409,0,e09f385d-d2cb-ee01-0373-94ef82d30710,1632629719,F10,00000000-0000-0000-0000-000000000000,synthetic,v1,2026-01-20T11:05:00+00:00,,True,2026-01-20T11:05:54.397000+00:00
19,2,0,0.7824,1550.85,0,0,3464,1,e09f385d-d2cb-ee01-0373-94ef82d30710,1632629719,A06,00000000-0000-0000-0000-000000000000,synthetic,v1,2026-01-20T11:05:00+00:00,,True,2026-01-20T11:05:57.861000+00:00
20,3,1,0.9524,0.0,1,0,1592,1,e09f385d-d2cb-ee01-0373-94ef82d30710,1632629719,L08,00000000-0000-0000-0000-000000000000,synthetic,v1,2026-01-20T11:05:00+00:00,,True,2026-01-20T11:05:59.453000+00:00
31,1,0,1.0,0.0,0,0,3213,0,e09f385d-d2cb-ee01-0373-94ef82d30710,1632629719,ATTN,00000000-0000-0000-0000-000000000000,synthetic,v1,2026-01-20T11:05:00+00:00,True,True,2026-01-20T11:06:00.944000+00:00
21,1,1,0.9333,0.0,1,0,1573,1,e09f385d-d2cb-ee01-0373-94ef82d30710,1632629719,F08,00000000-0000-0000-0000-000000000000,synthetic,v1,2026-01-20T11:05:00+00:00,,True,2026-01-20T11:06:02.517000+00:00
22,2,0,0.6788,2.64,1,0,930,0,e09f385d-d2cb-ee01-0373-94ef82d30710,1632629719,A02,00000000-0000-0000-0000-000000000000,synthetic,v1,2026-01-20T11:05:00+00:00,,True,2026-01-20T11:06:03.447000+00:00
23,1,1,1.03,0.0,0,0,1070,1,e09f385d-d2cb-ee01-0373-94ef82d30710,1632629719,F07,00000000-0000-0000-0000-000000000000,synthetic,v1,2026-01-20T11:05:00+00:00,,True,2026-01-20T11:06:04.517000+00:00
24,3,1,1.0207,0.0,1,0,3029,1,e09f385d-d2cb-ee01-0373-94ef82d30710,1632629719,L04,00000000-0000-0000-0000-000000000000,synthetic,v1,2026-01-20T11:05:00+00:00,,True,2026-01-20T11:06:07.546000+00:00
25,2,0,0.5287,118.04,1,0,3032,1,e09f385d-d2cb-ee01-0373-94ef82d30710,1632629719,A09,00000000-0000-0000-0000-000000000000,synthetic,v1,2026-01-20T11:05:00+00:00,,True,2026-01-20T11:06:10.578000+00:00
26,2,0,0.5602,10.44,1,0,2794,0,e09f385d-d2cb-ee01-0373-94ef82d30710,1632629719,A07,00000000-0000-0000-0000-000000000000,synthetic,v1,2026-01-20T11:05:00+00:00,,True,2026-01-20T11:06:13.372000+00:00
27,2,0,0.785,59.4,0,0,5812,1,e09f385d-d2cb-ee01-0373-94ef82d30710,1632629719,A05,00000000-0000-0000-0000-000000000000,synthetic,v1,2026-01-20T11:05:00+00:00,,True,2026-01-20T11:06:19.184000+00:00
28,3,1,1.0629,0.0,1,0,685,0,e09f385d-d2cb-ee01-0373-94ef82d30710,1632629719,L03,00000000-0000-0000-0000-000000000000,synthetic,v1,2026-01-20T11:05:00+00:00,,True,2026-01-20T11:06:19.869000+00:00
29,2,0,0.4675,11.29,0,0,3706,1,e09f385d-d2cb-ee01-0373-94ef82d30710,1632629719,A10,00000000-0000-0000-0000-000000000000,synthetic,v1,2026-01-20T11:05:00+00:00,,True,2026-01-20T11:06:23.575000+00:00
30,1,0,1.05,0.0,1,0,7035,0,e09f385d-d2cb-ee01-0373-94ef82d30710,1632629719,F02,00000000-0000-0000-0000-000000000000,synthetic,v1,2026-01-20T11:05:00+00:00,,True,2026-01-20T11:06:30.610000+00:00
1,3,1,0.9756,0.0,0,1,1603,0,637d7fcb-d451-3e4e-2d2d-2c8603e97046,1947382419,L08,00000000-0000-0000-0000-000000000000,synthetic,v1,2026-01-20T11:10:00+00:00,,True,2026-01-20T11:10:01.603000+00:00
2,1,1,1.0667,0.0,0,0,2418,1,637d7fcb-d451-3e4e-2d2d-2c8603e97046,1947382419,F08,00000000-0000-0000-0000-000000000000,synthetic,v1,2026-01-20T11:10:00+00:00,,True,2026-01-20T11:10:04.021000+00:00
3,1,1,1.05,0.0,1,0,1970,0,637d7fcb-d451-3e4e-2d2d-2c8603e97046,1947382419,F04,00000000-0000-0000-0000-000000000000,synthetic,v1,2026-01-20T11:10:00+00:00,,True,2026-01-20T11:10:05.991000+00:00
4,2,0,0.4347,2.96,0,0,1822,1,637d7fcb-d451-3e4e-2d2d-2c8603e97046,1947382419,A10,00000000-0000-0000-0000-000000000000,synthetic,v1,2026-01-20T11:10:00+00:00,,True,2026-01-20T11:10:07.813000+00:00
5,1,0,0.91,0.0,1,0,2491,1,637d7fcb-d451-3e4e-2d2d-2c8603e97046,1947382419,F03,00000000-0000-0000-0000-000000000000,synthetic,v1,2026-01-20T11:10:00+00:00,,True,2026-01-20T11:10:10.304000+00:00
6,2,0,0.9122,3413.53,1,0,6536,0,637d7fcb-d451-3e4e-2d2d-2c8603e97046,1947382419,A06,00000000-0000-0000-0000-000000000000,synthetic,v1,2026-01-20T11:10:00+00:00,,True,2026-01-20T11:10:16.840000+00:00
7,2,0,0.484,154.46,0,0,8189,1,637d7fcb-d451-3e4e-2d2d-2c8603e97046,1947382419,A09,00000000-0000-0000-0000-000000000000,synthetic,v1,2026-01-20T11:10:00+00:00,,True,2026-01-20T11:10:25.029000+00:00
8,2,0,0.8429,43.28,1,0,2478,0,637d7fcb-d451-3e4e-2d2d-2c8603e97046,1947382419,A03,00000000-0000-0000-0000-000000000000,synthetic,v1,2026-01-20T11:10:00+00:00,,True,2026-01-20T11:10:27.507000+00:00
9,1,1,0.89,0.0,0,0,8499,1,637d7fcb-d451-3e4e-2d2d-2c8603e97046,1947382419,F02,00000000-0000-0000-0000-000000000000,synthetic,v1,2026-01-20T11:10:00+00:00,,True,2026-01-20T11:10:36.006000+00:00
10,3,1,0.8541,0.0,1,0,3039,0,637d7fcb-d451-3e4e-2d2d-2c8603e97046,1947382419,L05,00000000-0000-0000-0000-000000000000,synthetic,v1,2026-01-20T11:10:00+00:00,,True,2026-01-20T11:10:39.045000+00:00
11,1,0,1.1278,0.0,0,0,7820,0,637d7fcb-d451-3e4e-2d2d-2c8603e97046,1947382419,F06,00000000-0000-0000-0000-000000000000,synthetic,v1,2026-01-20T11:10:00+00:00,,True,2026-01-20T11:10:46.865000+00:00
12,3,1,0.939,0.0,0,0,2831,1,637d7fcb-d451-3e4e-2d2d-2c8603e97046,1947382419,L09,00000000-0000-0000-0000-000000000000,synthetic,v1,2026-01-20T11:10:00+00:00,,True,2026-01-20T11:10:49.696000+00:00
13,1,0,1.075,0.0,1,0,3203,0,637d7fcb-d451-3e4e-2d2d-2c8603e97046,1947382419,F01,00000000-0000-0000-0000-000000000000,synthetic,v1,2026-01-20T11:10:00+00:00,,True,2026-01-20T11:10:52.899000+00:00
14,2,0,0.6524,69.02,0,0,3644,1,637d7fcb-d451-3e4e-2d2d-2c8603e97046,1947382419,A01,00000000-0000-0000-0000-000000000000,synthetic,v1,2026-01-20T11:10:00+00:00,,True,2026-01-20T11:10:56.543000+00:00
15,3,1,0.9768,0.0,1,0,17126,0,637d7fcb-d451-3e4e-2d2d-2c8603e97046,1947382419,L04,00000000-0000-0000-0000-000000000000,synthetic,v1,2026-01-20T11:10:00+00:00,,True,2026-01-20T11:11:13.669000+00:00
16,2,0,0.7629,2.85,0,0,4760,0,637d7fcb-d451-3e4e-2d2d-2c8603e97046,1947382419,A02,00000000-0000-0000-0000-000000000000,synthetic,v1,2026-01-20T11:10:00+00:00,,True,2026-01-20T11:11:18.429000+00:00
17,2,0,0.8217,85.02,0,0,2020,1,637d7fcb-d451-3e4e-2d2d-2c8603e97046,1947382419,A05,00000000-0000-0000-0000-000000000000,synthetic,v1,2026-01-20T11:10:00+00:00,,True,2026-01-20T11:11:20.449000+00:00
18,3,1,1.0762,0.0,1,0,5079,1,637d7fcb-d451-3e4e-2d2d-2c8603e97046,1947382419,L01,00000000-0000-0000-0000-000000000000,synthetic,v1,2026-01-20T11:10:00+00:00,,True,2026-01-20T11:11:25.528000+00:00
19,1,0,0.92,0.0,1,0,2443,0,637d7fcb-d451-3e4e-2d2d-2c8603e97046,1947382419,F05,00000000-0000-0000-0000-000000000000,synthetic,v1,2026-01-20T11:10:00+00:00,,True,2026-01-20T11:11:27.971000+00:00
20,1,0,1.015,0.0,0,0,2277,1,637d7fcb-d451-3e4e-2d2d-2c8603e97046,1947382419,F07,00000000-0000-0000-0000-000000000000,synthetic,v1,2026-01-20T11:10:00+00:00,,True,2026-01-20T11:11:30.248000+00:00
31,1,0,1.0,0.0,0,0,1830,0,637d7fcb-d451-3e4e-2d2d-2c8603e97046,1947382419,ATTN,00000000-0000-0000-0000-000000000000,synthetic,v1,2026-01-20T11:10:00+00:00,True,True,2026-01-20T11:11:32.848000+00:00
21,1,1,0.86,0.0,1,0,3474,1,637d7fcb-d451-3e4e-2d2d-2c8603e97046,1947382419,F10,00000000-0000-0000-0000-000000000000,synthetic,v1,2026-01-20T11:10:00+00:00,,True,2026-01-20T11:11:36.322000+00:00
22,1,1,1.1,0.0,1,0,3003,1,637d7fcb-d451-3e4e-2d2d-2c8603e97046,1947382419,F09,00000000-0000-0000-0000-000000000000,synthetic,v1,2026-01-20T11:10:00+00:00,,True,2026-01-20T11:11:39.325000+00:00
23,3,1,0.9304,0.0,1,0,3587,1,637d7fcb-d451-3e4e-2d2d-2c8603e97046,1947382419,L06,00000000-0000-0000-0000-000000000000,synthetic,v1,2026-01-20T11:10:00+00:00,,True,2026-01-20T11:11:42.912000+00:00
24,3,1,1.0604,0.0,1,0,3765,1,637d7fcb-d451-3e4e-2d2d-2c8603e97046,1947382419,L03,00000000-0000-0000-0000-000000000000,synthetic,v1,2026-01-20T11:10:00+00:00,,True,2026-01-20T11:11:46.677000+00:00
25,3,1,1.0233,0.0,1,0,1027,1,637d7fcb-d451-3e4e-2d2d-2c8603e97046,1947382419,L02,00000000-0000-0000-0000-000000000000,synthetic,v1,2026-01-20T11:10:00+00:00,,True,2026-01-20T11:11:47.704000+00:00
26,2,0,0.7949,13.66,1,0,4301,0,637d7fcb-d451-3e4e-2d2d-2c8603e97046,1947382419,A08,00000000-0000-0000-0000-000000000000,synthetic,v1,2026-01-20T11:10:00+00:00,,True,2026-01-20T11:11:52.005000+00:00
27,2,0,0.646,17.52,0,0,1736,1,637d7fcb-d451-3e4e-2d2d-2c8603e97046,1947382419,A04,00000000-0000-0000-0000-000000000000,synthetic,v1,2026-01-20T11:10:00+00:00,,True,2026-01-20T11:11:53.741000+00:00
28,3,1,1.0157,0.0,1,0,1348,0,637d7fcb-d451-3e4e-2d2d-2c8603e97046,1947382419,L10,00000000-0000-0000-0000-000000000000,synthetic,v1,2026-01-20T11:10:00+00:00,,True,2026-01-20T11:11:55.089000+00:00
29,3,1,0.8704,0.0,0,0,2886,0,637d7fcb-d451-3e4e-2d2d-2c8603e97046,1947382419,L07,00000000-0000-0000-0000-000000000000,synthetic,v1,2026-01-20T11:10:00+00:00,,True,2026-01-20T11:11:57.975000+00:00
30,2,0,0.6327,8.66,0,0,3121,1,637d7fcb-d451-3e4e-2d2d-2c8603e97046,1947382419,A07,00000000-0000-0000-0000-000000000000,synthetic,v1,2026-01-20T11:10:00+00:00,,True,2026-01-20T11:12:01.096000+00:00
1,3,1,1.1261,0.0,0,1,2035,1,9f219aa0-8742-7d81-4633-1b50ac104dd5,698594025,L02,00000000-0000-0000-0000-000000000000,synthetic,v1,2026-01-20T11:15:00+00:00,,True,2026-01-20T11:15:02.035000+00:00
2,1,1,1.04,0.0,1,0,4708,1,9f219aa0-8742-7d81-4633-1b50ac104dd5,698594025,F04,00000000-0000-0000-0000-000000000000,synthetic,v1,2026-01-20T11:15:00+00:00,,True,2026-01-20T11:15:06.743000+00:00
3,1,0,0.8767,0.0,1,0,1424,0,9f219aa0-8742-7d81-4633-1b50ac104dd5,698594025,F05,00000000-0000-0000-0000-000000000000,synthetic,v1,2026-01-20T11:15:00+00:00,,True,2026-01-20T11:15:08.167000+00:00
4,1,0,0.8667,0.0,0,0,2383,0,9f219aa0-8742-7d81-4633-1b50ac104dd5,698594025,F09,00000000-0000-0000-0000-000000000000,synthetic,v1,2026-01-20T11:15:00+00:00,,True,2026-01-20T11:15:10.550000+00:00
5,3,1,1.0485,0.0,0,0,2160,1,9f219aa0-8742-7d81-4633-1b50ac104dd5,698594025,L09,00000000-0000-0000-0000-000000000000,synthetic,v1,2026-01-20T11:15:00+00:00,,True,2026-01-20T11:15:12.710000+00:00
6,2,0,0.5004,156.32,1,0,2905,0,9f219aa0-8742-7d81-4633-1b50ac104dd5,698594025,A09,00000000-0000-0000-0000-000000000000,synthetic,v1,2026-01-20T11:15:00+00:00,,True,2026-01-20T11:15:15.615000+00:00
7,2,0,0.4167,2.53,0,0,3475,0,9f219aa0-8742-7d81-4633-1b50ac104dd5,698594025,A10,00000000-0000-0000-0000-000000000000,synthetic,v1,2026-01-20T11:15:00+00:00,,True,2026-01-20T11:15:19.090000+00:00
8,1,1,1.0167,0.0,0,0,1712,1,9f219aa0-8742-7d81-4633-1b50ac104dd5,698594025,F08,00000000-0000-0000-0000-000000000000,synthetic,v1,2026-01-20T11:15:00+00:00,,True,2026-01-20T11:15:20.802000+00:00
9,2,0,0.7404,83.61,1,0,4439,0,9f219aa0-8742-7d81-4633-1b50ac104dd5,698594025,A01,00000000-0000-0000-0000-000000000000,synthetic,v1,2026-01-20T11:15:00+00:00,,True,2026-01-20T11:15:25.241000+00:00
10,1,0,1.095,0.0,0,0,3086,0,9f219aa0-8742-7d81-4633-1b50ac104dd5,698594025,F01,00000000-0000-0000-0000-000000000000,synthetic,v1,2026-01-20T11:15:00+00:00,,True,2026-01-20T11:15:28.327000+00:00
11,1,0,0.9167,0.0,0,0,1053,0,9f219aa0-8742-7d81-4633-1b50ac104dd5,698594025,F06,00000000-0000-0000-0000-000000000000,synthetic,v1,2026-01-20T11:15:00+00:00,,True,2026-01-20T11:15:29.380000+00:00
12,2,0,0.6601,11.3,0,0,1015,1,9f219aa0-8742-7d81-4633-1b50ac104dd5,698594025,A04,00000000-0000-0000-0000-000000000000,synthetic,v1,2026-01-20T11:15:00+00:00,,True,2026-01-20T11:15:30.395000+00:00
13,2,0,0.6098,8.44,1,0,2960,1,9f219aa0-8742-7d81-4633-1b50ac104dd5,698594025,A07,00000000-0000-0000-0000-000000000000,synthetic,v1,2026-01-20T11:15:00+00:00,,True,2026-01-20T11:15:33.355000+00:00
14,3,1,0.9706,0.0,1,0,2639,1,9f219aa0-8742-7d81-4633-1b50ac104dd5,698594025,L04,00000000-0000-0000-0000-000000000000,synthetic,v1,2026-01-20T11:15:00+00:00,,True,2026-01-20T11:15:35.994000+00:00
15,2,0,0.7281,73.44,1,0,2816,0,9f219aa0-8742-7d81-4633-1b50ac104dd5,698594025,A03,00000000-0000-0000-0000-000000000000,synthetic,v1,2026-01-20T11:15:00+00:00,,True,2026-01-20T11:15:38.810000+00:00
16,3,1,0.9524,0.0,0,0,2935,0,9f219aa0-8742-7d81-4633-1b50ac104dd5,698594025,L08,00000000-0000-0000-0000-000000000000,synthetic,v1,2026-01-20T11:15:00+00:00,,True,2026-01-20T11:15:41.745000+00:00
17,2,0,0.6269,2.28,0,0,3374,0,9f219aa0-8742-7d81-4633-1b50ac104dd5,698594025,A02,00000000-0000-0000-0000-000000000000,synthetic,v1,2026-01-20T11:15:00+00:00,,True,2026-01-20T11:15:45.119000+00:00
18,1,0,1.135,0.0,0,0,5020,0,9f219aa0-8742-7d81-4633-1b50ac104dd5,698594025,F07,00000000-0000-0000-0000-000000000000,synthetic,v1,2026-01-20T11:15:00+00:00,,True,2026-01-20T11:15:50.139000+00:00
19,2,0,0.7804,3429.23,0,0,1617,1,9f219aa0-8742-7d81-4633-1b50ac104dd5,698594025,A06,00000000-0000-0000-0000-000000000000,synthetic,v1,2026-01-20T11:15:00+00:00,,True,2026-01-20T11:15:51.756000+00:00
20,2,0,0.5864,7.05,1,0,1564,0,9f219aa0-8742-7d81-4633-1b50ac104dd5,698594025,A08,00000000-0000-0000-0000-000000000000,synthetic,v1,2026-01-20T11:15:00+00:00,,True,2026-01-20T11:15:53.320000+00:00
31,1,0,1.0,0.0,0,0,2029,0,9f219aa0-8742-7d81-4633-1b50ac104dd5,698594025,ATTN,00000000-0000-0000-0000-000000000000,synthetic,v1,2026-01-20T11:15:00+00:00,True,True,2026-01-20T11:15:54.487000+00:00
21,3,1,1.0177,0.0,0,0,5911,1,9f219aa0-8742-7d81-4633-1b50ac104dd5,698594025,L05,00000000-0000-0000-0000-000000000000,synthetic,v1,2026-01-20T11:15:00+00:00,,True,2026-01-20T11:16:00.398000+00:00
22,1,1,1.07,0.0,1,0,2351,0,9f219aa0-8742-7d81-4633-1b50ac104dd5,698594025,F03,00000000-0000-0000-0000-000000000000,synthetic,v1,2026-01-20T11:15:00+00:00,,True,2026-01-20T11:16:02.749000+00:00
23,1,1,1.04,0.0,0,0,752,1,9f219aa0-8742-7d81-4633-1b50ac104dd5,698594025,F10,00000000-0000-0000-0000-000000000000,synthetic,v1,2026-01-20T11:15:00+00:00,,True,2026-01-20T11:16:03.501000+00:00
24,3,1,1.1314,0.0,1,0,1167,0,9f219aa0-8742-7d81-4633-1b50ac104dd5,698594025,L07,00000000-0000-0000-0000-000000000000,synthetic,v1,2026-01-20T11:15:00+00:00,,True,2026-01-20T11:16:04.668000+00:00
25,3,1,1.0784,0.0,0,0,1885,1,9f219aa0-8742-7d81-4633-1b50ac104dd5,698594025,L03,00000000-0000-0000-0000-000000000000,synthetic,v1,2026-01-20T11:15:00+00:00,,True,2026-01-20T11:16:06.553000+00:00
26,2,0,0.7718,37.56,1,0,2193,0,9f219aa0-8742-7d81-4633-1b50ac104dd5,698594025,A05,00000000-0000-0000-0000-000000000000,synthetic,v1,2026-01-20T11:15:00+00:00,,True,2026-01-20T11:16:08.746000+00:00
27,3,1,1.046,0.0,0,0,2381,0,9f219aa0-8742-7d81-4633-1b50ac104dd5,698594025,L06,00000000-0000-0000-0000-000000000000,synthetic,v1,2026-01-20T11:15:00+00:00,,True,2026-01-20T11:16:11.127000+00:00
28,1,1,1.0,0.0,0,0,3044,0,9f219aa0-8742-7d81-4633-1b50ac104dd5,698594025,F02,00000000-0000-0000-0000-000000000000,synthetic,v1,2026-01-20T11:15:00+00:00,,True,2026-01-20T11:16:14.171000+00:00
29,3,1,0.9607,0.0,0,0,2511,1,9f219aa0-8742-7d81-4633-1b50ac104dd5,698594025,L10,00000000-0000-0000-0000-000000000000,synthetic,v1,2026-01-20T11:15:00+00:00,,True,2026-01-20T11:16:16.682000+00:00
30,3,1,0.976,0.0,1,0,5308,0,9f219aa0-8742-7d81-4633-1b50ac104dd5,698594025,L01,00000000-0000-0000-0000-000000000000,synthetic,v1,2026-01-20T11:15:00+00:00,,True,2026-01-20T11:16:21.990000+00:00
1,1,0,0.97,0.0,0,1,2055,0,624ad432-ca02-e482-c063-12c62ea7ed60,1525876051,F03,00000000-0000-0000-0000-000000000000,synthetic,v1,2026-01-20T11:20:00+00:00,,True,2026-01-20T11:20:02.055000+00:00
2,1,0,0.8833,0.0,0,0,1855,0,624ad432-ca02-e482-c063-12c62ea7ed60,1525876051,F08,00000000-0000-0000-0000-000000000000,synthetic,v1,2026-01-20T11:20:00+00:00,,True,2026-01-20T11:20:03.910000+00:00
3,1,1,1.04,0.0,0,0,3879,1,624ad432-ca02-e482-c063-12c62ea7ed60,1525876051,F02,00000000-0000-0000-0000-000000000000,synthetic,v1,2026-01-20T11:20:00+00:00,,True,2026-01-20T11:20:07.789000+00:00
4,2,0,0.8039,4.38,1,0,1281,1,624ad432-ca02-e482-c063-12c62ea7ed60,1525876051,A04,00000000-0000-0000-0000-000000000000,synthetic,v1,2026-01-20T11:20:00+00:00,,True,2026-01-20T11:20:09.070000+00:00
5,3,1,1.0617,0.0,1,0,3693,1,624ad432-ca02-e482-c063-12c62ea7ed60,1525876051,L03,00000000-0000-0000-0000-000000000000,synthetic,v1,2026-01-20T11:20:00+00:00,,True,2026-01-20T11:20:12.763000+00:00
6,1,1,0.95,0.0,1,0,3153,1,624ad432-ca02-e482-c063-12c62ea7ed60,1525876051,F07,00000000-0000-0000-0000-000000000000,synthetic,v1,2026-01-20T11:20:00+00:00,,True,2026-01-20T11:20:15.916000+00:00
7,3,1,1.0393,0.0,1,0,2748,0,624ad432-ca02-e482-c063-12c62ea7ed60,1525876051,L07,00000000-0000-0000-0000-000000000000,synthetic,v1,2026-01-20T11:20:00+00:00,,True,2026-01-20T11:20:18.664000+00:00
8,3,1,1.1641,0.0,0,0,7140,1,624ad432-ca02-e482-c063-12c62ea7ed60,1525876051,L05,00000000-0000-0000-0000-000000000000,synthetic,v1,2026-01-20T11:20:00+00:00,,True,2026-01-20T11:20:25.804000+00:00
9,3,1,1.15,0.0,1,0,2117,1,624ad432-ca02-e482-c063-12c62ea7ed60,1525876051,L08,00000000-0000-0000-0000-000000000000,synthetic,v1,2026-01-20T11:20:00+00:00,,True,2026-01-20T11:20:27.921000+00:00
10,1,1,1.0944,0.0,1,0,9257,1,624ad432-ca02-e482-c063-12c62ea7ed60,1525876051,F06,00000000-0000-0000-0000-000000000000,synthetic,v1,2026-01-20T11:20:00+00:00,,True,2026-01-20T11:20:37.178000+00:00
11,3,1,1.041,0.0,1,0,2633,1,624ad432-ca02-e482-c063-12c62ea7ed60,1525876051,L06,00000000-0000-0000-0000-000000000000,synthetic,v1,2026-01-20T11:20:00+00:00,,True,2026-01-20T11:20:39.811000+00:00
12,3,1,0.9311,0.0,1,0,1476,1,624ad432-ca02-e482-c063-12c62ea7ed60,1525876051,L09,00000000-0000-0000-0000-000000000000,synthetic,v1,2026-01-20T11:20:00+00:00,,True,2026-01-20T11:20:41.287000+00:00
13,2,0,0.4455,13.47,1,0,3097,0,624ad432-ca02-e482-c063-12c62ea7ed60,1525876051,A10,00000000-0000-0000-0000-000000000000,synthetic,v1,2026-01-20T11:20:00+00:00,,True,2026-01-20T11:20:44.384000+00:00
14,1,1,0.97,0.0,0,0,1649,1,624ad432-ca02-e482-c063-12c62ea7ed60,1525876051,F04,00000000-0000-0000-0000-000000000000,synthetic,v1,2026-01-20T11:20:00+00:00,,True,2026-01-20T11:20:46.033000+00:00
15,2,0,0.6173,13.53,1,0,1971,1,624ad432-ca02-e482-c063-12c62ea7ed60,1525876051,A07,00000000-0000-0000-0000-000000000000,synthetic,v1,2026-01-20T11:20:00+00:00,,True,2026-01-20T11:20:48.004000+00:00
16,1,0,1.1467,0.0,1,0,3708,1,624ad432-ca02-e482-c063-12c62ea7ed60,1525876051,F05,00000000-0000-0000-0000-000000000000,synthetic,v1,2026-01-20T11:20:00+00:00,,True,2026-01-20T11:20:51.712000+00:00
17,2,0,0.8677,4.98,1,0,4046,1,624ad432-ca02-e482-c063-12c62ea7ed60,1525876051,A02,00000000-0000-0000-0000-000000000000,synthetic,v1,2026-01-20T11:20:00+00:00,,True,2026-01-20T11:20:55.758000+00:00
18,3,1,0.8828,0.0,1,0,2117,0,624ad432-ca02-e482-c063-12c62ea7ed60,1525876051,L01,00000000-0000-0000-0000-000000000000,synthetic,v1,2026-01-20T11:20:00+00:00,,True,2026-01-20T11:20:57.875000+00:00
19,2,0,0.8094,67.81,0,0,5131,0,624ad432-ca02-e482-c063-12c62ea7ed60,1525876051,A03,00000000-0000-0000-0000-000000000000,synthetic,v1,2026-01-20T11:20:00+00:00,,True,2026-01-20T11:21:03.006000+00:00
20,3,1,1.1159,0.0,0,0,5634,0,624ad432-ca02-e482-c063-12c62ea7ed60,1525876051,L04,00000000-0000-0000-0000-000000000000,synthetic,v1,2026-01-20T11:20:00+00:00,,True,2026-01-20T11:21:08.640000+00:00
31,1,0,1.0,0.0,0,0,2234,0,624ad432-ca02-e482-c063-12c62ea7ed60,1525876051,ATTN,00000000-0000-0000-0000-000000000000,synthetic,v1,2026-01-20T11:20:00+00:00,True,True,2026-01-20T11:21:11.851000+00:00
21,1,0,1.075,0.0,0,0,6309,0,624ad432-ca02-e482-c063-12c62ea7ed60,1525876051,F01,00000000-0000-0000-0000-000000000000,synthetic,v1,2026-01-20T11:20:00+00:00,,True,2026-01-20T11:21:18.160000+00:00
22,2,0,0.731,9.63,0,0,1059,1,624ad432-ca02-e482-c063-12c62ea7ed60,1525876051,A08,00000000-0000-0000-0000-000000000000,synthetic,v1,2026-01-20T11:20:00+00:00,,True,2026-01-20T11:21:19.219000+00:00
23,2,0,0.7532,63.59,1,0,2502,0,624ad432-ca02-e482-c063-12c62ea7ed60,1525876051,A05,00000000-0000-0000-0000-000000000000,synthetic,v1,2026-01-20T11:20:00+00:00,,True,2026-01-20T11:21:21.721000+00:00
24,2,0,0.7271,17.16,0,0,1850,0,624ad432-ca02-e482-c063-12c62ea7ed60,1525876051,A01,00000000-0000-0000-0000-000000000000,synthetic,v1,2026-01-20T11:20:00+00:00,,True,2026-01-20T11:21:23.571000+00:00
25,3,1,0.959,0.0,0,0,3182,0,624ad432-ca02-e482-c063-12c62ea7ed60,1525876051,L10,00000000-0000-0000-0000-000000000000,synthetic,v1,2026-01-20T11:20:00+00:00,,True,2026-01-20T11:21:26.753000+00:00
26,2,0,0.7821,2290.95,0,0,2176,1,624ad432-ca02-e482-c063-12c62ea7ed60,1525876051,A06,00000000-0000-0000-0000-000000000000,synthetic,v1,2026-01-20T11:20:00+00:00,,True,2026-01-20T11:21:28.929000+00:00
27,3,1,0.988,0.0,1,0,2720,1,624ad432-ca02-e482-c063-12c62ea7ed60,1525876051,L02,00000000-0000-0000-0000-000000000000,synthetic,v1,2026-01-20T11:20:00+00:00,,True,2026-01-20T11:21:31.649000+00:00
28,1,0,0.95,0.0,1,0,8393,1,624ad432-ca02-e482-c063-12c62ea7ed60,1525876051,F09,00000000-0000-0000-0000-000000000000,synthetic,v1,2026-01-20T11:20:00+00:00,,True,2026-01-20T11:21:40.042000+00:00
29,1,1,0.86,0.0,1,0,2715,1,624ad432-ca02-e482-c063-12c62ea7ed60,1525876051,F10,00000000-0000-0000-0000-000000000000,synthetic,v1,2026-01-20T11:20:00+00:00,,True,2026-01-20T11:21:42.757000+00:00
30,2,0,0.5487,83.68,1,0,3742,0,624ad432-ca02-e482-c063-12c62ea7ed60,1525876051,A09,00000000-0000-0000-0000-000000000000,synthetic,v1,2026-01-20T11:20:00+00:00,,True,2026-01-20T11:21:46.499000+00:00
1,2,0,0.8129,83.82,0,1,2623,0,6e060db5-9a4f-3883-6b68-02f531ed3ce0,1146660997,A01,00000000-0000-0000-0000-000000000000,synthetic,v1,2026-01-20T11:25:00+00:00,,True,2026-01-20T11:25:02.623000+00:00
2,1,1,0.96,0.0,0,0,3107,1,6e060db5-9a4f-3883-6b68-02f531ed3ce0,1146660997,F10,00000000-0000-0000-0000-000000000000,synthetic,v1,2026-01-20T11:25:00+00:00,,True,2026-01-20T11:25:05.730000+00:00
3,2,0,0.867,2921.31,1,0,2990,1,6e060db5-9a4f-3883-6b68-02f531ed3ce0,1146660997,A06,00000000-0000-0000-0000-000000000000,synthetic,v1,2026-01-20T11:25:00+00:00,,True,2026-01-20T11:25:08.720000+00:00
4,3,1,0.9266,0.0,1,0,3814,1,6e060db5-9a4f-3883-6b68-02f531ed3ce0,1146660997,L09,00000000-0000-0000-0000-000000000000,synthetic,v1,2026-01-20T11:25:00+00:00,,True,2026-01-20T11:25:12.534000+00:00
5,2,0,0.5394,1.85,1,0,5658,0,6e060db5-9a4f-3883-6b68-02f531ed3ce0,1146660997,A07,00000000-0000-0000-0000-000000000000,synthetic,v1,2026-01-20T11:25:00+00:00,,True,2026-01-20T11:25:18.192000+00:00
6,2,0,0.7371,45.97,0,0,7376,1,6e060db5-9a4f-3883-6b68-02f531ed3ce0,1146660997,A03,00000000-0000-0000-0000-000000000000,synthetic,v1,2026-01-20T11:25:00+00:00,,True,2026-01-20T11:25:25.568000+00:00
7,1,0,0.9389,0.0,1,0,3534,1,6e060db5-9a4f-3883-6b68-02f531ed3ce0,1146660997,F06,00000000-0000-0000-0000-000000000000,synthetic,v1,2026-01-20T11:25:00+00:00,,True,2026-01-20T11:25:29.102000+00:00
8,3,1,0.925,0.0,1,0,4122,0,6e060db5-9a4f-3883-6b68-02f531ed3ce0,1146660997,L06,00000000-0000-0000-0000-000000000000,synthetic,v1,2026-01-20T11:25:00+00:00,,True,2026-01-20T11:25:33.224000+00:00
9,1,1,0.88,0.0,0,0,1582,1,6e060db5-9a4f-3883-6b68-02f531ed3ce0,1146660997,F03,00000000-0000-0000-0000-000000000000,synthetic,v1,2026-01-20T11:25:00+00:00,,True,2026-01-20T11:25:34.806000+00:00
10,2,0,0.6373,10.0,1,0,2840,0,6e060db5-9a4f-3883-6b68-02f531ed3ce0,1146660997,A08,00000000-0000-0000-0000-000000000000,synthetic,v1,2026-01-20T11:25:00+00:00,,True,2026-01-20T11:25:37.646000+00:00
11,2,0,0.6733,1.75,0,0,4999,1,6e060db5-9a4f-3883-6b68-02f531ed3ce0,1146660997,A02,00000000-0000-0000-0000-000000000000,synthetic,v1,2026-01-20T11:25:00+00:00,,True,2026-01-20T11:25:42.645000+00:00
12,1,1,1.0333,0.0,1,0,4799,0,6e060db5-9a4f-3883-6b68-02f531ed3ce0,1146660997,F05,00000000-0000-0000-0000-000000000000,synthetic,v1,2026-01-20T11:25:00+00:00,,True,2026-01-20T11:25:47.444000+00:00
13,2,0,0.7178,45.68,0,0,3348,0,6e060db5-9a4f-3883-6b68-02f531ed3ce0,1146660997,A05,00000000-0000-0000-0000-000000000000,synthetic,v1,2026-01-20T11:25:00+00:00,,True,2026-01-20T11:25:50.792000+00:00
14,1,0,1.0333,0.0,0,0,4853,0,6e060db5-9a4f-3883-6b68-02f531ed3ce0,1146660997,F09,00000000-0000-0000-0000-000000000000,synthetic,v1,2026-01-20T11:25:00+00:00,,True,2026-01-20T11:25:55.645000+00:00
15,3,1,1.0277,0.0,0,0,3904,1,6e060db5-9a4f-3883-6b68-02f531ed3ce0,1146660997,L04,00000000-0000-0000-0000-000000000000,synthetic,v1,2026-01-20T11:25:00+00:00,,True,2026-01-20T11:25:59.549000+00:00
16,1,1,1.08,0.0,1,0,5768,0,6e060db5-9a4f-3883-6b68-02f531ed3ce0,1146660997,F02,00000000-0000-0000-0000-000000000000,synthetic,v1,2026-01-20T11:25:00+00:00,,True,2026-01-20T11:26:05.317000+00:00
17,3,1,1.0509,0.0,0,0,3495,0,6e060db5-9a4f-3883-6b68-02f531ed3ce0,1146660997,L05,00000000-0000-0000-0000-000000000000,synthetic,v1,2026-01-20T11:25:00+00:00,,True,2026-01-20T11:26:08.812000+00:00
18,1,0,1.13,0.0,0,0,2451,0,6e060db5-9a4f-3883-6b68-02f531ed3ce0,1146660997,F04,00000000-0000-0000-0000-000000000000,synthetic,v1,2026-01-20T11:25:00+00:00,,True,2026-01-20T11:26:11.263000+00:00
19,3,1,1.1344,0.0,0,0,3585,1,6e060db5-9a4f-3883-6b68-02f531ed3ce0,1146660997,L03,00000000-0000-0000-0000-000000000000,synthetic,v1,2026-01-20T11:25:00+00:00,,True,2026-01-20T11:26:14.848000+00:00
20,3,1,1.0608,0.0,1,0,594,1,6e060db5-9a4f-3883-6b68-02f531ed3ce0,1146660997,L01,00000000-0000-0000-0000-000000000000,synthetic,v1,2026-01-20T11:25:00+00:00,,True,2026-01-20T11:26:15.442000+00:00
31,1,0,1.0,0.0,0,0,420,0,6e060db5-9a4f-3883-6b68-02f531ed3ce0,1146660997,ATTN,00000000-0000-0000-0000-000000000000,synthetic,v1,2026-01-20T11:25:00+00:00,True,True,2026-01-20T11:26:17.549000+00:00
21,3,1,1.1099,0.0,1,0,1155,0,6e060db5-9a4f-3883-6b68-02f531ed3ce0,1146660997,L07,00000000-0000-0000-0000-000000000000,synthetic,v1,2026-01-20T11:25:00+00:00,,True,2026-01-20T11:26:18.704000+00:00
22,2,0,0.4743,9.4,0,0,3821,0,6e060db5-9a4f-3883-6b68-02f531ed3ce0,1146660997,A10,00000000-0000-0000-0000-000000000000,synthetic,v1,2026-01-20T11:25:00+00:00,,True,2026-01-20T11:26:22.525000+00:00
23,2,0,0.7974,11.02,0,0,3876,1,6e060db5-9a4f-3883-6b68-02f531ed3ce0,1146660997,A04,00000000-0000-0000-0000-000000000000,synthetic,v1,2026-01-20T11:25:00+00:00,,True,2026-01-20T11:26:26.401000+00:00
24,1,1,0.915,0.0,1,0,1572,1,6e060db5-9a4f-3883-6b68-02f531ed3ce0,1146660997,F07,00000000-0000-0000-0000-000000000000,synthetic,v1,2026-01-20T11:25:00+00:00,,True,2026-01-20T11:26:27.973000+00:00
25,3,1,0.9091,0.0,1,0,2014,0,6e060db5-9a4f-3883-6b68-02f531ed3ce0,1146660997,L08,00000000-0000-0000-0000-000000000000,synthetic,v1,2026-01-20T11:25:00+00:00,,True,2026-01-20T11:26:29.987000+00:00
26,2,0,0.5492,168.84,0,0,6334,1,6e060db5-9a4f-3883-6b68-02f531ed3ce0,1146660997,A09,00000000-0000-0000-0000-000000000000,synthetic,v1,2026-01-20T11:25:00+00:00,,True,2026-01-20T11:26:36.321000+00:00
27,3,1,0.8757,0.0,1,0,2284,1,6e060db5-9a4f-3883-6b68-02f531ed3ce0,1146660997,L10,00000000-0000-0000-0000-000000000000,synthetic,v1,2026-01-20T11:25:00+00:00,,True,2026-01-20T11:26:38.605000+00:00
28,1,0,1.0,0.0,1,0,10235,0,6e060db5-9a4f-3883-6b68-02f531ed3ce0,1146660997,F08,00000000-0000-0000-0000-000000000000,synthetic,v1,2026-01-20T11:25:00+00:00,,True,2026-01-20T11:26:48.840000+00:00
29,3,1,1.144,0.0,0,0,2977,1,6e060db5-9a4f-3883-6b68-02f531ed3ce0,1146660997,L02,00000000-0000-0000-0000-000000000000,synthetic,v1,2026-01-20T11:25:00+00:00,,True,2026-01-20T11:26:51.817000+00:00
30,1,0,1.06,0.0,1,0,3730,0,6e060db5-9a4f-3883-6b68-02f531ed3ce0,1146660997,F01,00000000-0000-0000-0000-000000000000,synthetic,v1,2026-01-20T11:25:00+00:00,,True,2026-01-20T11:26:55.547000+00:00
1,3,1,0.9794,0.0,0,1,7253,1,8e6dafeb-61fd-7374-3ca3-b858704663d7,735034881,L02,00000000-0000-0000-0000-000000000000,synthetic,v1,2026-01-20T11:30:00+00:00,,True,2026-01-20T11:30:07.253000+00:00
2,1,0,1.0944,0.0,1,0,3203,0,8e6dafeb-61fd-7374-3ca3-b858704663d7,735034881,F06,00000000-0000-0000-0000-000000000000,synthetic,v1,2026-01-20T11:30:00+00:00,,True,2026-01-20T11:30:10.456000+00:00
3,3,1,0.9781,0.0,0,0,1717,1,8e6dafeb-61fd-7374-3ca3-b858704663d7,735034881,L07,00000000-0000-0000-0000-000000000000,synthetic,v1,2026-01-20T11:30:00+00:00,,True,2026-01-20T11:30:12.173000+00:00
4,1,0,1.1,0.0,1,0,2806,0,8e6dafeb-61fd-7374-3ca3-b858704663d7,735034881,F01,00000000-0000-0000-0000-000000000000,synthetic,v1,2026-01-20T11:30:00+00:00,,True,2026-01-20T11:30:14.979000+00:00
5,1,1,0.86,0.0,0,0,2923,1,8e6dafeb-61fd-7374-3ca3-b858704663d7,735034881,F07,00000000-0000-0000-0000-000000000000,synthetic,v1,2026-01-20T11:30:00+00:00,,True,2026-01-20T11:30:17.902000+00:00
6,1,1,0.9,0.0,1,0,1407,1,8e6dafeb-61fd-7374-3ca3-b858704663d7,735034881,F10,00000000-0000-0000-0000-000000000000,synthetic,v1,2026-01-20T11:30:00+00:00,,True,2026-01-20T11:30:19.309000+00:00
7,2,0,0.6146,7.59,1,0,2589,1,8e6dafeb-61fd-7374-3ca3-b858704663d7,735034881,A07,00000000-0000-0000-0000-000000000000,synthetic,v1,2026-01-20T11:30:00+00:00,,True,2026-01-20T11:30:21.898000+00:00
8,2,0,0.726,20.31,1,0,1981,1,8e6dafeb-61fd-7374-3ca3-b858704663d7,735034881,A04,00000000-0000-0000-0000-000000000000,synthetic,v1,2026-01-20T11:30:00+00:00,,True,2026-01-20T11:30:23.879000+00:00
9,2,0,0.7078,62.1,1,0,4956,1,8e6dafeb-61fd-7374-3ca3-b858704663d7,735034881,A03,00000000-0000-0000-0000-000000000000,synthetic,v1,2026-01-20T11:30:00+00:00,,True,2026-01-20T11:30:28.835000+00:00
10,1,1,1.11,0.0,1,0,3038,0,8e6dafeb-61fd-7374-3ca3-b858704663d7,735034881,F02,00000000-0000-0000-0000-000000000000,synthetic,v1,2026-01-20T11:30:00+00:00,,True,2026-01-20T11:30:31.873000+00:00
11,3,1,0.9608,0.0,0,0,2551,1,8e6dafeb-61fd-7374-3ca3-b858704663d7,735034881,L03,00000000-0000-0000-0000-000000000000,synthetic,v1,2026-01-20T11:30:00+00:00,,True,2026-01-20T11:30:34.424000+00:00
12,3,1,0.8799,0.0,1,0,2811,1,8e6dafeb-61fd-7374-3ca3-b858704663d7,735034881,L04,00000000-0000-0000-0000-000000000000,synthetic,v1,2026-01-20T11:30:00+00:00,,True,2026-01-20T11:30:37.235000+00:00
13,2,0,0.601,10.51,1,0,3370,1,8e6dafeb-61fd-7374-3ca3-b858704663d7,735034881,A08,00000000-0000-0000-0000-000000000000,synthetic,v1,2026-01-20T11:30:00+00:00,,True,2026-01-20T11:30:40.605000+00:00
14,2,0,0.8652,2730.12,1,0,4184,0,8e6dafeb-61fd-7374-3ca3-b858704663d7,735034881,A06,00000000-0000-0000-0000-000000000000,synthetic,v1,2026-01-20T11:30:00+00:00,,True,2026-01-20T11:30:44.789000+00:00
15,3,1,0.9,0.0,0,0,1720,1,8e6dafeb-61fd-7374-3ca3-b858704663d7,735034881,L08,00000000-0000-0000-0000-000000000000,synthetic,v1,2026-01-20T11:30:00+00:00,,True,2026-01-20T11:30:46.509000+00:00
16,3,1,0.9064,0.0,1,0,1680,0,8e6dafeb-61fd-7374-3ca3-b858704663d7,735034881,L10,00000000-0000-0000-0000-000000000000,synthetic,v1,2026-01-20T11:30:00+00:00,,True,2026-01-20T11:30:48.189000+00:00
17,3,1,1.062,0.0,0,0,5472,1,8e6dafeb-61fd-7374-3ca3-b858704663d7,735034881,L01,00000000-0000-0000-0000-000000000000,synthetic,v1,2026-01-20T11:30:00+00:00,,True,2026-01-20T11:30:53.661000+00:00
18,3,1,1.0102,0.0,1,0,2376,1,8e6dafeb-61fd-7374-3ca3-b858704663d7,735034881,L05,00000000-0000-0000-0000-000000000000,synthetic,v1,2026-01-20T11:30:00+00:00,,True,2026-01-20T11:30:56.037000+00:00
19,3,1,0.8721,0.0,1,0,1367,0,8e6dafeb-61fd-7374-3ca3-b858704663d7,735034881,L09,00000000-0000-0000-0000-000000000000,synthetic,v1,2026-01-20T11:30:00+00:00,,True,2026-01-20T11:30:57.404000+00:00
20,1,0,1.1333,0.0,0,0,3805,1,8e6dafeb-61fd-7374-3ca3-b858704663d7,735034881,F08,00000000-0000-0000-0000-000000000000,synthetic,v1,2026-01-20T11:30:00+00:00,,True,2026-01-20T11:31:01.209000+00:00
31,1,0,1.0,0.0,0,0,980,0,8e6dafeb-61fd-7374-3ca3-b858704663d7,735034881,ATTN,00000000-0000-0000-0000-000000000000,synthetic,v1,2026-01-20T11:30:00+00:00,True,True,2026-01-20T11:31:03.385000+00:00
21,1,1,0.92,0.0,1,0,3381,1,8e6dafeb-61fd-7374-3ca3-b858704663d7,735034881,F05,00000000-0000-0000-0000-000000000000,synthetic,v1,2026-01-20T11:30:00+00:00,,True,2026-01-20T11:31:06.766000+00:00
22,2,0,0.7432,3.63,1,0,4467,1,8e6dafeb-61fd-7374-3ca3-b858704663d7,735034881,A02,00000000-0000-0000-0000-000000000000,synthetic,v1,2026-01-20T11:30:00+00:00,,True,2026-01-20T11:31:11.233000+00:00
23,3,1,0.8556,0.0,1,0,3662,1,8e6dafeb-61fd-7374-3ca3-b858704663d7,735034881,L06,00000000-0000-0000-0000-000000000000,synthetic,v1,2026-01-20T11:30:00+00:00,,True,2026-01-20T11:31:14.895000+00:00
24,1,0,0.97,0.0,1,0,4219,0,8e6dafeb-61fd-7374-3ca3-b858704663d7,735034881,F04,00000000-0000-0000-0000-000000000000,synthetic,v1,2026-01-20T11:30:00+00:00,,True,2026-01-20T11:31:19.114000+00:00
25,1,1,0.935,0.0,0,0,1376,1,8e6dafeb-61fd-7374-3ca3-b858704663d7,735034881,F03,00000000-0000-0000-0000-000000000000,synthetic,v1,2026-01-20T11:30:00+00:00,,True,2026-01-20T11:31:20.490000+00:00
26,1,0,0.9833,0.0,1,0,3576,1,8e6dafeb-61fd-7374-3ca3-b858704663d7,735034881,F09,00000000-0000-0000-0000-000000000000,synthetic,v1,2026-01-20T11:30:00+00:00,,True,2026-01-20T11:31:24.066000+00:00
27,2,0,0.8266,82.99,1,0,2523,1,8e6dafeb-61fd-7374-3ca3-b858704663d7,735034881,A05,00000000-0000-0000-0000-000000000000,synthetic,v1,2026-01-20T11:30:00+00:00,,True,2026-01-20T11:31:26.589000+00:00
28,2,0,0.8242,63.81,1,0,2285,1,8e6dafeb-61fd-7374-3ca3-b858704663d7,735034881,A01,00000000-0000-0000-0000-000000000000,synthetic,v1,2026-01-20T11:30:00+00:00,,True,2026-01-20T11:31:28.874000+00:00
29,2,0,0.4196,12.92,1,0,4811,1,8e6dafeb-61fd-7374-3ca3-b858704663d7,735034881,A10,00000000-0000-0000-0000-000000000000,synthetic,v1,2026-01-20T11:30:00+00:00,,True,2026-01-20T11:31:33.685000+00:00
30,2,0,0.6028,83.29,1,0,6725,1,8e6dafeb-61fd-7374-3ca3-b858704663d7,735034881,A09,00000000-0000-0000-0000-000000000000,synthetic,v1,2026-01-20T11:30:00+00:00,,True,2026-01-20T11:31:40.410000+00:00
1,2,0,0.6289,15.95,0,1,7997,1,5b5e1903-014d-c3a8-059d-4e7ffe0404b2,701808367,A04,00000000-0000-0000-0000-000000000000,synthetic,v1,2026-01-20T11:35:00+00:00,,True,2026-01-20T11:35:07.997000+00:00
2,1,1,1.05,0.0,1,0,6143,1,5b5e1903-014d-c3a8-059d-4e7ffe0404b2,701808367,F05,00000000-0000-0000-0000-000000000000,synthetic,v1,2026-01-20T11:35:00+00:00,,True,2026-01-20T11:35:14.140000+00:00
3,1,1,0.96,0.0,1,0,2806,0,5b5e1903-014d-c3a8-059d-4e7ffe0404b2,701808367,F04,00000000-0000-0000-0000-000000000000,synthetic,v1,2026-01-20T11:35:00+00:00,,True,2026-01-20T11:35:16.946000+00:00
4,2,0,0.6061,14.56,0,0,3619,1,5b5e1903-014d-c3a8-059d-4e7ffe0404b2,701808367,A08,00000000-0000-0000-0000-000000000000,synthetic,v1,2026-01-20T11:35:00+00:00,,True,2026-01-20T11:35:20.565000+00:00
5,2,0,0.7015,2237.55,1,0,4544,1,5b5e1903-014d-c3a8-059d-4e7ffe0404b2,701808367,A06,00000000-0000-0000-0000-000000000000,synthetic,v1,2026-01-20T11:35:00+00:00,,True,2026-01-20T11:35:25.109000+00:00
6,2,0,0.5762,197.68,1,0,3186,1,5b5e1903-014d-c3a8-059d-4e7ffe0404b2,701808367,A09,00000000-0000-0000-0000-000000000000,synthetic,v1,2026-01-20T11:35:00+00:00,,True,2026-01-20T11:35:28.295000+00:00
7,1,1,1.06,0.0,1,0,3203,1,5b5e1903-014d-c3a8-059d-4e7ffe0404b2,701808367,F10,00000000-0000-0000-0000-000000000000,synthetic,v1,2026-01-20T11:35:00+00:00,,True,2026-01-20T11:35:31.498000+00:00
8,1,0,0.9,0.0,1,0,4689,0,5b5e1903-014d-c3a8-059d-4e7ffe0404b2,701808367,F06,00000000-0000-0000-0000-000000000000,synthetic,v1,2026-01-20T11:35:00+00:00,,True,2026-01-20T11:35:36.187000+00:00
9,3,1,1.1078,0.0,0,0,2885,0,5b5e1903-014d-c3a8-059d-4e7ffe0404b2,701808367,L03,00000000-0000-0000-0000-000000000000,synthetic,v1,2026-01-20T11:35:00+00:00,,True,2026-01-20T11:35:39.072000+00:00
10,3,1,1.0177,0.0,0,0,1995,0,5b5e1903-014d-c3a8-059d-4e7ffe0404b2,701808367,L09,00000000-0000-0000-0000-000000000000,synthetic,v1,2026-01-20T11:35:00+00:00,,True,2026-01-20T11:35:41.067000+00:00
11,2,0,0.6961,56.79,0,0,2373,1,5b5e1903-014d-c3a8-059d-4e7ffe0404b2,701808367,A05,00000000-0000-0000-0000-000000000000,synthetic,v1,2026-01-20T11:35:00+00:00,,True,2026-01-20T11:35:43.440000+00:00
12,3,1,0.9493,0.0,1,0,4224,1,5b5e1903-014d-c3a8-059d-4e7ffe0404b2,701808367,L07,00000000-0000-0000-0000-000000000000,synthetic,v1,2026-01-20T11:35:00+00:00,,True,2026-01-20T11:35:47.664000+00:00
13,2,0,0.6057,7.95,1,0,2985,1,5b5e1903-014d-c3a8-059d-4e7ffe0404b2,701808367,A07,00000000-0000-0000-0000-000000000000,synthetic,v1,2026-01-20T11:35:00+00:00,,True,2026-01-20T11:35:50.649000+00:00
14,3,1,1.046,0.0,1,0,3594,0,5b5e1903-014d-c3a8-059d-4e7ffe0404b2,701808367,L10,00000000-0000-0000-0000-000000000000,synthetic,v1,2026-01-20T11:35:00+00:00,,True,2026-01-20T11:35:54.243000+00:00
15,3,1,0.8927,0.0,0,0,4309,0,5b5e1903-014d-c3a8-059d-4e7ffe0404b2,701808367,L06,00000000-0000-0000-0000-000000000000,synthetic,v1,2026-01-20T11:35:00+00:00,,True,2026-01-20T11:35:58.552000+00:00
16,1,0,0.95,0.0,0,0,2425,1,5b5e1903-014d-c3a8-059d-4e7ffe0404b2,701808367,F03,00000000-0000-0000-0000-000000000000,synthetic,v1,2026-01-20T11:35:00+00:00,,True,2026-01-20T11:36:00.977000+00:00
17,2,0,0.3802,8.27,1,0,4518,1,5b5e1903-014d-c3a8-059d-4e7ffe0404b2,701808367,A10,00000000-0000-0000-0000-000000000000,synthetic,v1,2026-01-20T11:35:00+00:00,,True,2026-01-20T11:36:05.495000+00:00
18,2,0,0.6981,52.26,1,0,3671,0,5b5e1903-014d-c3a8-059d-4e7ffe0404b2,701808367,A01,00000000-0000-0000-0000-000000000000,synthetic,v1,2026-01-20T11:35:00+00:00,,True,2026-01-20T11:36:09.166000+00:00
19,1,0,0.865,0.0,0,0,1511,0,5b5e1903-014d-c3a8-059d-4e7ffe0404b2,701808367,F07,00000000-0000-0000-0000-000000000000,synthetic,v1,2026-01-20T11:35:00+00:00,,True,2026-01-20T11:36:10.677000+00:00
20,2,0,0.7239,56.22,0,0,6589,0,5b5e1903-014d-c3a8-059d-4e7ffe0404b2,701808367,A03,00000000-0000-0000-0000-000000000000,synthetic,v1,2026-01-20T11:35:00+00:00,,True,2026-01-20T11:36:17.266000+00:00
31,1,0,1.0,0.0,0,0,932,0,5b5e1903-014d-c3a8-059d-4e7ffe0404b2,701808367,ATTN,00000000-0000-0000-0000-000000000000,synthetic,v1,2026-01-20T11:35:00+00:00,True,True,2026-01-20T11:36:18.745000+00:00
21,1,1,0.95,0.0,0,0,1677,1,5b5e1903-014d-c3a8-059d-4e7ffe0404b2,701808367,F08,00000000-0000-0000-0000-000000000000,synthetic,v1,2026-01-20T11:35:00+00:00,,True,2026-01-20T11:36:20.422000+00:00
22,2,0,0.6513,0.68,1,0,1700,0,5b5e1903-014d-c3a8-059d-4e7ffe0404b2,701808367,A02,00000000-0000-0000-0000-000000000000,synthetic,v1,2026-01-20T11:35:00+00:00,,True,2026-01-20T11:36:22.122000+00:00
23,3,1,1.0856,0.0,0,0,3067,1,5b5e1903-014d-c3a8-059d-4e7ffe0404b2,701808367,L01,00000000-0000-0000-0000-000000000000,synthetic,v1,2026-01-20T11:35:00+00:00,,True,2026-01-20T11:36:25.189000+00:00
24,1,1,1.05,0.0,1,0,2564,0,5b5e1903-014d-c3a8-059d-4e7ffe0404b2,701808367,F09,00000000-0000-0000-0000-000000000000,synthetic,v1,2026-01-20T11:35:00+00:00,,True,2026-01-20T11:36:27.753000+00:00
25,3,1,0.921,0.0,0,0,2476,1,5b5e1903-014d-c3a8-059d-4e7ffe0404b2,701808367,L04,00000000-0000-0000-0000-000000000000,synthetic,v1,2026-01-20T11:35:00+00:00,,True,2026-01-20T11:36:30.229000+00:00
26,3,1,1.1429,0.0,1,0,4191,0,5b5e1903-014d-c3a8-059d-4e7ffe0404b2,701808367,L08,00000000-0000-0000-0000-000000000000,synthetic,v1,2026-01-20T11:35:00+00:00,,True,2026-01-20T11:36:34.420000+00:00
27,3,1,0.9091,0.0,0,0,3593,1,5b5e1903-014d-c3a8-059d-4e7ffe0404b2,701808367,L02,00000000-0000-0000-0000-000000000000,synthetic,v1,2026-01-20T11:35:00+00:00,,True,2026-01-20T11:36:38.013000+00:00
28,1,0,0.89,0.0,1,0,3546,0,5b5e1903-014d-c3a8-059d-4e7ffe0404b2,701808367,F01,00000000-0000-0000-0000-000000000000,synthetic,v1,2026-01-20T11:35:00+00:00,,True,2026-01-20T11:36:41.559000+00:00
29,1,0,1.08,0.0,0,0,3734,0,5b5e1903-014d-c3a8-059d-4e7ffe0404b2,701808367,F02,00000000-0000-0000-0000-000000000000,synthetic,v1,2026-01-20T11:35:00+00:00,,True,2026-01-20T11:36:45.293000+00:00
30,3,1,1.0553,0.0,0,0,4183,1,5b5e1903-014d-c3a8-059d-4e7ffe0404b2,701808367,L05,00000000-0000-0000-0000-000000000000,synthetic,v1,2026-01-20T11:35:00+00:00,,True,2026-01-20T11:36:49.476000+00:00
1,2,0,0.7385,62.76,0,1,935,1,d090e670-b5ac-ec87-5730-201862a6f77f,1629748727,A01,00000000-0000-0000-0000-000000000000,synthetic,v1,2026-01-20T11:40:00+00:00,,True,2026-01-20T11:40:00.935000+00:00
2,2,0,0.6321,8.11,1,0,2439,1,d090e670-b5ac-ec87-5730-201862a6f77f,1629748727,A07,00000000-0000-0000-0000-000000000000,synthetic,v1,2026-01-20T11:40:00+00:00,,True,2026-01-20T11:40:03.374000+00:00
3,1,1,1.09,0.0,1,0,898,0,d090e670-b5ac-ec87-5730-201862a6f77f,1629748727,F02,00000000-0000-0000-0000-000000000000,synthetic,v1,2026-01-20T11:40:00+00:00,,True,2026-01-20T11:40:04.272000+00:00
4,1,1,1.0167,0.0,0,0,3040,0,d090e670-b5ac-ec87-5730-201862a6f77f,1629748727,F06,00000000-0000-0000-0000-000000000000,synthetic,v1,2026-01-20T11:40:00+00:00,,True,2026-01-20T11:40:07.312000+00:00
5,2,0,0.8528,1.77,0,0,2973,0,d090e670-b5ac-ec87-5730-201862a6f77f,1629748727,A02,00000000-0000-0000-0000-000000000000,synthetic,v1,2026-01-20T11:40:00+00:00,,True,2026-01-20T11:40:10.285000+00:00
6,3,1,1.0127,0.0,0,0,5297,1,d090e670-b5ac-ec87-5730-201862a6f77f,1629748727,L07,00000000-0000-0000-0000-000000000000,synthetic,v1,2026-01-20T11:40:00+00:00,,True,2026-01-20T11:40:15.582000+00:00
7,2,0,0.6456,5.85,1,0,5728,1,d090e670-b5ac-ec87-5730-201862a6f77f,1629748727,A04,00000000-0000-0000-0000-000000000000,synthetic,v1,2026-01-20T11:40:00+00:00,,True,2026-01-20T11:40:21.310000+00:00
8,1,0,1.04,0.0,1,0,3332,0,d090e670-b5ac-ec87-5730-201862a6f77f,1629748727,F10,00000000-0000-0000-0000-000000000000,synthetic,v1,2026-01-20T11:40:00+00:00,,True,2026-01-20T11:40:24.642000+00:00
9,2,0,0.6946,12.11,0,0,2263,0,d090e670-b5ac-ec87-5730-201862a6f77f,1629748727,A08,00000000-0000-0000-0000-000000000000,synthetic,v1,2026-01-20T11:40:00+00:00,,True,2026-01-20T11:40:26.905000+00:00
10,1,1,1.06,0.0,0,0,3892,1,d090e670-b5ac-ec87-5730-201862a6f77f,1629748727,F01,00000000-0000-0000-0000-000000000000,synthetic,v1,2026-01-20T11:40:00+00:00,,True,2026-01-20T11:40:30.797000+00:00
11,2,0,0.8143,1725.38,1,0,2229,0,d090e670-b5ac-ec87-5730-201862a6f77f,1629748727,A06,00000000-0000-0000-0000-000000000000,synthetic,v1,2026-01-20T11:40:00+00:00,,True,2026-01-20T11:40:33.026000+00:00
12,2,0,0.7053,107.98,0,0,2978,0,d090e670-b5ac-ec87-5730-201862a6f77f,1629748727,A03,00000000-0000-0000-0000-000000000000,synthetic,v1,2026-01-20T11:40:00+00:00,,True,2026-01-20T11:40:36.004000+00:00
13,2,0,0.4499,1.35,0,0,5127,1,d090e670-b5ac-ec87-5730-201862a6f77f,1629748727,A10,00000000-0000-0000-0000-000000000000,synthetic,v1,2026-01-20T11:40:00+00:00,,True,2026-01-20T11:40:41.131000+00:00
14,1,0,1.035,0.0,1,0,2193,0,d090e670-b5ac-ec87-5730-201862a6f77f,1629748727,F03,00000000-0000-0000-0000-000000000000,synthetic,v1,2026-01-20T11:40:00+00:00,,True,2026-01-20T11:40:43.324000+00:00
15,3,1,1.1458,0.0,0,0,4643,1,d090e670-b5ac-ec87-5730-201862a6f77f,1629748727,L04,00000000-0000-0000-0000-000000000000,synthetic,v1,2026-01-20T11:40:00+00:00,,True,2026-01-20T11:40:47.967000+00:00
16,1,1,0.9833,0.0,1,0,4326,1,d090e670-b5ac-ec87-5730-201862a6f77f,1629748727,F08,00000000-0000-0000-0000-000000000000,synthetic,v1,2026-01-20T11:40:00+00:00,,True,2026-01-20T11:40:52.293000+00:00
17,3,1,1.1426,0.0,1,0,1763,1,d090e670-b5ac-ec87-5730-201862a6f77f,1629748727,L06,00000000-0000-0000-0000-000000000000,synthetic,v1,2026-01-20T11:40:00+00:00,,True,2026-01-20T11:40:54.056000+00:00
18,3,1,0.9487,0.0,1,0,5093,1,d090e670-b5ac-ec87-5730-201862a6f77f,1629748727,L09,00000000-0000-0000-0000-000000000000,synthetic,v1,2026-01-20T11:40:00+00:00,,True,2026-01-20T11:40:59.149000+00:00
19,3,1,1.1468,0.0,1,0,4377,1,d090e670-b5ac-ec87-5730-201862a6f77f,1629748727,L01,00000000-0000-0000-0000-000000000000,synthetic,v1,2026-01-20T11:40:00+00:00,,True,2026-01-20T11:41:03.526000+00:00
20,1,0,0.95,0.0,1,0,3152,0,d090e670-b5ac-ec87-5730-201862a6f77f,1629748727,F09,00000000-0000-0000-0000-000000000000,synthetic,v1,2026-01-20T11:40:00+00:00,,True,2026-01-20T11:41:06.678000+00:00
31,1,0,1.0,0.0,0,0,1282,0,d090e670-b5ac-ec87-5730-201862a6f77f,1629748727,ATTN,00000000-0000-0000-0000-000000000000,synthetic,v1,2026-01-20T11:40:00+00:00,True,True,2026-01-20T11:41:08.010000+00:00
21,3,1,0.9007,0.0,0,0,2217,1,d090e670-b5ac-ec87-5730-201862a6f77f,1629748727,L02,00000000-0000-0000-0000-000000000000,synthetic,v1,2026-01-20T11:40:00+00:00,,True,2026-01-20T11:41:10.227000+00:00
22,2,0,0.4609,66.93,1,0,4017,1,d090e670-b5ac-ec87-5730-201862a6f77f,1629748727,A09,00000000-0000-0000-0000-000000000000,synthetic,v1,2026-01-20T11:40:00+00:00,,True,2026-01-20T11:41:14.244000+00:00
23,1,1,1.115,0.0,1,0,1762,1,d090e670-b5ac-ec87-5730-201862a6f77f,1629748727,F07,00000000-0000-0000-0000-000000000000,synthetic,v1,2026-01-20T11:40:00+00:00,,True,2026-01-20T11:41:16.006000+00:00
24,3,1,0.975,0.0,1,0,3791,1,d090e670-b5ac-ec87-5730-201862a6f77f,1629748727,L08,00000000-0000-0000-0000-000000000000,synthetic,v1,2026-01-20T11:40:00+00:00,,True,2026-01-20T11:41:19.797000+00:00
25,3,1,1.1026,0.0,1,0,1505,1,d090e670-b5ac-ec87-5730-201862a6f77f,1629748727,L10,00000000-0000-0000-0000-000000000000,synthetic,v1,2026-01-20T11:40:00+00:00,,True,2026-01-20T11:41:21.302000+00:00
26,2,0,0.7725,47.2,1,0,2664,1,d090e670-b5ac-ec87-5730-201862a6f77f,1629748727,A05,00000000-0000-0000-0000-000000000000,synthetic,v1,2026-01-20T11:40:00+00:00,,True,2026-01-20T11:41:23.966000+00:00
27,3,1,1.1386,0.0,1,0,3166,0,d090e670-b5ac-ec87-5730-201862a6f77f,1629748727,L05,00000000-0000-0000-0000-000000000000,synthetic,v1,2026-01-20T11:40:00+00:00,,True,2026-01-20T11:41:27.132000+00:00
28,3,1,1.0032,0.0,0,0,11439,1,d090e670-b5ac-ec87-5730-201862a6f77f,1629748727,L03,00000000-0000-0000-0000-000000000000,synthetic,v1,2026-01-20T11:40:00+00:00,,True,2026-01-20T11:41:38.571000+00:00
29,1,0,0.9,0.0,1,0,1397,0,d090e670-b5ac-ec87-5730-201862a6f77f,1629748727,F04,00000000-0000-0000-0000-000000000000,synthetic,v1,2026-01-20T11:40:00+00:00,,True,2026-01-20T11:41:39.968000+00:00
30,1,0,0.9567,0.0,0,0,6698,0,d090e670-b5ac-ec87-5730-201862a6f77f,1629748727,F05,00000000-0000-0000-0000-000000000000,synthetic,v1,2026-01-20T11:40:00+00:00,,True,2026-01-20T11:41:46.666000+00:00
1,2,0,0.6569,67.49,0,1,3237,1,de06c4df-742b-2f0e-41b6-137c5b6b461b,943239974,A03,00000000-0000-0000-0000-000000000000,synthetic,v1,2026-01-20T11:45:00+00:00,,True,2026-01-20T11:45:03.237000+00:00
2,1,1,0.995,0.0,1,0,3737,1,de06c4df-742b-2f0e-41b6-137c5b6b461b,943239974,F03,00000000-0000-0000-0000-000000000000,synthetic,v1,2026-01-20T11:45:00+00:00,,True,2026-01-20T11:45:06.974000+00:00
3,1,0,0.8833,0.0,1,0,3181,0,de06c4df-742b-2f0e-41b6-137c5b6b461b,943239974,F08,00000000-0000-0000-0000-000000000000,synthetic,v1,2026-01-20T11:45:00+00:00,,True,2026-01-20T11:45:10.155000+00:00
4,2,0,0.6014,7.9,0,0,3807,1,de06c4df-742b-2f0e-41b6-137c5b6b461b,943239974,A08,00000000-0000-0000-0000-000000000000,synthetic,v1,2026-01-20T11:45:00+00:00,,True,2026-01-20T11:45:13.962000+00:00
5,3,1,1.0856,0.0,1,0,2739,0,de06c4df-742b-2f0e-41b6-137c5b6b461b,943239974,L10,00000000-0000-0000-0000-000000000000,synthetic,v1,2026-01-20T11:45:00+00:00,,True,2026-01-20T11:45:16.701000+00:00
6,2,0,0.7604,2247.63,0,0,6632,1,de06c4df-742b-2f0e-41b6-137c5b6b461b,943239974,A06,00000000-0000-0000-0000-000000000000,synthetic,v1,2026-01-20T11:45:00+00:00,,True,2026-01-20T11:45:23.333000+00:00
7,3,1,1.147,0.0,1,0,2319,1,de06c4df-742b-2f0e-41b6-137c5b6b461b,943239974,L01,00000000-0000-0000-0000-000000000000,synthetic,v1,2026-01-20T11:45:00+00:00,,True,2026-01-20T11:45:25.652000+00:00
8,1,1,0.9167,0.0,1,0,5556,1,de06c4df-742b-2f0e-41b6-137c5b6b461b,943239974,F09,00000000-0000-0000-0000-000000000000,synthetic,v1,2026-01-20T11:45:00+00:00,,True,2026-01-20T11:45:31.208000+00:00
9,2,0,0.6687,15.82,1,0,2091,1,de06c4df-742b-2f0e-41b6-137c5b6b461b,943239974,A04,00000000-0000-0000-0000-000000000000,synthetic,v1,2026-01-20T11:45:00+00:00,,True,2026-01-20T11:45:33.299000+00:00
10,3,1,0.947,0.0,1,0,2883,1,de06c4df-742b-2f0e-41b6-137c5b6b461b,943239974,L03,00000000-0000-0000-0000-000000000000,synthetic,v1,2026-01-20T11:45:00+00:00,,True,2026-01-20T11:45:36.182000+00:00
11,3,1,0.925,0.0,1,0,1653,1,de06c4df-742b-2f0e-41b6-137c5b6b461b,943239974,L08,00000000-0000-0000-0000-000000000000,synthetic,v1,2026-01-20T11:45:00+00:00,,True,2026-01-20T11:45:37.835000+00:00
12,3,1,1.0209,0.0,1,0,3828,1,de06c4df-742b-2f0e-41b6-137c5b6b461b,943239974,L05,00000000-0000-0000-0000-000000000000,synthetic,v1,2026-01-20T11:45:00+00:00,,True,2026-01-20T11:45:41.663000+00:00
13,3,1,0.9491,0.0,1,0,6599,1,de06c4df-742b-2f0e-41b6-137c5b6b461b,943239974,L09,00000000-0000-0000-0000-000000000000,synthetic,v1,2026-01-20T11:45:00+00:00,,True,2026-01-20T11:45:48.262000+00:00
14,3,1,0.9746,0.0,1,0,2856,0,de06c4df-742b-2f0e-41b6-137c5b6b461b,943239974,L04,00000000-0000-0000-0000-000000000000,synthetic,v1,2026-01-20T11:45:00+00:00,,True,2026-01-20T11:45:51.118000+00:00
15,1,1,1.0778,0.0,0,0,2675,1,de06c4df-742b-2f0e-41b6-137c5b6b461b,943239974,F06,00000000-0000-0000-0000-000000000000,synthetic,v1,2026-01-20T11:45:00+00:00,,True,2026-01-20T11:45:53.793000+00:00
16,1,0,0.93,0.0,1,0,1614,0,de06c4df-742b-2f0e-41b6-137c5b6b461b,943239974,F02,00000000-0000-0000-0000-000000000000,synthetic,v1,2026-01-20T11:45:00+00:00,,True,2026-01-20T11:45:55.407000+00:00
17,1,0,0.8933,0.0,0,0,2627,0,de06c4df-742b-2f0e-41b6-137c5b6b461b,943239974,F05,00000000-0000-0000-0000-000000000000,synthetic,v1,2026-01-20T11:45:00+00:00,,True,2026-01-20T11:45:58.034000+00:00
18,2,0,0.8319,52.81,0,0,1241,1,de06c4df-742b-2f0e-41b6-137c5b6b461b,943239974,A01,00000000-0000-0000-0000-000000000000,synthetic,v1,2026-01-20T11:45:00+00:00,,True,2026-01-20T11:45:59.275000+00:00
19,1,1,0.955,0.0,1,0,1804,1,de06c4df-742b-2f0e-41b6-137c5b6b461b,943239974,F01,00000000-0000-0000-0000-000000000000,synthetic,v1,2026-01-20T11:45:00+00:00,,True,2026-01-20T11:46:01.079000+00:00
20,2,0,0.7683,2.74,1,0,3376,1,de06c4df-742b-2f0e-41b6-137c5b6b461b,943239974,A02,00000000-0000-0000-0000-000000000000,synthetic,v1,2026-01-20T11:45:00+00:00,,True,2026-01-20T11:46:04.455000+00:00
31,1,0,1.0,0.0,0,0,5561,0,de06c4df-742b-2f0e-41b6-137c5b6b461b,943239974,ATTN,00000000-0000-0000-0000-000000000000,synthetic,v1,2026-01-20T11:45:00+00:00,True,True,2026-01-20T11:46:07.519000+00:00
21,3,1,1.0569,0.0,1,0,2158,1,de06c4df-742b-2f0e-41b6-137c5b6b461b,943239974,L02,00000000-0000-0000-0000-000000000000,synthetic,v1,2026-01-20T11:45:00+00:00,,True,2026-01-20T11:46:09.677000+00:00
22,2,0,0.7351,30.74,1,0,6564,1,de06c4df-742b-2f0e-41b6-137c5b6b461b,943239974,A05,00000000-0000-0000-0000-000000000000,synthetic,v1,2026-01-20T11:45:00+00:00,,True,2026-01-20T11:46:16.241000+00:00
23,3,1,1.1057,0.0,1,0,3408,1,de06c4df-742b-2f0e-41b6-137c5b6b461b,943239974,L07,00000000-0000-0000-0000-000000000000,synthetic,v1,2026-01-20T11:45:00+00:00,,True,2026-01-20T11:46:19.649000+00:00
24,1,0,0.98,0.0,1,0,2743,0,de06c4df-742b-2f0e-41b6-137c5b6b461b,943239974,F10,00000000-0000-0000-0000-000000000000,synthetic,v1,2026-01-20T11:45:00+00:00,,True,2026-01-20T11:46:22.392000+00:00
25,2,0,0.5225,46.46,0,0,3781,1,de06c4df-742b-2f0e-41b6-137c5b6b461b,943239974,A09,00000000-0000-0000-0000-000000000000,synthetic,v1,2026-01-20T11:45:00+00:00,,True,2026-01-20T11:46:26.173000+00:00
26,2,0,0.3985,3.12,1,0,3084,1,de06c4df-742b-2f0e-41b6-137c5b6b461b,943239974,A10,00000000-0000-0000-0000-000000000000,synthetic,v1,2026-01-20T11:45:00+00:00,,True,2026-01-20T11:46:29.257000+00:00
27,1,0,1.03,0.0,1,0,3167,0,de06c4df-742b-2f0e-41b6-137c5b6b461b,943239974,F07,00000000-0000-0000-0000-000000000000,synthetic,v1,2026-01-20T11:45:00+00:00,,True,2026-01-20T11:46:32.424000+00:00
28,2,0,0.6264,10.78,0,0,2381,1,de06c4df-742b-2f0e-41b6-137c5b6b461b,943239974,A07,00000000-0000-0000-0000-000000000000,synthetic,v1,2026-01-20T11:45:00+00:00,,True,2026-01-20T11:46:34.805000+00:00
29,1,1,1.01,0.0,1,0,1381,1,de06c4df-742b-2f0e-41b6-137c5b6b461b,943239974,F04,00000000-0000-0000-0000-000000000000,synthetic,v1,2026-01-20T11:45:00+00:00,,True,2026-01-20T11:46:36.186000+00:00
30,3,1,0.8872,0.0,1,0,1275,0,de06c4df-742b-2f0e-41b6-137c5b6b461b,943239974,L06,00000000-0000-0000-0000-000000000000,synthetic,v1,2026-01-20T11:45:00+00:00,,True,2026-01-20T11:46:37.461000+00:00
1,3,1,0.9862,0.0,0,1,4269,1,6e369ae2-2734-31b8-a466-e73afe577354,240251661,L03,00000000-0000-0000-0000-000000000000,synthetic,v1,2026-01-20T11:50:00+00:00,,True,2026-01-20T11:50:04.269000+00:00
2,3,1,0.9155,0.0,1,0,2560,0,6e369ae2-2734-31b8-a466-e73afe577354,240251661,L10,00000000-0000-0000-0000-000000000000,synthetic,v1,2026-01-20T11:50:00+00:00,,True,2026-01-20T11:50:06.829000+00:00
3,2,0,0.7682,42.32,0,0,2147,0,6e369ae2-2734-31b8-a466-e73afe577354,240251661,A03,00000000-0000-0000-0000-000000000000,synthetic,v1,2026-01-20T11:50:00+00:00,,True,2026-01-20T11:50:08.976000+00:00
4,3,1,0.9905,0.0,0,0,2994,1,6e369ae2-2734-31b8-a466-e73afe577354,240251661,L09,00000000-0000-0000-0000-000000000000,synthetic,v1,2026-01-20T11:50:00+00:00,,True,2026-01-20T11:50:11.970000+00:00
5,3,1,0.9119,0.0,1,0,4615,0,6e369ae2-2734-31b8-a466-e73afe577354,240251661,L01,00000000-0000-0000-0000-000000000000,synthetic,v1,2026-01-20T11:50:00+00:00,,True,2026-01-20T11:50:16.585000+00:00
6,2,0,0.7694,20.56,0,0,3291,0,6e369ae2-2734-31b8-a466-e73afe577354,240251661,A04,00000000-0000-0000-0000-000000000000,synthetic,v1,2026-01-20T11:50:00+00:00,,True,2026-01-20T11:50:19.876000+00:00
7,2,0,0.5988,4.74,0,0,2078,0,6e369ae2-2734-31b8-a466-e73afe577354,240251661,A08,00000000-0000-0000-0000-000000000000,synthetic,v1,2026-01-20T11:50:00+00:00,,True,2026-01-20T11:50:21.954000+00:00
8,1,0,1.1,0.0,0,0,5851,0,6e369ae2-2734-31b8-a466-e73afe577354,240251661,F08,00000000-0000-0000-0000-000000000000,synthetic,v1,2026-01-20T11:50:00+00:00,,True,2026-01-20T11:50:27.805000+00:00
9,2,0,0.7736,35.26,0,0,7104,1,6e369ae2-2734-31b8-a466-e73afe577354,240251661,A01,00000000-0000-0000-0000-000000000000,synthetic,v1,2026-01-20T11:50:00+00:00,,True,2026-01-20T11:50:34.909000+00:00
10,1,1,1.0833,0.0,1,0,3912,0,6e369ae2-2734-31b8-a466-e73afe577354,240251661,F06,00000000-0000-0000-0000-000000000000,synthetic,v1,2026-01-20T11:50:00+00:00,,True,2026-01-20T11:50:38.821000+00:00
11,1,0,1.0,0.0,0,0,5092,0,6e369ae2-2734-31b8-a466-e73afe577354,240251661,F02,00000000-0000-0000-0000-000000000000,synthetic,v1,2026-01-20T11:50:00+00:00,,True,2026-01-20T11:50:43.913000+00:00
12,3,1,1.0865,0.0,0,0,5902,0,6e369ae2-2734-31b8-a466-e73afe577354,240251661,L04,00000000-0000-0000-0000-000000000000,synthetic,v1,2026-01-20T11:50:00+00:00,,True,2026-01-20T11:50:49.815000+00:00
13,3,1,1.0283,0.0,0,0,5550,0,6e369ae2-2734-31b8-a466-e73afe577354,240251661,L05,00000000-0000-0000-0000-000000000000,synthetic,v1,2026-01-20T11:50:00+00:00,,True,2026-01-20T11:50:55.365000+00:00
14,3,1,1.1157,0.0,0,0,4178,1,6e369ae2-2734-31b8-a466-e73afe577354,240251661,L02,00000000-0000-0000-0000-000000000000,synthetic,v1,2026-01-20T11:50:00+00:00,,True,2026-01-20T11:50:59.543000+00:00
15,1,0,1.11,0.0,1,0,4142,0,6e369ae2-2734-31b8-a466-e73afe577354,240251661,F03,00000000-0000-0000-0000-000000000000,synthetic,v1,2026-01-20T11:50:00+00:00,,True,2026-01-20T11:51:03.685000+00:00
16,2,0,0.8356,1135.43,0,0,3967,1,6e369ae2-2734-31b8-a466-e73afe577354,240251661,A06,00000000-0000-0000-0000-000000000000,synthetic,v1,2026-01-20T11:50:00+00:00,,True,2026-01-20T11:51:07.652000+00:00
17,1,0,1.1,0.0,1,0,1630,0,6e369ae2-2734-31b8-a466-e73afe577354,240251661,F10,00000000-0000-0000-0000-000000000000,synthetic,v1,2026-01-20T11:50:00+00:00,,True,2026-01-20T11:51:09.282000+00:00
18,1,1,1.125,0.0,0,0,4382,0,6e369ae2-2734-31b8-a466-e73afe577354,240251661,F07,00000000-0000-0000-0000-000000000000,synthetic,v1,2026-01-20T11:50:00+00:00,,True,2026-01-20T11:51:13.664000+00:00
19,1,1,0.85,0.0,0,0,1414,1,6e369ae2-2734-31b8-a466-e73afe577354,240251661,F09,00000000-0000-0000-0000-000000000000,synthetic,v1,2026-01-20T11:50:00+00:00,,True,2026-01-20T11:51:15.078000+00:00
20,3,1,0.9111,0.0,1,0,1925,1,6e369ae2-2734-31b8-a466-e73afe577354,240251661,L06,00000000-0000-0000-0000-000000000000,synthetic,v1,2026-01-20T11:50:00+00:00,,True,2026-01-20T11:51:17.003000+00:00
31,1,0,1.0,0.0,0,0,2530,0,6e369ae2-2734-31b8-a466-e73afe577354,240251661,ATTN,00000000-0000-0000-0000-000000000000,synthetic,v1,2026-01-20T11:50:00+00:00,True,True,2026-01-20T11:51:20.048000+00:00
21,1,0,1.115,0.0,1,0,6755,1,6e369ae2-2734-31b8-a466-e73afe577354,240251661,F01,00000000-0000-0000-0000-000000000000,synthetic,v1,2026-01-20T11:50:00+00:00,,True,2026-01-20T11:51:26.803000+00:00
22,1,1,0.92,0.0,1,0,2567,1,6e369ae2-2734-31b8-a466-e73afe577354,240251661,F04,00000000-0000-0000-0000-000000000000,synthetic,v1,2026-01-20T11:50:00+00:00,,True,2026-01-20T11:51:29.370000+00:00
23,2,0,0.758,89.29,1,0,1581,0,6e369ae2-2734-31b8-a466-e73afe577354,240251661,A05,00000000-0000-0000-0000-000000000000,synthetic,v1,2026-01-20T11:50:00+00:00,,True,2026-01-20T11:51:30.951000+00:00
24,1,1,0.94,0.0,0,0,2611,1,6e369ae2-2734-31b8-a466-e73afe577354,240251661,F05,00000000-0000-0000-0000-000000000000,synthetic,v1,2026-01-20T11:50:00+00:00,,True,2026-01-20T11:51:33.562000+00:00
25,2,0,0.5995,12.77,1,0,3153,0,6e369ae2-2734-31b8-a466-e73afe577354,240251661,A07,00000000-0000-0000-0000-000000000000,synthetic,v1,2026-01-20T11:50:00+00:00,,True,2026-01-20T11:51:36.715000+00:00
26,3,1,1.1111,0.0,0,0,3113,1,6e369ae2-2734-31b8-a466-e73afe577354,240251661,L08,00000000-0000-0000-0000-000000000000,synthetic,v1,2026-01-20T11:50:00+00:00,,True,2026-01-20T11:51:39.828000+00:00
27,2,0,0.4331,9.56,1,0,5560,0,6e369ae2-2734-31b8-a466-e73afe577354,240251661,A10,00000000-0000-0000-0000-000000000000,synthetic,v1,2026-01-20T11:50:00+00:00,,True,2026-01-20T11:51:45.388000+00:00
28,2,0,0.7554,3.87,0,0,2443,1,6e369ae2-2734-31b8-a466-e73afe577354,240251661,A02,00000000-0000-0000-0000-000000000000,synthetic,v1,2026-01-20T11:50:00+00:00,,True,2026-01-20T11:51:47.831000+00:00
29,3,1,0.872,0.0,1,0,3617,0,6e369ae2-2734-31b8-a466-e73afe577354,240251661,L07,00000000-0000-0000-0000-000000000000,synthetic,v1,2026-01-20T11:50:00+00:00,,True,2026-01-20T11:51:51.448000+00:00
30,2,0,0.5131,94.17,0,0,1730,1,6e369ae2-2734-31b8-a466-e73afe577354,240251661,A09,00000000-0000-0000-0000-000000000000,synthetic,v1,2026-01-20T11:50:00+00:00,,True,2026-01-20T11:51:53.178000+00:00
1,2,0,0.7422,67.76,0,1,3818,0,425fccb1-8bdd-3c3e-e5c0-7d32e3a929fb,137869475,A03,00000000-0000-0000-0000-000000000000,synthetic,v1,2026-01-20T11:55:00+00:00,,True,2026-01-20T11:55:03.818000+00:00
2,1,0,1.06,0.0,0,0,2986,0,425fccb1-8bdd-3c3e-e5c0-7d32e3a929fb,137869475,F10,00000000-0000-0000-0000-000000000000,synthetic,v1,2026-01-20T11:55:00+00:00,,True,2026-01-20T11:55:06.804000+00:00
3,3,1,1.0089,0.0,0,0,1973,0,425fccb1-8bdd-3c3e-e5c0-7d32e3a929fb,137869475,L03,00000000-0000-0000-0000-000000000000,synthetic,v1,2026-01-20T11:55:00+00:00,,True,2026-01-20T11:55:08.777000+00:00
4,1,0,0.97,0.0,0,0,2618,0,425fccb1-8bdd-3c3e-e5c0-7d32e3a929fb,137869475,F07,00000000-0000-0000-0000-000000000000,synthetic,v1,2026-01-20T11:55:00+00:00,,True,2026-01-20T11:55:11.395000+00:00
5,2,0,0.6128,3.21,0,0,2693,0,425fccb1-8bdd-3c3e-e5c0-7d32e3a929fb,137869475,A08,00000000-0000-0000-0000-000000000000,synthetic,v1,2026-01-20T11:55:00+00:00,,True,2026-01-20T11:55:14.088000+00:00
6,2,0,0.8399,1768.04,0,0,2569,1,425fccb1-8bdd-3c3e-e5c0-7d32e3a929fb,137869475,A06,00000000-0000-0000-0000-000000000000,synthetic,v1,2026-01-20T11:55:00+00:00,,True,2026-01-20T11:55:16.657000+00:00
7,3,1,0.9173,0.0,1,0,7896,1,425fccb1-8bdd-3c3e-e5c0-7d32e3a929fb,137869475,L05,00000000-0000-0000-0000-000000000000,synthetic,v1,2026-01-20T11:55:00+00:00,,True,2026-01-20T11:55:24.553000+00:00
8,2,0,0.3617,14.05,1,0,2823,1,425fccb1-8bdd-3c3e-e5c0-7d32e3a929fb,137869475,A10,00000000-0000-0000-0000-000000000000,synthetic,v1,2026-01-20T11:55:00+00:00,,True,2026-01-20T11:55:27.376000+00:00
9,2,0,0.8417,72.23,1,0,2606,1,425fccb1-8bdd-3c3e-e5c0-7d32e3a929fb,137869475,A01,00000000-0000-0000-0000-000000000000,synthetic,v1,2026-01-20T11:55:00+00:00,,True,2026-01-20T11:55:29.982000+00:00
10,2,0,0.7044,3.52,1,0,940,0,425fccb1-8bdd-3c3e-e5c0-7d32e3a929fb,137869475,A02,00000000-0000-0000-0000-000000000000,synthetic,v1,2026-01-20T11:55:00+00:00,,True,2026-01-20T11:55:30.922000+00:00
11,2,0,0.4734,193.31,0,0,1822,1,425fccb1-8bdd-3c3e-e5c0-7d32e3a929fb,137869475,A09,00000000-0000-0000-0000-000000000000,synthetic,v1,2026-01-20T11:55:00+00:00,,True,2026-01-20T11:55:32.744000+00:00
12,1,1,1.1,0.0,1,0,2579,0,425fccb1-8bdd-3c3e-e5c0-7d32e3a929fb,137869475,F09,00000000-0000-0000-0000-000000000000,synthetic,v1,2026-01-20T11:55:00+00:00,,True,2026-01-20T11:55:35.323000+00:00
13,1,0,0.94,0.0,0,0,2044,0,425fccb1-8bdd-3c3e-e5c0-7d32e3a929fb,137869475,F04,00000000-0000-0000-0000-000000000000,synthetic,v1,2026-01-20T11:55:00+00:00,,True,2026-01-20T11:55:37.367000+00:00
14,3,1,0.9524,0.0,0,0,6373,0,425fccb1-8bdd-3c3e-e5c0-7d32e3a929fb,137869475,L08,00000000-0000-0000-0000-000000000000,synthetic,v1,2026-01-20T11:55:00+00:00,,True,2026-01-20T11:55:43.740000+00:00
15,1,0,0.98,0.0,0,0,2722,0,425fccb1-8bdd-3c3e-e5c0-7d32e3a929fb,137869475,F02,00000000-0000-0000-0000-000000000000,synthetic,v1,2026-01-20T11:55:00+00:00,,True,2026-01-20T11:55:46.462000+00:00
16,1,1,1.0389,0.0,0,0,6055,1,425fccb1-8bdd-3c3e-e5c0-7d32e3a929fb,137869475,F06,00000000-0000-0000-0000-000000000000,synthetic,v1,2026-01-20T11:55:00+00:00,,True,2026-01-20T11:55:52.517000+00:00
17,3,1,1.0453,0.0,1,0,3083,1,425fccb1-8bdd-3c3e-e5c0-7d32e3a929fb,137869475,L02,00000000-0000-0000-0000-000000000000,synthetic,v1,2026-01-20T11:55:00+00:00,,True,2026-01-20T11:55:55.600000+00:00
18,3,1,1.072,0.0,1,0,3042,1,425fccb1-8bdd-3c3e-e5c0-7d32e3a929fb,137869475,L07,00000000-0000-0000-0000-000000000000,synthetic,v1,2026-01-20T11:55:00+00:00,,True,2026-01-20T11:55:58.642000+00:00
19,3,1,1.0405,0.0,1,0,2838,0,425fccb1-8bdd-3c3e-e5c0-7d32e3a929fb,137869475,L04,00000000-0000-0000-0000-000000000000,synthetic,v1,2026-01-20T11:55:00+00:00,,True,2026-01-20T11:56:01.480000+00:00
20,3,1,1.0579,0.0,0,0,2987,1,425fccb1-8bdd-3c3e-e5c0-7d32e3a929fb,137869475,L01,00000000-0000-0000-0000-000000000000,synthetic,v1,2026-01-20T11:55:00+00:00,,True,2026-01-20T11:56:04.467000+00:00
31,1,0,1.0,0.0,0,0,714,0,425fccb1-8bdd-3c3e-e5c0-7d32e3a929fb,137869475,ATTN,00000000-0000-0000-0000-000000000000,synthetic,v1,2026-01-20T11:55:00+00:00,True,True,2026-01-20T11:56:08.062000+00:00
21,1,1,1.0333,0.0,1,0,991,1,425fccb1-8bdd-3c3e-e5c0-7d32e3a929fb,137869475,F08,00000000-0000-0000-0000-000000000000,synthetic,v1,2026-01-20T11:55:00+00:00,,True,2026-01-20T11:56:09.053000+00:00
22,2,0,0.6459,18.91,1,0,2211,0,425fccb1-8bdd-3c3e-e5c0-7d32e3a929fb,137869475,A04,00000000-0000-0000-0000-000000000000,synthetic,v1,2026-01-20T11:55:00+00:00,,True,2026-01-20T11:56:11.264000+00:00
23,2,0,0.8398,66.1,0,0,3004,0,425fccb1-8bdd-3c3e-e5c0-7d32e3a929fb,137869475,A05,00000000-0000-0000-0000-000000000000,synthetic,v1,2026-01-20T11:55:00+00:00,,True,2026-01-20T11:56:14.268000+00:00
24,1,1,0.855,0.0,0,0,4357,1,425fccb1-8bdd-3c3e-e5c0-7d32e3a929fb,137869475,F01,00000000-0000-0000-0000-000000000000,synthetic,v1,2026-01-20T11:55:00+00:00,,True,2026-01-20T11:56:18.625000+00:00
25,1,1,1.125,0.0,1,0,3866,1,425fccb1-8bdd-3c3e-e5c0-7d32e3a929fb,137869475,F03,00000000-0000-0000-0000-000000000000,synthetic,v1,2026-01-20T11:55:00+00:00,,True,2026-01-20T11:56:22.491000+00:00
26,3,1,0.9168,0.0,1,0,2413,1,425fccb1-8bdd-3c3e-e5c0-7d32e3a929fb,137869475,L09,00000000-0000-0000-0000-000000000000,synthetic,v1,2026-01-20T11:55:00+00:00,,True,2026-01-20T11:56:24.904000+00:00
27,1,0,0.9833,0.0,1,0,5221,0,425fccb1-8bdd-3c3e-e5c0-7d32e3a929fb,137869475,F05,00000000-0000-0000-0000-000000000000,synthetic,v1,2026-01-20T11:55:00+00:00,,True,2026-01-20T11:56:30.125000+00:00
28,2,0,0.7097,13.72,0,0,5253,0,425fccb1-8bdd-3c3e-e5c0-7d32e3a929fb,137869475,A07,00000000-0000-0000-0000-000000000000,synthetic,v1,2026-01-20T11:55:00+00:00,,True,2026-01-20T11:56:35.378000+00:00
29,3,1,1.1259,0.0,0,0,3298,1,425fccb1-8bdd-3c3e-e5c0-7d32e3a929fb,137869475,L10,00000000-0000-0000-0000-000000000000,synthetic,v1,2026-01-20T11:55:00+00:00,,True,2026-01-20T11:56:38.676000+00:00
30,3,1,0.8823,0.0,1,0,5061,0,425fccb1-8bdd-3c3e-e5c0-7d32e3a929fb,137869475,L06,00000000-0000-0000-0000-000000000000,synthetic,v1,2026-01-20T11:55:00+00:00,,True,2026-01-20T11:56:43.737000+00:00
1,2,0,0.7846,100.2,0,1,3463,1,3b0bdc9e-1a02-881b-346b-4d45c769b5b9,1722989659,A03,00000000-0000-0000-0000-000000000000,synthetic,v1,2026-01-20T12:00:00+00:00,,True,2026-01-20T12:00:03.463000+00:00
2,1,0,1.11,0.0,1,0,2188,0,3b0bdc9e-1a02-881b-346b-4d45c769b5b9,1722989659,F04,00000000-0000-0000-0000-000000000000,synthetic,v1,2026-01-20T12:00:00+00:00,,True,2026-01-20T12:00:05.651000+00:00
3,1,1,1.0167,0.0,0,0,4375,1,3b0bdc9e-1a02-881b-346b-4d45c769b5b9,1722989659,F08,00000000-0000-0000-0000-000000000000,synthetic,v1,2026-01-20T12:00:00+00:00,,True,2026-01-20T12:00:10.026000+00:00
4,2,0,0.5033,11.55,1,0,3167,1,3b0bdc9e-1a02-881b-346b-4d45c769b5b9,1722989659,A10,00000000-0000-0000-0000-000000000000,synthetic,v1,2026-01-20T12:00:00+00:00,,True,2026-01-20T12:00:13.193000+00:00
5,3,1,0.927,0.0,1,0,2983,1,3b0bdc9e-1a02-881b-346b-4d45c769b5b9,1722989659,L07,00000000-0000-0000-0000-000000000000,synthetic,v1,2026-01-20T12:00:00+00:00,,True,2026-01-20T12:00:16.176000+00:00
6,3,1,1.1128,0.0,1,0,6701,1,3b0bdc9e-1a02-881b-346b-4d45c769b5b9,1722989659,L06,00000000-0000-0000-0000-000000000000,synthetic,v1,2026-01-20T12:00:00+00:00,,True,2026-01-20T12:00:22.877000+00:00
7,1,0,0.97,0.0,1,0,774,0,3b0bdc9e-1a02-881b-346b-4d45c769b5b9,1722989659,F03,00000000-0000-0000-0000-000000000000,synthetic,v1,2026-01-20T12:00:00+00:00,,True,2026-01-20T12:00:23.651000+00:00
8,3,1,1.1736,0.0,0,0,1366,1,3b0bdc9e-1a02-881b-346b-4d45c769b5b9,1722989659,L03,00000000-0000-0000-0000-000000000000,synthetic,v1,2026-01-20T12:00:00+00:00,,True,2026-01-20T12:00:25.017000+00:00
9,1,0,0.9,0.0,1,0,1551,0,3b0bdc9e-1a02-881b-346b-4d45c769b5b9,1722989659,F10,00000000-0000-0000-0000-000000000000,synthetic,v1,2026-01-20T12:00:00+00:00,,True,2026-01-20T12:00:26.568000+00:00
10,1,0,1.12,0.0,0,0,2441,0,3b0bdc9e-1a02-881b-346b-4d45c769b5b9,1722989659,F07,00000000-0000-0000-0000-000000000000,synthetic,v1,2026-01-20T12:00:00+00:00,,True,2026-01-20T12:00:29.009000+00:00
11,1,1,1.0567,0.0,0,0,2591,1,3b0bdc9e-1a02-881b-346b-4d45c769b5b9,1722989659,F05,00000000-0000-0000-0000-000000000000,synthetic,v1,2026-01-20T12:00:00+00:00,,True,2026-01-20T12:00:31.600000+00:00
12,2,0,0.5201,3.49,1,0,1301,0,3b0bdc9e-1a02-881b-346b-4d45c769b5b9,1722989659,A07,00000000-0000-0000-0000-000000000000,synthetic,v1,2026-01-20T12:00:00+00:00,,True,2026-01-20T12:00:32.901000+00:00
13,1,1,0.8833,0.0,0,0,1733,1,3b0bdc9e-1a02-881b-346b-4d45c769b5b9,1722989659,F09,00000000-0000-0000-0000-000000000000,synthetic,v1,2026-01-20T12:00:00+00:00,,True,2026-01-20T12:00:34.634000+00:00
14,3,1,1.1396,0.0,1,0,1856,1,3b0bdc9e-1a02-881b-346b-4d45c769b5b9,1722989659,L09,00000000-0000-0000-0000-000000000000,synthetic,v1,2026-01-20T12:00:00+00:00,,True,2026-01-20T12:00:36.490000+00:00
15,1,1,1.065,0.0,1,0,11517,0,3b0bdc9e-1a02-881b-346b-4d45c769b5b9,1722989659,F01,00000000-0000-0000-0000-000000000000,synthetic,v1,2026-01-20T12:00:00+00:00,,True,2026-01-20T12:00:48.007000+00:00
16,2,0,0.6725,12.36,0,0,8030,1,3b0bdc9e-1a02-881b-346b-4d45c769b5b9,1722989659,A04,00000000-0000-0000-0000-000000000000,synthetic,v1,2026-01-20T12:00:00+00:00,,True,2026-01-20T12:00:56.037000+00:00
17,2,0,0.8724,2282.62,1,0,2376,1,3b0bdc9e-1a02-881b-346b-4d45c769b5b9,1722989659,A06,00000000-0000-0000-0000-000000000000,synthetic,v1,2026-01-20T12:00:00+00:00,,True,2026-01-20T12:00:58.413000+00:00
18,1,0,0.9056,0.0,1,0,2440,0,3b0bdc9e-1a02-881b-346b-4d45c769b5b9,1722989659,F06,00000000-0000-0000-0000-000000000000,synthetic,v1,2026-01-20T12:00:00+00:00,,True,2026-01-20T12:01:00.853000+00:00
19,3,1,0.884,0.0,0,0,1584,0,3b0bdc9e-1a02-881b-346b-4d45c769b5b9,1722989659,L10,00000000-0000-0000-0000-000000000000,synthetic,v1,2026-01-20T12:00:00+00:00,,True,2026-01-20T12:01:02.437000+00:00
20,3,1,1.0173,0.0,0,0,1043,0,3b0bdc9e-1a02-881b-346b-4d45c769b5b9,1722989659,L04,00000000-0000-0000-0000-000000000000,synthetic,v1,2026-01-20T12:00:00+00:00,,True,2026-01-20T12:01:03.480000+00:00
31,1,0,1.0,0.0,0,0,1213,0,3b0bdc9e-1a02-881b-346b-4d45c769b5b9,1722989659,ATTN,00000000-0000-0000-0000-000000000000,synthetic,v1,2026-01-20T12:00:00+00:00,True,True,2026-01-20T12:01:05.205000+00:00
21,2,0,0.7709,0.81,0,0,2845,1,3b0bdc9e-1a02-881b-346b-4d45c769b5b9,1722989659,A02,00000000-0000-0000-0000-000000000000,synthetic,v1,2026-01-20T12:00:00+00:00,,True,2026-01-20T12:01:08.050000+00:00
22,1,1,0.95,0.0,1,0,1236,1,3b0bdc9e-1a02-881b-346b-4d45c769b5b9,1722989659,F02,00000000-0000-0000-0000-000000000000,synthetic,v1,2026-01-20T12:00:00+00:00,,True,2026-01-20T12:01:09.286000+00:00
23,3,1,1.0738,0.0,1,0,1960,0,3b0bdc9e-1a02-881b-346b-4d45c769b5b9,1722989659,L01,00000000-0000-0000-0000-000000000000,synthetic,v1,2026-01-20T12:00:00+00:00,,True,2026-01-20T12:01:11.246000+00:00
24,2,0,0.7276,12.69,0,0,3234,1,3b0bdc9e-1a02-881b-346b-4d45c769b5b9,1722989659,A08,00000000-0000-0000-0000-000000000000,synthetic,v1,2026-01-20T12:00:00+00:00,,True,2026-01-20T12:01:14.480000+00:00
25,2,0,0.8411,42.25,1,0,3646,1,3b0bdc9e-1a02-881b-346b-4d45c769b5b9,1722989659,A05,00000000-0000-0000-0000-000000000000,synthetic,v1,2026-01-20T12:00:00+00:00,,True,2026-01-20T12:01:18.126000+00:00
26,3,1,1.1,0.0,1,0,3750,1,3b0bdc9e-1a02-881b-346b-4d45c769b5b9,1722989659,L08,00000000-0000-0000-0000-000000000000,synthetic,v1,2026-01-20T12:00:00+00:00,,True,2026-01-20T12:01:21.876000+00:00
27,2,0,0.6835,52.61,1,0,1441,1,3b0bdc9e-1a02-881b-346b-4d45c769b5b9,1722989659,A01,00000000-0000-0000-0000-000000000000,synthetic,v1,2026-01-20T12:00:00+00:00,,True,2026-01-20T12:01:23.317000+00:00
28,3,1,1.119,0.0,1,0,4769,0,3b0bdc9e-1a02-881b-346b-4d45c769b5b9,1722989659,L02,00000000-0000-0000-0000-000000000000,synthetic,v1,2026-01-20T12:00:00+00:00,,True,2026-01-20T12:01:28.086000+00:00
29,3,1,0.9752,0.0,0,0,1919,0,3b0bdc9e-1a02-881b-346b-4d45c769b5b9,1722989659,L05,00000000-0000-0000-0000-000000000000,synthetic,v1,2026-01-20T12:00:00+00:00,,True,2026-01-20T12:01:30.005000+00:00
30,2,0,0.506,26.76,0,0,4222,0,3b0bdc9e-1a02-881b-346b-4d45c769b5b9,1722989659,A09,00000000-0000-0000-0000-000000000000,synthetic,v1,2026-01-20T12:00:00+00:00,,True,2026-01-20T12:01:34.227000+00:00
1,1,0,1.1389,0.0,0,1,2963,0,47493efa-311d-baaa-07c4-f2da48ba7846,284277889,F06,00000000-0000-0000-0000-000000000000,synthetic,v1,2026-01-20T12:05:00+00:00,,True,2026-01-20T12:05:02.963000+00:00
2,3,1,1.0675,0.0,0,0,1398,1,47493efa-311d-baaa-07c4-f2da48ba7846,284277889,L07,00000000-0000-0000-0000-000000000000,synthetic,v1,2026-01-20T12:05:00+00:00,,True,2026-01-20T12:05:04.361000+00:00
3,3,1,1.0677,0.0,1,0,2505,1,47493efa-311d-baaa-07c4-f2da48ba7846,284277889,L01,00000000-0000-0000-0000-000000000000,synthetic,v1,2026-01-20T12:05:00+00:00,,True,2026-01-20T12:05:06.866000+00:00
4,1,1,0.91,0.0,1,0,3644,1,47493efa-311d-baaa-07c4-f2da48ba7846,284277889,F03,00000000-0000-0000-0000-000000000000,synthetic,v1,2026-01-20T12:05:00+00:00,,True,2026-01-20T12:05:10.510000+00:00
5,3,1,1.0785,0.0,1,0,4176,1,47493efa-311d-baaa-07c4-f2da48ba7846,284277889,L04,00000000-0000-0000-0000-000000000000,synthetic,v1,2026-01-20T12:05:00+00:00,,True,2026-01-20T12:05:14.686000+00:00
6,2,0,0.6824,70.18,1,0,2758,1,47493efa-311d-baaa-07c4-f2da48ba7846,284277889,A05,00000000-0000-0000-0000-000000000000,synthetic,v1,2026-01-20T12:05:00+00:00,,True,2026-01-20T12:05:17.444000+00:00
7,3,1,0.872,0.0,1,0,6922,1,47493efa-311d-baaa-07c4-f2da48ba7846,284277889,L05,00000000-0000-0000-0000-000000000000,synthetic,v1,2026-01-20T12:05:00+00:00,,True,2026-01-20T12:05:24.366000+00:00
8,1,1,0.88,0.0,1,0,5188,1,47493efa-311d-baaa-07c4-f2da48ba7846,284277889,F02,00000000-0000-0000-0000-000000000000,synthetic,v1,2026-01-20T12:05:00+00:00,,True,2026-01-20T12:05:29.554000+00:00
9,1,1,1.15,0.0,1,0,2588,1,47493efa-311d-baaa-07c4-f2da48ba7846,284277889,F08,00000000-0000-0000-0000-000000000000,synthetic,v1,2026-01-20T12:05:00+00:00,,True,2026-01-20T12:05:32.142000+00:00
10,3,1,1.1175,0.0,1,0,4503,0,47493efa-311d-baaa-07c4-f2da48ba7846,284277889,L06,00000000-0000-0000-0000-000000000000,synthetic,v1,2026-01-20T12:05:00+00:00,,True,2026-01-20T12:05:36.645000+00:00
11,2,0,0.6931,13.15,0,0,8635,0,47493efa-311d-baaa-07c4-f2da48ba7846,284277889,A08,00000000-0000-0000-0000-000000000000,synthetic,v1,2026-01-20T12:05:00+00:00,,True,2026-01-20T12:05:45.280000+00:00
12,2,0,0.645,37.17,0,0,8762,0,47493efa-311d-baaa-07c4-f2da48ba7846,284277889,A01,00000000-0000-0000-0000-000000000000,synthetic,v1,2026-01-20T12:05:00+00:00,,True,2026-01-20T12:05:54.042000+00:00
13,2,0,0.5608,182.01,0,0,1517,0,47493efa-311d-baaa-07c4-f2da48ba7846,284277889,A09,00000000-0000-0000-0000-000000000000,synthetic,v1,2026-01-20T12:05:00+00:00,,True,2026-01-20T12:05:55.559000+00:00
14,2,0,0.5614,10.96,0,0,1790,1,47493efa-311d-baaa-07c4-f2da48ba7846,284277889,A07,00000000-0000-0000-0000-000000000000,synthetic,v1,2026-01-20T12:05:00+00:00,,True,2026-01-20T12:05:57.349000+00:00
15,1,1,0.94,0.0,1,0,6746,1,47493efa-311d-baaa-07c4-f2da48ba7846,284277889,F10,00000000-0000-0000-0000-000000000000,synthetic,v1,2026-01-20T12:05:00+00:00,,True,2026-01-20T12:06:04.095000+00:00
16,1,0,0.9833,0.0,1,0,1665,1,47493efa-311d-baaa-07c4-f2da48ba7846,284277889,F09,00000000-0000-0000-0000-000000000000,synthetic,v1,2026-01-20T12:05:00+00:00,,True,2026-01-20T12:06:05.760000+00:00
17,2,0,0.831,85.64,1,0,1440,1,47493efa-311d-baaa-07c4-f2da48ba7846,284277889,A03,00000000-0000-0000-0000-000000000000,synthetic,v1,2026-01-20T12:05:00+00:00,,True,2026-01-20T12:06:07.200000+00:00
18,2,0,0.755,1647.25,1,0,2281,0,47493efa-311d-baaa-07c4-f2da48ba7846,284277889,A06,00000000-0000-0000-0000-000000000000,synthetic,v1,2026-01-20T12:05:00+00:00,,True,2026-01-20T12:06:09.481000+00:00
19,2,0,0.7072,6.21,0,0,3756,0,47493efa-311d-baaa-07c4-f2da48ba7846,284277889,A04,00000000-0000-0000-0000-000000000000,synthetic,v1,2026-01-20T12:05:00+00:00,,True,2026-01-20T12:06:13.237000+00:00
20,1,1,0.91,0.0,0,0,2817,1,47493efa-311d-baaa-07c4-f2da48ba7846,284277889,F07,00000000-0000-0000-0000-000000000000,synthetic,v1,2026-01-20T12:05:00+00:00,,True,2026-01-20T12:06:16.054000+00:00
31,1,0,1.0,0.0,0,0,1380,0,47493efa-311d-baaa-07c4-f2da48ba7846,284277889,ATTN,00000000-0000-0000-0000-000000000000,synthetic,v1,2026-01-20T12:05:00+00:00,True,True,2026-01-20T12:06:17.447000+00:00
21,1,0,0.96,0.0,1,0,2014,0,47493efa-311d-baaa-07c4-f2da48ba7846,284277889,F05,00000000-0000-0000-0000-000000000000,synthetic,v1,2026-01-20T12:05:00+00:00,,True,2026-01-20T12:06:19.461000+00:00
22,3,1,1.0839,0.0,0,0,1837,0,47493efa-311d-baaa-07c4-f2da48ba7846,284277889,L09,00000000-0000-0000-0000-000000000000,synthetic,v1,2026-01-20T12:05:00+00:00,,True,2026-01-20T12:06:21.298000+00:00
23,3,1,1.0457,0.0,0,0,10455,1,47493efa-311d-baaa-07c4-f2da48ba7846,284277889,L03,00000000-0000-0000-0000-000000000000,synthetic,v1,2026-01-20T12:05:00+00:00,,True,2026-01-20T12:06:31.753000+00:00
24,3,1,1.0913,0.0,1,0,3510,1,47493efa-311d-baaa-07c4-f2da48ba7846,284277889,L10,00000000-0000-0000-0000-000000000000,synthetic,v1,2026-01-20T12:05:00+00:00,,True,2026-01-20T12:06:35.263000+00:00
25,3,1,0.975,0.0,1,0,4854,0,47493efa-311d-baaa-07c4-f2da48ba7846,284277889,L08,00000000-0000-0000-0000-000000000000,synthetic,v1,2026-01-20T12:05:00+00:00,,True,2026-01-20T12:06:40.117000+00:00
26,3,1,1.087,0.0,0,0,2277,0,47493efa-311d-baaa-07c4-f2da48ba7846,284277889,L02,00000000-0000-0000-0000-000000000000,synthetic,v1,2026-01-20T12:05:00+00:00,,True,2026-01-20T12:06:42.394000+00:00
27,2,0,0.4382,2.33,0,0,2691,0,47493efa-311d-baaa-07c4-f2da48ba7846,284277889,A10,00000000-0000-0000-0000-000000000000,synthetic,v1,2026-01-20T12:05:00+00:00,,True,2026-01-20T12:06:45.085000+00:00
28,2,0,0.7061,3.9,0,0,2013,0,47493efa-311d-baaa-07c4-f2da48ba7846,284277889,A02,00000000-0000-0000-0000-000000000000,synthetic,v1,2026-01-20T12:05:00+00:00,,True,2026-01-20T12:06:47.098000+00:00
29,1,0,1.135,0.0,0,0,693,1,47493efa-311d-baaa-07c4-f2da48ba7846,284277889,F01,00000000-0000-0000-0000-000000000000,synthetic,v1,2026-01-20T12:05:00+00:00,,True,2026-01-20T12:06:47.791000+00:00
30,1,0,0.95,0.0,1,0,1397,0,47493efa-311d-baaa-07c4-f2da48ba7846,284277889,F04,00000000-0000-0000-0000-000000000000,synthetic,v1,2026-01-20T12:05:00+00:00,,True,2026-01-20T12:06:49.188000+00:00
1,3,1,0.9672,0.0,0,1,1101,1,7dbca36f-03ee-cc4f-5e34-f38b8b03324d,1351531223,L10,00000000-0000-0000-0000-000000000000,synthetic,v1,2026-01-20T12:10:00+00:00,,True,2026-01-20T12:10:01.101000+00:00
2,2,0,0.6914,39.28,1,0,864,0,7dbca36f-03ee-cc4f-5e34-f38b8b03324d,1351531223,A01,00000000-0000-0000-0000-000000000000,synthetic,v1,2026-01-20T12:10:00+00:00,,True,2026-01-20T12:10:01.965000+00:00
3,3,1,1.0761,0.0,0,0,1544,1,7dbca36f-03ee-cc4f-5e34-f38b8b03324d,1351531223,L03,00000000-0000-0000-0000-000000000000,synthetic,v1,2026-01-20T12:10:00+00:00,,True,2026-01-20T12:10:03.509000+00:00
4,1,0,0.89,0.0,1,0,6177,0,7dbca36f-03ee-cc4f-5e34-f38b8b03324d,1351531223,F04,00000000-0000-0000-0000-000000000000,synthetic,v1,2026-01-20T12:10:00+00:00,,True,2026-01-20T12:10:09.686000+00:00
5,1,0,0.9133,0.0,0,0,2908,0,7dbca36f-03ee-cc4f-5e34-f38b8b03324d,1351531223,F05,00000000-0000-0000-0000-000000000000,synthetic,v1,2026-01-20T12:10:00+00:00,,True,2026-01-20T12:10:12.594000+00:00
6,2,0,0.4021,13.94,0,0,6062,0,7dbca36f-03ee-cc4f-5e34-f38b8b03324d,1351531223,A10,00000000-0000-0000-0000-000000000000,synthetic,v1,2026-01-20T12:10:00+00:00,,True,2026-01-20T12:10:18.656000+00:00
7,3,1,1.15,0.0,0,0,3737,1,7dbca36f-03ee-cc4f-5e34-f38b8b03324d,1351531223,L08,00000000-0000-0000-0000-000000000000,synthetic,v1,2026-01-20T12:10:00+00:00,,True,2026-01-20T12:10:22.393000+00:00
8,3,1,1.0857,0.0,1,0,4584,1,7dbca36f-03ee-cc4f-5e34-f38b8b03324d,1351531223,L04,00000000-0000-0000-0000-000000000000,synthetic,v1,2026-01-20T12:10:00+00:00,,True,2026-01-20T12:10:26.977000+00:00
9,1,0,1.0667,0.0,1,0,1816,1,7dbca36f-03ee-cc4f-5e34-f38b8b03324d,1351531223,F06,00000000-0000-0000-0000-000000000000,synthetic,v1,2026-01-20T12:10:00+00:00,,True,2026-01-20T12:10:28.793000+00:00
10,3,1,0.91,0.0,1,0,3976,1,7dbca36f-03ee-cc4f-5e34-f38b8b03324d,1351531223,L05,00000000-0000-0000-0000-000000000000,synthetic,v1,2026-01-20T12:10:00+00:00,,True,2026-01-20T12:10:32.769000+00:00
11,1,1,1.07,0.0,1,0,4450,1,7dbca36f-03ee-cc4f-5e34-f38b8b03324d,1351531223,F07,00000000-0000-0000-0000-000000000000,synthetic,v1,2026-01-20T12:10:00+00:00,,True,2026-01-20T12:10:37.219000+00:00
12,1,1,0.9667,0.0,1,0,2170,0,7dbca36f-03ee-cc4f-5e34-f38b8b03324d,1351531223,F08,00000000-0000-0000-0000-000000000000,synthetic,v1,2026-01-20T12:10:00+00:00,,True,2026-01-20T12:10:39.389000+00:00
13,2,0,0.5392,55.39,0,0,4055,0,7dbca36f-03ee-cc4f-5e34-f38b8b03324d,1351531223,A09,00000000-0000-0000-0000-000000000000,synthetic,v1,2026-01-20T12:10:00+00:00,,True,2026-01-20T12:10:43.444000+00:00
14,2,0,0.881,66.22,0,0,4070,0,7dbca36f-03ee-cc4f-5e34-f38b8b03324d,1351531223,A05,00000000-0000-0000-0000-000000000000,synthetic,v1,2026-01-20T12:10:00+00:00,,True,2026-01-20T12:10:47.514000+00:00
15,3,1,0.8701,0.0,0,0,2203,1,7dbca36f-03ee-cc4f-5e34-f38b8b03324d,1351531223,L02,00000000-0000-0000-0000-000000000000,synthetic,v1,2026-01-20T12:10:00+00:00,,True,2026-01-20T12:10:49.717000+00:00
16,2,0,0.5759,3.62,1,0,1607,1,7dbca36f-03ee-cc4f-5e34-f38b8b03324d,1351531223,A08,00000000-0000-0000-0000-000000000000,synthetic,v1,2026-01-20T12:10:00+00:00,,True,2026-01-20T12:10:51.324000+00:00
17,1,1,1.1,0.0,1,0,1554,1,7dbca36f-03ee-cc4f-5e34-f38b8b03324d,1351531223,F02,00000000-0000-0000-0000-000000000000,synthetic,v1,2026-01-20T12:10:00+00:00,,True,2026-01-20T12:10:52.878000+00:00
18,3,1,0.9347,0.0,1,0,3126,1,7dbca36f-03ee-cc4f-5e34-f38b8b03324d,1351531223,L06,00000000-0000-0000-0000-000000000000,synthetic,v1,2026-01-20T12:10:00+00:00,,True,2026-01-20T12:10:56.004000+00:00
19,2,0,0.6521,2.68,1,0,3568,1,7dbca36f-03ee-cc4f-5e34-f38b8b03324d,1351531223,A02,00000000-0000-0000-0000-000000000000,synthetic,v1,2026-01-20T12:10:00+00:00,,True,2026-01-20T12:10:59.572000+00:00
20,3,1,0.895,0.0,1,0,1927,0,7dbca36f-03ee-cc4f-5e34-f38b8b03324d,1351531223,L09,00000000-0000-0000-0000-000000000000,synthetic,v1,2026-01-20T12:10:00+00:00,,True,2026-01-20T12:11:01.499000+00:00
31,1,0,1.0,0.0,0,0,2271,0,7dbca36f-03ee-cc4f-5e34-f38b8b03324d,1351531223,ATTN,00000000-0000-0000-0000-000000000000,synthetic,v1,2026-01-20T12:10:00+00:00,True,True,2026-01-20T12:11:03.326000+00:00
21,1,0,0.855,0.0,0,0,4188,1,7dbca36f-03ee-cc4f-5e34-f38b8b03324d,1351531223,F03,00000000-0000-0000-0000-000000000000,synthetic,v1,2026-01-20T12:10:00+00:00,,True,2026-01-20T12:11:07.514000+00:00
22,3,1,0.9016,0.0,1,0,6999,1,7dbca36f-03ee-cc4f-5e34-f38b8b03324d,1351531223,L01,00000000-0000-0000-0000-000000000000,synthetic,v1,2026-01-20T12:10:00+00:00,,True,2026-01-20T12:11:14.513000+00:00
23,3,1,1.1674,0.0,1,0,6016,1,7dbca36f-03ee-cc4f-5e34-f38b8b03324d,1351531223,L07,00000000-0000-0000-0000-000000000000,synthetic,v1,2026-01-20T12:10:00+00:00,,True,2026-01-20T12:11:20.529000+00:00
24,2,0,0.7438,16.55,1,0,1718,1,7dbca36f-03ee-cc4f-5e34-f38b8b03324d,1351531223,A04,00000000-0000-0000-0000-000000000000,synthetic,v1,2026-01-20T12:10:00+00:00,,True,2026-01-20T12:11:22.247000+00:00
25,1,1,0.8667,0.0,1,0,7524,1,7dbca36f-03ee-cc4f-5e34-f38b8b03324d,1351531223,F09,00000000-0000-0000-0000-000000000000,synthetic,v1,2026-01-20T12:10:00+00:00,,True,2026-01-20T12:11:29.771000+00:00
26,1,1,1.08,0.0,1,0,2226,1,7dbca36f-03ee-cc4f-5e34-f38b8b03324d,1351531223,F10,00000000-0000-0000-0000-000000000000,synthetic,v1,2026-01-20T12:10:00+00:00,,True,2026-01-20T12:11:31.997000+00:00
27,1,0,0.96,0.0,1,0,5295,0,7dbca36f-03ee-cc4f-5e34-f38b8b03324d,1351531223,F01,00000000-0000-0000-0000-000000000000,synthetic,v1,2026-01-20T12:10:00+00:00,,True,2026-01-20T12:11:37.292000+00:00
28,2,0,0.7887,1074.32,0,0,3094,0,7dbca36f-03ee-cc4f-5e34-f38b8b03324d,1351531223,A06,00000000-0000-0000-0000-000000000000,synthetic,v1,2026-01-20T12:10:00+00:00,,True,2026-01-20T12:11:40.386000+00:00
29,2,0,0.6866,7.73,0,0,2376,1,7dbca36f-03ee-cc4f-5e34-f38b8b03324d,1351531223,A07,00000000-0000-0000-0000-000000000000,synthetic,v1,2026-01-20T12:10:00+00:00,,True,2026-01-20T12:11:42.762000+00:00
30,2,0,0.7292,73.0,1,0,1102,0,7dbca36f-03ee-cc4f-5e34-f38b8b03324d,1351531223,A03,00000000-0000-0000-0000-000000000000,synthetic,v1,2026-01-20T12:10:00+00:00,,True,2026-01-20T12:11:43.864000+00:00
1,3,1,0.9518,0.0,0,1,108,1,2f93637e-a65e-2bcb-1740-f680a443886b,2144181937,L04,00000000-0000-0000-0000-000000000000,synthetic,v1,2026-01-20T12:15:00+00:00,,True,2026-01-20T12:15:00.108000+00:00
2,1,1,1.0333,0.0,1,0,99,1,2f93637e-a65e-2bcb-1740-f680a443886b,2144181937,F06,00000000-0000-0000-0000-000000000000,synthetic,v1,2026-01-20T12:15:00+00:00,,True,2026-01-20T12:15:00.207000+00:00
3,2,0,0.5988,2.53,1,0,117,0,2f93637e-a65e-2bcb-1740-f680a443886b,2144181937,A08,00000000-0000-0000-0000-000000000000,synthetic,v1,2026-01-20T12:15:00+00:00,,True,2026-01-20T12:15:00.324000+00:00
4,1,0,1.085,0.0,0,0,134,0,2f93637e-a65e-2bcb-1740-f680a443886b,2144181937,F07,00000000-0000-0000-0000-000000000000,synthetic,v1,2026-01-20T12:15:00+00:00,,True,2026-01-20T12:15:00.458000+00:00
5,3,1,1.1299,0.0,0,0,118,1,2f93637e-a65e-2bcb-1740-f680a443886b,2144181937,L01,00000000-0000-0000-0000-000000000000,synthetic,v1,2026-01-20T12:15:00+00:00,,True,2026-01-20T12:15:00.576000+00:00
6,3,1,1.1419,0.0,1,0,148,1,2f93637e-a65e-2bcb-1740-f680a443886b,2144181937,L09,00000000-0000-0000-0000-000000000000,synthetic,v1,2026-01-20T12:15:00+00:00,,True,2026-01-20T12:15:00.724000+00:00
7,3,1,0.9773,0.0,1,0,132,0,2f93637e-a65e-2bcb-1740-f680a443886b,2144181937,L03,00000000-0000-0000-0000-000000000000,synthetic,v1,2026-01-20T12:15:00+00:00,,True,2026-01-20T12:15:00.856000+00:00
8,2,0,0.7937,3.51,0,0,97,0,2f93637e-a65e-2bcb-1740-f680a443886b,2144181937,A02,00000000-0000-0000-0000-000000000000,synthetic,v1,2026-01-20T12:15:00+00:00,,True,2026-01-20T12:15:00.953000+00:00
9,3,1,0.9465,0.0,0,0,101,1,2f93637e-a65e-2bcb-1740-f680a443886b,2144181937,L10,00000000-0000-0000-0000-000000000000,synthetic,v1,2026-01-20T12:15:00+00:00,,True,2026-01-20T12:15:01.054000+00:00
10,2,0,0.5784,4.15,1,0,106,0,2f93637e-a65e-2bcb-1740-f680a443886b,2144181937,A04,00000000-0000-0000-0000-000000000000,synthetic,v1,2026-01-20T12:15:00+00:00,,True,2026-01-20T12:15:01.160000+00:00
11,2,0,0.6571,53.06,0,0,64,1,2f93637e-a65e-2bcb-1740-f680a443886b,2144181937,A01,00000000-0000-0000-0000-000000000000,synthetic,v1,2026-01-20T12:15:00+00:00,,True,2026-01-20T12:15:01.224000+00:00
12,1,0,0.97,0.0,1,0,74,1,2f93637e-a65e-2bcb-1740-f680a443886b,2144181937,F01,00000000-0000-0000-0000-000000000000,synthetic,v1,2026-01-20T12:15:00+00:00,,True,2026-01-20T12:15:01.298000+00:00
13,1,1,1.0667,0.0,1,0,157,1,2f93637e-a65e-2bcb-1740-f680a443886b,2144181937,F05,00000000-0000-0000-0000-000000000000,synthetic,v1,2026-01-20T12:15:00+00:00,,True,2026-01-20T12:15:01.455000+00:00
14,3,1,1.074,0.0,1,0,107,1,2f93637e-a65e-2bcb-1740-f680a443886b,2144181937,L06,00000000-0000-0000-0000-000000000000,synthetic,v1,2026-01-20T12:15:00+00:00,,True,2026-01-20T12:15:01.562000+00:00
15,2,0,0.7263,44.65,1,0,81,0,2f93637e-a65e-2bcb-1740-f680a443886b,2144181937,A05,00000000-0000-0000-0000-000000000000,synthetic,v1,2026-01-20T12:15:00+00:00,,True,2026-01-20T12:15:01.643000+00:00
16,1,1,1.1167,0.0,0,0,133,0,2f93637e-a65e-2bcb-1740-f680a443886b,2144181937,F09,00000000-0000-0000-0000-000000000000,synthetic,v1,2026-01-20T12:15:00+00:00,,True,2026-01-20T12:15:01.776000+00:00
17,3,1,1.1111,0.0,0,0,162,0,2f93637e-a65e-2bcb-1740-f680a443886b,2144181937,L08,00000000-0000-0000-0000-000000000000,synthetic,v1,2026-01-20T12:15:00+00:00,,True,2026-01-20T12:15:01.938000+00:00
18,1,0,1.1,0.0,0,0,88,0,2f93637e-a65e-2bcb-1740-f680a443886b,2144181937,F10,00000000-0000-0000-0000-000000000000,synthetic,v1,2026-01-20T12:15:00+00:00,,True,2026-01-20T12:15:02.026000+00:00
19,2,0,0.3698,7.96,0,0,173,1,2f93637e-a65e-2bcb-1740-f680a443886b,2144181937,A10,00000000-0000-0000-0000-000000000000,synthetic,v1,2026-01-20T12:15:00+00:00,,True,2026-01-20T12:15:02.199000+00:00
20,3,1,1.1,0.0,1,0,188,0,2f93637e-a65e-2bcb-1740-f680a443886b,2144181937,L05,00000000-0000-0000-0000-000000000000,synthetic,v1,2026-01-20T12:15:00+00:00,,True,2026-01-20T12:15:02.387000+00:00
31,1,0,1.0,0.0,0,0,149,0,2f93637e-a65e-2bcb-1740-f680a443886b,2144181937,ATTN,00000000-0000-0000-0000-000000000000,synthetic,v1,2026-01-20T12:15:00+00:00,True,True,2026-01-20T12:15:02.526000+00:00
21,2,0,0.5881,6.14,0,0,57,1,2f93637e-a65e-2bcb-1740-f680a443886b,2144181937,A07,00000000-0000-0000-0000-000000000000,synthetic,v1,2026-01-20T12:15:00+00:00,,True,2026-01-20T12:15:02.583000+00:00
22,1,1,1.05,0.0,1,0,190,1,2f93637e-a65e-2bcb-1740-f680a443886b,2144181937,F03,00000000-0000-0000-0000-000000000000,synthetic,v1,2026-01-20T12:15:00+00:00,,True,2026-01-20T12:15:02.773000+00:00
23,3,1,0.8948,0.0,1,0,108,1,2f93637e-a65e-2bcb-1740-f680a443886b,2144181937,L07,00000000-0000-0000-0000-000000000000,synthetic,v1,2026-01-20T12:15:00+00:00,,True,2026-01-20T12:15:02.881000+00:00
24,2,0,0.9134,1729.29,1,0,187,0,2f93637e-a65e-2bcb-1740-f680a443886b,2144181937,A06,00000000-0000-0000-0000-000000000000,synthetic,v1,2026-01-20T12:15:00+00:00,,True,2026-01-20T12:15:03.068000+00:00
25,2,0,0.4582,143.31,0,0,136,0,2f93637e-a65e-2bcb-1740-f680a443886b,2144181937,A09,00000000-0000-0000-0000-000000000000,synthetic,v1,2026-01-20T12:15:00+00:00,,True,2026-01-20T12:15:03.204000+00:00
26,1,0,1.0333,0.0,0,0,50,0,2f93637e-a65e-2bcb-1740-f680a443886b,2144181937,F08,00000000-0000-0000-0000-000000000000,synthetic,v1,2026-01-20T12:15:00+00:00,,True,2026-01-20T12:15:03.254000+00:00
27,1,1,0.93,0.0,0,0,55,1,2f93637e-a65e-2bcb-1740-f680a443886b,2144181937,F02,00000000-0000-0000-0000-000000000000,synthetic,v1,2026-01-20T12:15:00+00:00,,True,2026-01-20T12:15:03.309000+00:00
28,3,1,1.0223,0.0,1,0,151,1,2f93637e-a65e-2bcb-1740-f680a443886b,2144181937,L02,00000000-0000-0000-0000-000000000000,synthetic,v1,2026-01-20T12:15:00+00:00,,True,2026-01-20T12:15:03.460000+00:00
29,1,0,0.94,0.0,1,0,133,0,2f93637e-a65e-2bcb-1740-f680a443886b,2144181937,F04,00000000-0000-0000-0000-000000000000,synthetic,v1,2026-01-20T12:15:00+00:00,,True,2026-01-20T12:15:03.593000+00:00
30,2,0,0.7992,45.98,0,0,53,1,2f93637e-a65e-2bcb-1740-f680a443886b,2144181937,A03,00000000-0000-0000-0000-000000000000,synthetic,v1,2026-01-20T12:15:00+00:00,,True,2026-01-20T12:15:03.646000+00:00
1,2,0,0.5838,11.83,0,1,5747,1,0a4f5fe2-62bb-ef9d-644c-4712038df8dd,1970753705,A07,00000000-0000-0000-0000-000000000000,synthetic,v1,2026-01-20T12:20:00+00:00,,True,2026-01-20T12:20:05.747000+00:00
2,2,0,0.384,5.76,1,0,903,0,0a4f5fe2-62bb-ef9d-644c-4712038df8dd,1970753705,A10,00000000-0000-0000-0000-000000000000,synthetic,v1,2026-01-20T12:20:00+00:00,,True,2026-01-20T12:20:06.650000+00:00
3,3,1,1.1101,0.0,0,0,984,1,0a4f5fe2-62bb-ef9d-644c-4712038df8dd,1970753705,L03,00000000-0000-0000-0000-000000000000,synthetic,v1,2026-01-20T12:20:00+00:00,,True,2026-01-20T12:20:07.634000+00:00
4,3,1,0.9275,0.0,1,0,4617,0,0a4f5fe2-62bb-ef9d-644c-4712038df8dd,1970753705,L05,00000000-0000-0000-0000-000000000000,synthetic,v1,2026-01-20T12:20:00+00:00,,True,2026-01-20T12:20:12.251000+00:00
5,2,0,0.7918,75.27,0,0,3081,1,0a4f5fe2-62bb-ef9d-644c-4712038df8dd,1970753705,A01,00000000-0000-0000-0000-000000000000,synthetic,v1,2026-01-20T12:20:00+00:00,,True,2026-01-20T12:20:15.332000+00:00
6,3,1,0.9368,0.0,1,0,3421,0,0a4f5fe2-62bb-ef9d-644c-4712038df8dd,1970753705,L10,00000000-0000-0000-0000-000000000000,synthetic,v1,2026-01-20T12:20:00+00:00,,True,2026-01-20T12:20:18.753000+00:00
7,1,1,0.87,0.0,0,0,1437,1,0a4f5fe2-62bb-ef9d-644c-4712038df8dd,1970753705,F03,00000000-0000-0000-0000-000000000000,synthetic,v1,2026-01-20T12:20:00+00:00,,True,2026-01-20T12:20:20.190000+00:00
8,1,0,0.855,0.0,1,0,2943,0,0a4f5fe2-62bb-ef9d-644c-4712038df8dd,1970753705,F01,00000000-0000-0000-0000-000000000000,synthetic,v1,2026-01-20T12:20:00+00:00,,True,2026-01-20T12:20:23.133000+00:00
9,3,1,0.895,0.0,0,0,8972,0,0a4f5fe2-62bb-ef9d-644c-4712038df8dd,1970753705,L07,00000000-0000-0000-0000-000000000000,synthetic,v1,2026-01-20T12:20:00+00:00,,True,2026-01-20T12:20:32.105000+00:00
10,3,1,1.1202,0.0,0,0,4690,1,0a4f5fe2-62bb-ef9d-644c-4712038df8dd,1970753705,L06,00000000-0000-0000-0000-000000000000,synthetic,v1,2026-01-20T12:20:00+00:00,,True,2026-01-20T12:20:36.795000+00:00
11,2,0,0.6972,8.47,1,0,3272,0,0a4f5fe2-62bb-ef9d-644c-4712038df8dd,1970753705,A04,00000000-0000-0000-0000-000000000000,synthetic,v1,2026-01-20T12:20:00+00:00,,True,2026-01-20T12:20:40.067000+00:00
12,2,0,0.8999,1.65,0,0,2341,0,0a4f5fe2-62bb-ef9d-644c-4712038df8dd,1970753705,A02,00000000-0000-0000-0000-000000000000,synthetic,v1,2026-01-20T12:20:00+00:00,,True,2026-01-20T12:20:42.408000+00:00
13,1,0,0.86,0.0,0,0,2399,0,0a4f5fe2-62bb-ef9d-644c-4712038df8dd,1970753705,F10,00000000-0000-0000-0000-000000000000,synthetic,v1,2026-01-20T12:20:00+00:00,,True,2026-01-20T12:20:44.807000+00:00
14,3,1,1.0577,0.0,0,0,924,1,0a4f5fe2-62bb-ef9d-644c-4712038df8dd,1970753705,L01,00000000-0000-0000-0000-000000000000,synthetic,v1,2026-01-20T12:20:00+00:00,,True,2026-01-20T12:20:45.731000+00:00
15,1,0,1.06,0.0,1,0,3434,1,0a4f5fe2-62bb-ef9d-644c-4712038df8dd,1970753705,F02,00000000-0000-0000-0000-000000000000,synthetic,v1,2026-01-20T12:20:00+00:00,,True,2026-01-20T12:20:49.165000+00:00
16,1,0,0.9889,0.0,1,0,4745,0,0a4f5fe2-62bb-ef9d-644c-4712038df8dd,1970753705,F06,00000000-0000-0000-0000-000000000000,synthetic,v1,2026-01-20T12:20:00+00:00,,True,2026-01-20T12:20:53.910000+00:00
17,3,1,0.9365,0.0,0,0,1253,0,0a4f5fe2-62bb-ef9d-644c-4712038df8dd,1970753705,L09,00000000-0000-0000-0000-000000000000,synthetic,v1,2026-01-20T12:20:00+00:00,,True,2026-01-20T12:20:55.163000+00:00
18,1,1,1.15,0.0,0,0,2071,1,0a4f5fe2-62bb-ef9d-644c-4712038df8dd,1970753705,F09,00000000-0000-0000-0000-000000000000,synthetic,v1,2026-01-20T12:20:00+00:00,,True,2026-01-20T12:20:57.234000+00:00
19,2,0,0.9979,1371.33,1,0,1577,1,0a4f5fe2-62bb-ef9d-644c-4712038df8dd,1970753705,A06,00000000-0000-0000-0000-000000000000,synthetic,v1,2026-01-20T12:20:00+00:00,,True,2026-01-20T12:20:58.811000+00:00
20,3,1,1.073,0.0,1,0,1752,0,0a4f5fe2-62bb-ef9d-644c-4712038df8dd,1970753705,L02,00000000-0000-0000-0000-000000000000,synthetic,v1,2026-01-20T12:20:00+00:00,,True,2026-01-20T12:21:00.563000+00:00
31,1,0,1.0,0.0,0,0,785,0,0a4f5fe2-62bb-ef9d-644c-4712038df8dd,1970753705,ATTN,00000000-0000-0000-0000-000000000000,synthetic,v1,2026-01-20T12:20:00+00:00,True,True,2026-01-20T12:21:02.410000+00:00
21,1,0,0.9,0.0,0,0,4179,0,0a4f5fe2-62bb-ef9d-644c-4712038df8dd,1970753705,F08,00000000-0000-0000-0000-000000000000,synthetic,v1,2026-01-20T12:20:00+00:00,,True,2026-01-20T12:21:06.589000+00:00
22,2,0,0.6619,10.81,0,0,4512,1,0a4f5fe2-62bb-ef9d-644c-4712038df8dd,1970753705,A08,00000000-0000-0000-0000-000000000000,synthetic,v1,2026-01-20T12:20:00+00:00,,True,2026-01-20T12:21:11.101000+00:00
23,3,1,1.1333,0.0,1,0,2596,1,0a4f5fe2-62bb-ef9d-644c-4712038df8dd,1970753705,L08,00000000-0000-0000-0000-000000000000,synthetic,v1,2026-01-20T12:20:00+00:00,,True,2026-01-20T12:21:13.697000+00:00
24,1,1,0.87,0.0,1,0,761,0,0a4f5fe2-62bb-ef9d-644c-4712038df8dd,1970753705,F04,00000000-0000-0000-0000-000000000000,synthetic,v1,2026-01-20T12:20:00+00:00,,True,2026-01-20T12:21:14.458000+00:00
25,2,0,0.7149,87.96,0,0,1723,0,0a4f5fe2-62bb-ef9d-644c-4712038df8dd,1970753705,A03,00000000-0000-0000-0000-000000000000,synthetic,v1,2026-01-20T12:20:00+00:00,,True,2026-01-20T12:21:16.181000+00:00
26,2,0,0.7753,90.69,0,0,5872,0,0a4f5fe2-62bb-ef9d-644c-4712038df8dd,1970753705,A05,00000000-0000-0000-0000-000000000000,synthetic,v1,2026-01-20T12:20:00+00:00,,True,2026-01-20T12:21:22.053000+00:00
27,1,1,0.89,0.0,0,0,646,1,0a4f5fe2-62bb-ef9d-644c-4712038df8dd,1970753705,F07,00000000-0000-0000-0000-000000000000,synthetic,v1,2026-01-20T12:20:00+00:00,,True,2026-01-20T12:21:22.699000+00:00
28,3,1,0.9748,0.0,1,0,2462,0,0a4f5fe2-62bb-ef9d-644c-4712038df8dd,1970753705,L04,00000000-0000-0000-0000-000000000000,synthetic,v1,2026-01-20T12:20:00+00:00,,True,2026-01-20T12:21:25.161000+00:00
29,1,1,0.8633,0.0,0,0,1557,0,0a4f5fe2-62bb-ef9d-644c-4712038df8dd,1970753705,F05,00000000-0000-0000-0000-000000000000,synthetic,v1,2026-01-20T12:20:00+00:00,,True,2026-01-20T12:21:26.718000+00:00
30,2,0,0.5052,143.43,0,0,4640,1,0a4f5fe2-62bb-ef9d-644c-4712038df8dd,1970753705,A09,00000000-0000-0000-0000-000000000000,synthetic,v1,2026-01-20T12:20:00+00:00,,True,2026-01-20T12:21:31.358000+00:00
1,1,0,1.0333,0.0,0,1,2056,1,52ee844e-604a-8770-b3c1-58751ad5380a,1137651678,F06,00000000-0000-0000-0000-000000000000,synthetic,v1,2026-01-20T12:25:00+00:00,,True,2026-01-20T12:25:02.056000+00:00
2,2,0,0.8552,1.45,1,0,3722,0,52ee844e-604a-8770-b3c1-58751ad5380a,1137651678,A02,00000000-0000-0000-0000-000000000000,synthetic,v1,2026-01-20T12:25:00+00:00,,True,2026-01-20T12:25:05.778000+00:00
3,1,0,1.0,0.0,0,0,4068,0,52ee844e-604a-8770-b3c1-58751ad5380a,1137651678,F04,00000000-0000-0000-0000-000000000000,synthetic,v1,2026-01-20T12:25:00+00:00,,True,2026-01-20T12:25:09.846000+00:00
4,1,1,1.0667,0.0,0,0,8183,1,52ee844e-604a-8770-b3c1-58751ad5380a,1137651678,F08,00000000-0000-0000-0000-000000000000,synthetic,v1,2026-01-20T12:25:00+00:00,,True,2026-01-20T12:25:18.029000+00:00
5,2,0,0.5139,183.33,1,0,2666,0,52ee844e-604a-8770-b3c1-58751ad5380a,1137651678,A09,00000000-0000-0000-0000-000000000000,synthetic,v1,2026-01-20T12:25:00+00:00,,True,2026-01-20T12:25:20.695000+00:00
6,3,1,0.9933,0.0,0,0,3665,0,52ee844e-604a-8770-b3c1-58751ad5380a,1137651678,L09,00000000-0000-0000-0000-000000000000,synthetic,v1,2026-01-20T12:25:00+00:00,,True,2026-01-20T12:25:24.360000+00:00
7,1,0,1.06,0.0,0,0,1317,0,52ee844e-604a-8770-b3c1-58751ad5380a,1137651678,F03,00000000-0000-0000-0000-000000000000,synthetic,v1,2026-01-20T12:25:00+00:00,,True,2026-01-20T12:25:25.677000+00:00
8,2,0,0.9129,75.6,0,0,5737,0,52ee844e-604a-8770-b3c1-58751ad5380a,1137651678,A05,00000000-0000-0000-0000-000000000000,synthetic,v1,2026-01-20T12:25:00+00:00,,True,2026-01-20T12:25:31.414000+00:00
9,2,0,0.599,12.05,0,0,1962,0,52ee844e-604a-8770-b3c1-58751ad5380a,1137651678,A07,00000000-0000-0000-0000-000000000000,synthetic,v1,2026-01-20T12:25:00+00:00,,True,2026-01-20T12:25:33.376000+00:00
10,2,0,0.7598,46.13,0,0,2189,1,52ee844e-604a-8770-b3c1-58751ad5380a,1137651678,A03,00000000-0000-0000-0000-000000000000,synthetic,v1,2026-01-20T12:25:00+00:00,,True,2026-01-20T12:25:35.565000+00:00
11,3,1,0.8664,0.0,1,0,2944,1,52ee844e-604a-8770-b3c1-58751ad5380a,1137651678,L04,00000000-0000-0000-0000-000000000000,synthetic,v1,2026-01-20T12:25:00+00:00,,True,2026-01-20T12:25:38.509000+00:00
12,3,1,0.8843,0.0,1,0,1261,0,52ee844e-604a-8770-b3c1-58751ad5380a,1137651678,L02,00000000-0000-0000-0000-000000000000,synthetic,v1,2026-01-20T12:25:00+00:00,,True,2026-01-20T12:25:39.770000+00:00
13,1,1,0.97,0.0,0,0,3380,0,52ee844e-604a-8770-b3c1-58751ad5380a,1137651678,F01,00000000-0000-0000-0000-000000000000,synthetic,v1,2026-01-20T12:25:00+00:00,,True,2026-01-20T12:25:43.150000+00:00
14,3,1,1.0255,0.0,0,0,5075,0,52ee844e-604a-8770-b3c1-58751ad5380a,1137651678,L07,00000000-0000-0000-0000-000000000000,synthetic,v1,2026-01-20T12:25:00+00:00,,True,2026-01-20T12:25:48.225000+00:00
15,3,1,1.0826,0.0,0,0,3502,0,52ee844e-604a-8770-b3c1-58751ad5380a,1137651678,L05,00000000-0000-0000-0000-000000000000,synthetic,v1,2026-01-20T12:25:00+00:00,,True,2026-01-20T12:25:51.727000+00:00
16,1,0,0.8667,0.0,0,0,1244,0,52ee844e-604a-8770-b3c1-58751ad5380a,1137651678,F05,00000000-0000-0000-0000-000000000000,synthetic,v1,2026-01-20T12:25:00+00:00,,True,2026-01-20T12:25:52.971000+00:00
17,3,1,1.1173,0.0,0,0,2784,1,52ee844e-604a-8770-b3c1-58751ad5380a,1137651678,L03,00000000-0000-0000-0000-000000000000,synthetic,v1,2026-01-20T12:25:00+00:00,,True,2026-01-20T12:25:55.755000+00:00
18,1,1,1.075,0.0,1,0,4483,1,52ee844e-604a-8770-b3c1-58751ad5380a,1137651678,F07,00000000-0000-0000-0000-000000000000,synthetic,v1,2026-01-20T12:25:00+00:00,,True,2026-01-20T12:26:00.238000+00:00
19,2,0,0.7385,6.18,1,0,1061,0,52ee844e-604a-8770-b3c1-58751ad5380a,1137651678,A08,00000000-0000-0000-0000-000000000000,synthetic,v1,2026-01-20T12:25:00+00:00,,True,2026-01-20T12:26:01.299000+00:00
20,1,1,0.9,0.0,0,0,1650,1,52ee844e-604a-8770-b3c1-58751ad5380a,1137651678,F10,00000000-0000-0000-0000-000000000000,synthetic,v1,2026-01-20T12:25:00+00:00,,True,2026-01-20T12:26:02.949000+00:00
31,1,0,1.0,0.0,0,0,2014,0,52ee844e-604a-8770-b3c1-58751ad5380a,1137651678,ATTN,00000000-0000-0000-0000-000000000000,synthetic,v1,2026-01-20T12:25:00+00:00,True,True,2026-01-20T12:26:05.516000+00:00
21,1,0,0.8833,0.0,1,0,3739,0,52ee844e-604a-8770-b3c1-58751ad5380a,1137651678,F09,00000000-0000-0000-0000-000000000000,synthetic,v1,2026-01-20T12:25:00+00:00,,True,2026-01-20T12:26:09.255000+00:00
22,3,1,1.1111,0.0,0,0,8289,0,52ee844e-604a-8770-b3c1-58751ad5380a,1137651678,L08,00000000-0000-0000-0000-000000000000,synthetic,v1,2026-01-20T12:25:00+00:00,,True,2026-01-20T12:26:17.544000+00:00
23,3,1,1.0146,0.0,0,0,3857,0,52ee844e-604a-8770-b3c1-58751ad5380a,1137651678,L06,00000000-0000-0000-0000-000000000000,synthetic,v1,2026-01-20T12:25:00+00:00,,True,2026-01-20T12:26:21.401000+00:00
24,2,0,0.3632,2.11,0,0,4280,0,52ee844e-604a-8770-b3c1-58751ad5380a,1137651678,A10,00000000-0000-0000-0000-000000000000,synthetic,v1,2026-01-20T12:25:00+00:00,,True,2026-01-20T12:26:25.681000+00:00
25,2,0,0.8441,2887.02,0,0,13238,0,52ee844e-604a-8770-b3c1-58751ad5380a,1137651678,A06,00000000-0000-0000-0000-000000000000,synthetic,v1,2026-01-20T12:25:00+00:00,,True,2026-01-20T12:26:38.919000+00:00
26,3,1,0.8931,0.0,0,0,2650,1,52ee844e-604a-8770-b3c1-58751ad5380a,1137651678,L10,00000000-0000-0000-0000-000000000000,synthetic,v1,2026-01-20T12:25:00+00:00,,True,2026-01-20T12:26:41.569000+00:00
27,2,0,0.7686,9.85,1,0,1922,0,52ee844e-604a-8770-b3c1-58751ad5380a,1137651678,A04,00000000-0000-0000-0000-000000000000,synthetic,v1,2026-01-20T12:25:00+00:00,,True,2026-01-20T12:26:43.491000+00:00
28,3,1,0.9967,0.0,0,0,3771,0,52ee844e-604a-8770-b3c1-58751ad5380a,1137651678,L01,00000000-0000-0000-0000-000000000000,synthetic,v1,2026-01-20T12:25:00+00:00,,True,2026-01-20T12:26:47.262000+00:00
29,2,0,0.697,49.15,0,0,3795,1,52ee844e-604a-8770-b3c1-58751ad5380a,1137651678,A01,00000000-0000-0000-0000-000000000000,synthetic,v1,2026-01-20T12:25:00+00:00,,True,2026-01-20T12:26:51.057000+00:00
30,1,1,1.05,0.0,1,0,2231,1,52ee844e-604a-8770-b3c1-58751ad5380a,1137651678,F02,00000000-0000-0000-0000-000000000000,synthetic,v1,2026-01-20T12:25:00+00:00,,True,2026-01-20T12:26:53.288000+00:00
1,2,0,0.71,1722.62,0,1,1689,0,3448ef32-1a7b-3f9d-d0b9-284cca58fc4f,1059257080,A06,00000000-0000-0000-0000-000000000000,synthetic,v1,2026-01-20T12:30:00+00:00,,True,2026-01-20T12:30:01.689000+00:00
2,3,1,1.1,0.0,0,0,10619,1,3448ef32-1a7b-3f9d-d0b9-284cca58fc4f,1059257080,L08,00000000-0000-0000-0000-000000000000,synthetic,v1,2026-01-20T12:30:00+00:00,,True,2026-01-20T12:30:12.308000+00:00
3,3,1,0.9242,0.0,1,0,3568,1,3448ef32-1a7b-3f9d-d0b9-284cca58fc4f,1059257080,L05,00000000-0000-0000-0000-000000000000,synthetic,v1,2026-01-20T12:30:00+00:00,,True,2026-01-20T12:30:15.876000+00:00
4,1,1,1.005,0.0,1,0,1992,1,3448ef32-1a7b-3f9d-d0b9-284cca58fc4f,1059257080,F01,00000000-0000-0000-0000-000000000000,synthetic,v1,2026-01-20T12:30:00+00:00,,True,2026-01-20T12:30:17.868000+00:00
5,3,1,0.9669,0.0,1,0,4933,0,3448ef32-1a7b-3f9d-d0b9-284cca58fc4f,1059257080,L02,00000000-0000-0000-0000-000000000000,synthetic,v1,2026-01-20T12:30:00+00:00,,True,2026-01-20T12:30:22.801000+00:00
6,2,0,0.6079,18.96,0,0,2807,0,3448ef32-1a7b-3f9d-d0b9-284cca58fc4f,1059257080,A09,00000000-0000-0000-0000-000000000000,synthetic,v1,2026-01-20T12:30:00+00:00,,True,2026-01-20T12:30:25.608000+00:00
7,3,1,1.0514,0.0,0,0,2593,0,3448ef32-1a7b-3f9d-d0b9-284cca58fc4f,1059257080,L01,00000000-0000-0000-0000-000000000000,synthetic,v1,2026-01-20T12:30:00+00:00,,True,2026-01-20T12:30:28.201000+00:00
8,2,0,0.779,75.82,0,0,4061,1,3448ef32-1a7b-3f9d-d0b9-284cca58fc4f,1059257080,A03,00000000-0000-0000-0000-000000000000,synthetic,v1,2026-01-20T12:30:00+00:00,,True,2026-01-20T12:30:32.262000+00:00
9,1,0,0.9667,0.0,1,0,1464,0,3448ef32-1a7b-3f9d-d0b9-284cca58fc4f,1059257080,F09,00000000-0000-0000-0000-000000000000,synthetic,v1,2026-01-20T12:30:00+00:00,,True,2026-01-20T12:30:33.726000+00:00
10,3,1,1.0813,0.0,0,0,3618,0,3448ef32-1a7b-3f9d-d0b9-284cca58fc4f,1059257080,L07,00000000-0000-0000-0000-000000000000,synthetic,v1,2026-01-20T12:30:00+00:00,,True,2026-01-20T12:30:37.344000+00:00
11,2,0,0.6486,18.96,0,0,8536,0,3448ef32-1a7b-3f9d-d0b9-284cca58fc4f,1059257080,A04,00000000-0000-0000-0000-000000000000,synthetic,v1,2026-01-20T12:30:00+00:00,,True,2026-01-20T12:30:45.880000+00:00
12,1,0,1.1167,0.0,0,0,3852,0,3448ef32-1a7b-3f9d-d0b9-284cca58fc4f,1059257080,F06,00000000-0000-0000-0000-000000000000,synthetic,v1,2026-01-20T12:30:00+00:00,,True,2026-01-20T12:30:49.732000+00:00
13,2,0,0.8061,73.59,0,0,2423,0,3448ef32-1a7b-3f9d-d0b9-284cca58fc4f,1059257080,A01,00000000-0000-0000-0000-000000000000,synthetic,v1,2026-01-20T12:30:00+00:00,,True,2026-01-20T12:30:52.155000+00:00
14,3,1,1.1367,0.0,0,0,2255,0,3448ef32-1a7b-3f9d-d0b9-284cca58fc4f,1059257080,L06,00000000-0000-0000-0000-000000000000,synthetic,v1,2026-01-20T12:30:00+00:00,,True,2026-01-20T12:30:54.410000+00:00
15,2,0,0.7544,1.34,0,0,2378,0,3448ef32-1a7b-3f9d-d0b9-284cca58fc4f,1059257080,A02,00000000-0000-0000-0000-000000000000,synthetic,v1,2026-01-20T12:30:00+00:00,,True,2026-01-20T12:30:56.788000+00:00
16,1,0,1.11,0.0,0,0,2592,0,3448ef32-1a7b-3f9d-d0b9-284cca58fc4f,1059257080,F07,00000000-0000-0000-0000-000000000000,synthetic,v1,2026-01-20T12:30:00+00:00,,True,2026-01-20T12:30:59.380000+00:00
17,1,1,1.135,0.0,0,0,2421,1,3448ef32-1a7b-3f9d-d0b9-284cca58fc4f,1059257080,F03,00000000-0000-0000-0000-000000000000,synthetic,v1,2026-01-20T12:30:00+00:00,,True,2026-01-20T12:31:01.801000+00:00
18,2,0,0.7078,13.9,1,0,4934,1,3448ef32-1a7b-3f9d-d0b9-284cca58fc4f,1059257080,A08,00000000-0000-0000-0000-000000000000,synthetic,v1,2026-01-20T12:30:00+00:00,,True,2026-01-20T12:31:06.735000+00:00
19,2,0,0.4599,7.11,1,0,1149,1,3448ef32-1a7b-3f9d-d0b9-284cca58fc4f,1059257080,A10,00000000-0000-0000-0000-000000000000,synthetic,v1,2026-01-20T12:30:00+00:00,,True,2026-01-20T12:31:07.884000+00:00
20,1,1,0.88,0.0,1,0,4789,1,3448ef32-1a7b-3f9d-d0b9-284cca58fc4f,1059257080,F04,00000000-0000-0000-0000-000000000000,synthetic,v1,2026-01-20T12:30:00+00:00,,True,2026-01-20T12:31:12.673000+00:00
31,1,0,1.0,0.0,0,0,2102,0,3448ef32-1a7b-3f9d-d0b9-284cca58fc4f,1059257080,ATTN,00000000-0000-0000-0000-000000000000,synthetic,v1,2026-01-20T12:30:00+00:00,True,True,2026-01-20T12:31:14.226000+00:00
21,2,0,0.592,3.36,1,0,1603,0,3448ef32-1a7b-3f9d-d0b9-284cca58fc4f,1059257080,A07,00000000-0000-0000-0000-000000000000,synthetic,v1,2026-01-20T12:30:00+00:00,,True,2026-01-20T12:31:15.829000+00:00
22,3,1,0.9444,0.0,0,0,6190,1,3448ef32-1a7b-3f9d-d0b9-284cca58fc4f,1059257080,L03,00000000-0000-0000-0000-000000000000,synthetic,v1,2026-01-20T12:30:00+00:00,,True,2026-01-20T12:31:22.019000+00:00
23,2,0,0.8883,54.43,1,0,5914,1,3448ef32-1a7b-3f9d-d0b9-284cca58fc4f,1059257080,A05,00000000-0000-0000-0000-000000000000,synthetic,v1,2026-01-20T12:30:00+00:00,,True,2026-01-20T12:31:27.933000+00:00
24,1,1,1.1,0.0,1,0,5053,0,3448ef32-1a7b-3f9d-d0b9-284cca58fc4f,1059257080,F10,00000000-0000-0000-0000-000000000000,synthetic,v1,2026-01-20T12:30:00+00:00,,True,2026-01-20T12:31:32.986000+00:00
25,3,1,0.8536,0.0,0,0,1295,1,3448ef32-1a7b-3f9d-d0b9-284cca58fc4f,1059257080,L04,00000000-0000-0000-0000-000000000000,synthetic,v1,2026-01-20T12:30:00+00:00,,True,2026-01-20T12:31:34.281000+00:00
26,1,1,1.05,0.0,1,0,4703,1,3448ef32-1a7b-3f9d-d0b9-284cca58fc4f,1059257080,F08,00000000-0000-0000-0000-000000000000,synthetic,v1,2026-01-20T12:30:00+00:00,,True,2026-01-20T12:31:38.984000+00:00
27,3,1,0.8945,0.0,1,0,3724,1,3448ef32-1a7b-3f9d-d0b9-284cca58fc4f,1059257080,L10,00000000-0000-0000-0000-000000000000,synthetic,v1,2026-01-20T12:30:00+00:00,,True,2026-01-20T12:31:42.708000+00:00
28,3,1,1.0312,0.0,1,0,1232,0,3448ef32-1a7b-3f9d-d0b9-284cca58fc4f,1059257080,L09,00000000-0000-0000-0000-000000000000,synthetic,v1,2026-01-20T12:30:00+00:00,,True,2026-01-20T12:31:43.940000+00:00
29,1,0,0.8633,0.0,0,0,2941,0,3448ef32-1a7b-3f9d-d0b9-284cca58fc4f,1059257080,F05,00000000-0000-0000-0000-000000000000,synthetic,v1,2026-01-20T12:30:00+00:00,,True,2026-01-20T12:31:46.881000+00:00
30,1,0,0.91,0.0,0,0,3642,0,3448ef32-1a7b-3f9d-d0b9-284cca58fc4f,1059257080,F02,00000000-0000-0000-0000-000000000000,synthetic,v1,2026-01-20T12:30:00+00:00,,True,2026-01-20T12:31:50.523000+00:00
1,1,0,1.0733,0.0,0,1,4047,0,14b37b9e-c5bb-4341-43f4-deca9e96df6a,1840109255,F05,00000000-0000-0000-0000-000000000000,synthetic,v1,2026-01-20T12:35:00+00:00,,True,2026-01-20T12:35:04.047000+00:00
2,3,1,1.1111,0.0,0,0,3286,1,14b37b9e-c5bb-4341-43f4-deca9e96df6a,1840109255,L08,00000000-0000-0000-0000-000000000000,synthetic,v1,2026-01-20T12:35:00+00:00,,True,2026-01-20T12:35:07.333000+00:00
3,2,0,0.5671,32.12,1,0,3498,0,14b37b9e-c5bb-4341-43f4-deca9e96df6a,1840109255,A09,00000000-0000-0000-0000-000000000000,synthetic,v1,2026-01-20T12:35:00+00:00,,True,2026-01-20T12:35:10.831000+00:00
4,1,0,1.04,0.0,0,0,6704,0,14b37b9e-c5bb-4341-43f4-deca9e96df6a,1840109255,F01,00000000-0000-0000-0000-000000000000,synthetic,v1,2026-01-20T12:35:00+00:00,,True,2026-01-20T12:35:17.535000+00:00
5,3,1,0.8997,0.0,0,0,5850,1,14b37b9e-c5bb-4341-43f4-deca9e96df6a,1840109255,L07,00000000-0000-0000-0000-000000000000,synthetic,v1,2026-01-20T12:35:00+00:00,,True,2026-01-20T12:35:23.385000+00:00
6,1,1,1.15,0.0,1,0,615,0,14b37b9e-c5bb-4341-43f4-deca9e96df6a,1840109255,F08,00000000-0000-0000-0000-000000000000,synthetic,v1,2026-01-20T12:35:00+00:00,,True,2026-01-20T12:35:24+00:00
7,3,1,0.9117,0.0,0,0,2503,0,14b37b9e-c5bb-4341-43f4-deca9e96df6a,1840109255,L10,00000000-0000-0000-0000-000000000000,synthetic,v1,2026-01-20T12:35:00+00:00,,True,2026-01-20T12:35:26.503000+00:00
8,3,1,0.8614,0.0,0,0,2722,0,14b37b9e-c5bb-4341-43f4-deca9e96df6a,1840109255,L04,00000000-0000-0000-0000-000000000000,synthetic,v1,2026-01-20T12:35:00+00:00,,True,2026-01-20T12:35:29.225000+00:00
9,2,0,0.7354,13.86,0,0,1137,1,14b37b9e-c5bb-4341-43f4-deca9e96df6a,1840109255,A08,00000000-0000-0000-0000-000000000000,synthetic,v1,2026-01-20T12:35:00+00:00,,True,2026-01-20T12:35:30.362000+00:00
10,2,0,0.4327,1.87,1,0,3139,0,14b37b9e-c5bb-4341-43f4-deca9e96df6a,1840109255,A10,00000000-0000-0000-0000-000000000000,synthetic,v1,2026-01-20T12:35:00+00:00,,True,2026-01-20T12:35:33.501000+00:00
11,1,1,1.0,0.0,0,0,5924,0,14b37b9e-c5bb-4341-43f4-deca9e96df6a,1840109255,F02,00000000-0000-0000-0000-000000000000,synthetic,v1,2026-01-20T12:35:00+00:00,,True,2026-01-20T12:35:39.425000+00:00
12,1,0,1.1,0.0,0,0,1639,0,14b37b9e-c5bb-4341-43f4-deca9e96df6a,1840109255,F10,00000000-0000-0000-0000-000000000000,synthetic,v1,2026-01-20T12:35:00+00:00,,True,2026-01-20T12:35:41.064000+00:00
13,2,0,0.8749,3263.78,0,0,3586,1,14b37b9e-c5bb-4341-43f4-deca9e96df6a,1840109255,A06,00000000-0000-0000-0000-000000000000,synthetic,v1,2026-01-20T12:35:00+00:00,,True,2026-01-20T12:35:44.650000+00:00
14,2,0,0.7681,2.79,1,0,1801,1,14b37b9e-c5bb-4341-43f4-deca9e96df6a,1840109255,A02,00000000-0000-0000-0000-000000000000,synthetic,v1,2026-01-20T12:35:00+00:00,,True,2026-01-20T12:35:46.451000+00:00
15,2,0,0.7254,15.29,1,0,2059,1,14b37b9e-c5bb-4341-43f4-deca9e96df6a,1840109255,A04,00000000-0000-0000-0000-000000000000,synthetic,v1,2026-01-20T12:35:00+00:00,,True,2026-01-20T12:35:48.510000+00:00
16,2,0,0.8457,57.04,1,0,6718,0,14b37b9e-c5bb-4341-43f4-deca9e96df6a,1840109255,A05,00000000-0000-0000-0000-000000000000,synthetic,v1,2026-01-20T12:35:00+00:00,,True,2026-01-20T12:35:55.228000+00:00
17,1,1,1.0167,0.0,0,0,2211,1,14b37b9e-c5bb-4341-43f4-deca9e96df6a,1840109255,F09,00000000-0000-0000-0000-000000000000,synthetic,v1,2026-01-20T12:35:00+00:00,,True,2026-01-20T12:35:57.439000+00:00
18,2,0,0.612,32.31,1,0,3843,1,14b37b9e-c5bb-4341-43f4-deca9e96df6a,1840109255,A01,00000000-0000-0000-0000-000000000000,synthetic,v1,2026-01-20T12:35:00+00:00,,True,2026-01-20T12:36:01.282000+00:00
19,1,0,0.9111,0.0,1,0,1065,0,14b37b9e-c5bb-4341-43f4-deca9e96df6a,1840109255,F06,00000000-0000-0000-0000-000000000000,synthetic,v1,2026-01-20T12:35:00+00:00,,True,2026-01-20T12:36:02.347000+00:00
20,3,1,0.977,0.0,0,0,8302,0,14b37b9e-c5bb-4341-43f4-deca9e96df6a,1840109255,L02,00000000-0000-0000-0000-000000000000,synthetic,v1,2026-01-20T12:35:00+00:00,,True,2026-01-20T12:36:10.649000+00:00
31,1,0,1.0,0.0,0,0,1680,0,14b37b9e-c5bb-4341-43f4-deca9e96df6a,1840109255,ATTN,00000000-0000-0000-0000-000000000000,synthetic,v1,2026-01-20T12:35:00+00:00,True,True,2026-01-20T12:36:12.949000+00:00
21,1,0,1.07,0.0,0,0,4091,0,14b37b9e-c5bb-4341-43f4-deca9e96df6a,1840109255,F04,00000000-0000-0000-0000-000000000000,synthetic,v1,2026-01-20T12:35:00+00:00,,True,2026-01-20T12:36:17.040000+00:00
22,3,1,0.9519,0.0,0,0,1372,1,14b37b9e-c5bb-4341-43f4-deca9e96df6a,1840109255,L01,00000000-0000-0000-0000-000000000000,synthetic,v1,2026-01-20T12:35:00+00:00,,True,2026-01-20T12:36:18.412000+00:00
23,1,1,0.885,0.0,1,0,5712,1,14b37b9e-c5bb-4341-43f4-deca9e96df6a,1840109255,F07,00000000-0000-0000-0000-000000000000,synthetic,v1,2026-01-20T12:35:00+00:00,,True,2026-01-20T12:36:24.124000+00:00
24,3,1,0.9146,0.0,1,0,2494,0,14b37b9e-c5bb-4341-43f4-deca9e96df6a,1840109255,L05,00000000-0000-0000-0000-000000000000,synthetic,v1,2026-01-20T12:35:00+00:00,,True,2026-01-20T12:36:26.618000+00:00
25,3,1,0.9801,0.0,0,0,2664,1,14b37b9e-c5bb-4341-43f4-deca9e96df6a,1840109255,L09,00000000-0000-0000-0000-000000000000,synthetic,v1,2026-01-20T12:35:00+00:00,,True,2026-01-20T12:36:29.282000+00:00
26,3,1,0.9867,0.0,1,0,2274,1,14b37b9e-c5bb-4341-43f4-deca9e96df6a,1840109255,L06,00000000-0000-0000-0000-000000000000,synthetic,v1,2026-01-20T12:35:00+00:00,,True,2026-01-20T12:36:31.556000+00:00
27,2,0,0.5416,9.17,1,0,2166,1,14b37b9e-c5bb-4341-43f4-deca9e96df6a,1840109255,A07,00000000-0000-0000-0000-000000000000,synthetic,v1,2026-01-20T12:35:00+00:00,,True,2026-01-20T12:36:33.722000+00:00
28,2,0,0.7499,76.14,1,0,4368,1,14b37b9e-c5bb-4341-43f4-deca9e96df6a,1840109255,A03,00000000-0000-0000-0000-000000000000,synthetic,v1,2026-01-20T12:35:00+00:00,,True,2026-01-20T12:36:38.090000+00:00
29,1,1,0.865,0.0,1,0,3431,1,14b37b9e-c5bb-4341-43f4-deca9e96df6a,1840109255,F03,00000000-0000-0000-0000-000000000000,synthetic,v1,2026-01-20T12:35:00+00:00,,True,2026-01-20T12:36:41.521000+00:00
30,3,1,1.0003,0.0,1,0,4266,0,14b37b9e-c5bb-4341-43f4-deca9e96df6a,1840109255,L03,00000000-0000-0000-0000-000000000000,synthetic,v1,2026-01-20T12:35:00+00:00,,True,2026-01-20T12:36:45.787000+00:00
1,1,0,0.94,0.0,0,1,2966,0,3a8ae8bf-dd91-8b7c-0057-db64a46cb54f,1554762903,F01,00000000-0000-0000-0000-000000000000,synthetic,v1,2026-01-20T12:40:00+00:00,,True,2026-01-20T12:40:02.966000+00:00
2,3,1,0.9793,0.0,0,0,3953,0,3a8ae8bf-dd91-8b7c-0057-db64a46cb54f,1554762903,L04,00000000-0000-0000-0000-000000000000,synthetic,v1,2026-01-20T12:40:00+00:00,,True,2026-01-20T12:40:06.919000+00:00
3,1,0,0.965,0.0,0,0,2367,0,3a8ae8bf-dd91-8b7c-0057-db64a46cb54f,1554762903,F07,00000000-0000-0000-0000-000000000000,synthetic,v1,2026-01-20T12:40:00+00:00,,True,2026-01-20T12:40:09.286000+00:00
4,1,0,1.12,0.0,0,0,10161,0,3a8ae8bf-dd91-8b7c-0057-db64a46cb54f,1554762903,F10,00000000-0000-0000-0000-000000000000,synthetic,v1,2026-01-20T12:40:00+00:00,,True,2026-01-20T12:40:19.447000+00:00
5,3,1,0.9928,0.0,0,0,1258,0,3a8ae8bf-dd91-8b7c-0057-db64a46cb54f,1554762903,L02,00000000-0000-0000-0000-000000000000,synthetic,v1,2026-01-20T12:40:00+00:00,,True,2026-01-20T12:40:20.705000+00:00
6,1,1,0.93,0.0,0,0,5964,0,3a8ae8bf-dd91-8b7c-0057-db64a46cb54f,1554762903,F02,00000000-0000-0000-0000-000000000000,synthetic,v1,2026-01-20T12:40:00+00:00,,True,2026-01-20T12:40:26.669000+00:00
7,3,1,1.1478,0.0,0,0,6325,1,3a8ae8bf-dd91-8b7c-0057-db64a46cb54f,1554762903,L07,00000000-0000-0000-0000-000000000000,synthetic,v1,2026-01-20T12:40:00+00:00,,True,2026-01-20T12:40:32.994000+00:00
8,2,0,0.6002,6.04,1,0,1865,1,3a8ae8bf-dd91-8b7c-0057-db64a46cb54f,1554762903,A07,00000000-0000-0000-0000-000000000000,synthetic,v1,2026-01-20T12:40:00+00:00,,True,2026-01-20T12:40:34.859000+00:00
9,1,1,0.95,0.0,1,0,10158,1,3a8ae8bf-dd91-8b7c-0057-db64a46cb54f,1554762903,F09,00000000-0000-0000-0000-000000000000,synthetic,v1,2026-01-20T12:40:00+00:00,,True,2026-01-20T12:40:45.017000+00:00
10,2,0,0.7192,1429.16,1,0,5153,1,3a8ae8bf-dd91-8b7c-0057-db64a46cb54f,1554762903,A06,00000000-0000-0000-0000-000000000000,synthetic,v1,2026-01-20T12:40:00+00:00,,True,2026-01-20T12:40:50.170000+00:00
11,1,0,1.0167,0.0,1,0,5085,0,3a8ae8bf-dd91-8b7c-0057-db64a46cb54f,1554762903,F05,00000000-0000-0000-0000-000000000000,synthetic,v1,2026-01-20T12:40:00+00:00,,True,2026-01-20T12:40:55.255000+00:00
12,1,0,0.9556,0.0,0,0,3027,0,3a8ae8bf-dd91-8b7c-0057-db64a46cb54f,1554762903,F06,00000000-0000-0000-0000-000000000000,synthetic,v1,2026-01-20T12:40:00+00:00,,True,2026-01-20T12:40:58.282000+00:00
13,1,1,1.085,0.0,0,0,2645,1,3a8ae8bf-dd91-8b7c-0057-db64a46cb54f,1554762903,F03,00000000-0000-0000-0000-000000000000,synthetic,v1,2026-01-20T12:40:00+00:00,,True,2026-01-20T12:41:00.927000+00:00
14,2,0,0.653,70.24,1,0,2656,1,3a8ae8bf-dd91-8b7c-0057-db64a46cb54f,1554762903,A01,00000000-0000-0000-0000-000000000000,synthetic,v1,2026-01-20T12:40:00+00:00,,True,2026-01-20T12:41:03.583000+00:00
15,1,1,1.15,0.0,1,0,3695,1,3a8ae8bf-dd91-8b7c-0057-db64a46cb54f,1554762903,F08,00000000-0000-0000-0000-000000000000,synthetic,v1,2026-01-20T12:40:00+00:00,,True,2026-01-20T12:41:07.278000+00:00
16,3,1,0.9677,0.0,1,0,6442,0,3a8ae8bf-dd91-8b7c-0057-db64a46cb54f,1554762903,L08,00000000-0000-0000-0000-000000000000,synthetic,v1,2026-01-20T12:40:00+00:00,,True,2026-01-20T12:41:13.720000+00:00
17,2,0,0.5979,13.02,0,0,3293,0,3a8ae8bf-dd91-8b7c-0057-db64a46cb54f,1554762903,A08,00000000-0000-0000-0000-000000000000,synthetic,v1,2026-01-20T12:40:00+00:00,,True,2026-01-20T12:41:17.013000+00:00
18,2,0,0.5391,131.36,0,0,1805,1,3a8ae8bf-dd91-8b7c-0057-db64a46cb54f,1554762903,A09,00000000-0000-0000-0000-000000000000,synthetic,v1,2026-01-20T12:40:00+00:00,,True,2026-01-20T12:41:18.818000+00:00
19,2,0,0.4444,4.78,1,0,4691,1,3a8ae8bf-dd91-8b7c-0057-db64a46cb54f,1554762903,A10,00000000-0000-0000-0000-000000000000,synthetic,v1,2026-01-20T12:40:00+00:00,,True,2026-01-20T12:41:23.509000+00:00
20,3,1,1.0419,0.0,1,0,4947,1,3a8ae8bf-dd91-8b7c-0057-db64a46cb54f,1554762903,L09,00000000-0000-0000-0000-000000000000,synthetic,v1,2026-01-20T12:40:00+00:00,,True,2026-01-20T12:41:28.456000+00:00
31,1,0,1.0,0.0,0,0,2436,0,3a8ae8bf-dd91-8b7c-0057-db64a46cb54f,1554762903,ATTN,00000000-0000-0000-0000-000000000000,synthetic,v1,2026-01-20T12:40:00+00:00,True,True,2026-01-20T12:41:30.805000+00:00
21,1,1,0.86,0.0,1,0,2568,1,3a8ae8bf-dd91-8b7c-0057-db64a46cb54f,1554762903,F04,00000000-0000-0000-0000-000000000000,synthetic,v1,2026-01-20T12:40:00+00:00,,True,2026-01-20T12:41:33.373000+00:00
22,3,1,0.9259,0.0,1,0,1788,1,3a8ae8bf-dd91-8b7c-0057-db64a46cb54f,1554762903,L05,00000000-0000-0000-0000-000000000000,synthetic,v1,2026-01-20T12:40:00+00:00,,True,2026-01-20T12:41:35.161000+00:00
23,2,0,0.9046,99.48,1,0,1849,0,3a8ae8bf-dd91-8b7c-0057-db64a46cb54f,1554762903,A03,00000000-0000-0000-0000-000000000000,synthetic,v1,2026-01-20T12:40:00+00:00,,True,2026-01-20T12:41:37.010000+00:00
24,3,1,0.9,0.0,0,0,1212,0,3a8ae8bf-dd91-8b7c-0057-db64a46cb54f,1554762903,L01,00000000-0000-0000-0000-000000000000,synthetic,v1,2026-01-20T12:40:00+00:00,,True,2026-01-20T12:41:38.222000+00:00
25,3,1,1.0415,0.0,0,0,3395,0,3a8ae8bf-dd91-8b7c-0057-db64a46cb54f,1554762903,L06,00000000-0000-0000-0000-000000000000,synthetic,v1,2026-01-20T12:40:00+00:00,,True,2026-01-20T12:41:41.617000+00:00
26,2,0,0.7398,21.77,0,0,2847,0,3a8ae8bf-dd91-8b7c-0057-db64a46cb54f,1554762903,A04,00000000-0000-0000-0000-000000000000,synthetic,v1,2026-01-20T12:40:00+00:00,,True,2026-01-20T12:41:44.464000+00:00
27,2,0,0.9132,41.24,0,0,2340,1,3a8ae8bf-dd91-8b7c-0057-db64a46cb54f,1554762903,A05,00000000-0000-0000-0000-000000000000,synthetic,v1,2026-01-20T12:40:00+00:00,,True,2026-01-20T12:41:46.804000+00:00
28,3,1,0.955,0.0,1,0,586,1,3a8ae8bf-dd91-8b7c-0057-db64a46cb54f,1554762903,L10,00000000-0000-0000-0000-000000000000,synthetic,v1,2026-01-20T12:40:00+00:00,,True,2026-01-20T12:41:47.390000+00:00
29,2,0,0.774,4.48,1,0,1501,0,3a8ae8bf-dd91-8b7c-0057-db64a46cb54f,1554762903,A02,00000000-0000-0000-0000-000000000000,synthetic,v1,2026-01-20T12:40:00+00:00,,True,2026-01-20T12:41:48.891000+00:00
30,3,1,1.0048,0.0,0,0,5521,1,3a8ae8bf-dd91-8b7c-0057-db64a46cb54f,1554762903,L03,00000000-0000-0000-0000-000000000000,synthetic,v1,2026-01-20T12:40:00+00:00,,True,2026-01-20T12:41:54.412000+00:00
1,1,0,1.0,0.0,0,1,2068,0,90ee1bee-b523-39b7-a936-e17c39e5ba92,594130308,F04,00000000-0000-0000-0000-000000000000,synthetic,v1,2026-01-20T12:45:00+00:00,,True,2026-01-20T12:45:02.068000+00:00
2,3,1,0.9545,0.0,0,0,3634,1,90ee1bee-b523-39b7-a936-e17c39e5ba92,594130308,L10,00000000-0000-0000-0000-000000000000,synthetic,v1,2026-01-20T12:45:00+00:00,,True,2026-01-20T12:45:05.702000+00:00
3,2,0,0.6253,104.77,1,0,1387,1,90ee1bee-b523-39b7-a936-e17c39e5ba92,594130308,A09,00000000-0000-0000-0000-000000000000,synthetic,v1,2026-01-20T12:45:00+00:00,,True,2026-01-20T12:45:07.089000+00:00
4,3,1,0.8731,0.0,1,0,6576,1,90ee1bee-b523-39b7-a936-e17c39e5ba92,594130308,L09,00000000-0000-0000-0000-000000000000,synthetic,v1,2026-01-20T12:45:00+00:00,,True,2026-01-20T12:45:13.665000+00:00
5,2,0,0.9454,94.49,1,0,2753,1,90ee1bee-b523-39b7-a936-e17c39e5ba92,594130308,A05,00000000-0000-0000-0000-000000000000,synthetic,v1,2026-01-20T12:45:00+00:00,,True,2026-01-20T12:45:16.418000+00:00
6,1,1,0.855,0.0,1,0,3496,1,90ee1bee-b523-39b7-a936-e17c39e5ba92,594130308,F01,00000000-0000-0000-0000-000000000000,synthetic,v1,2026-01-20T12:45:00+00:00,,True,2026-01-20T12:45:19.914000+00:00
7,2,0,0.6862,7.08,1,0,10712,0,90ee1bee-b523-39b7-a936-e17c39e5ba92,594130308,A07,00000000-0000-0000-0000-000000000000,synthetic,v1,2026-01-20T12:45:00+00:00,,True,2026-01-20T12:45:30.626000+00:00
8,2,0,0.673,47.24,0,0,6863,0,90ee1bee-b523-39b7-a936-e17c39e5ba92,594130308,A01,00000000-0000-0000-0000-000000000000,synthetic,v1,2026-01-20T12:45:00+00:00,,True,2026-01-20T12:45:37.489000+00:00
9,3,1,0.9097,0.0,0,0,2518,0,90ee1bee-b523-39b7-a936-e17c39e5ba92,594130308,L06,00000000-0000-0000-0000-000000000000,synthetic,v1,2026-01-20T12:45:00+00:00,,True,2026-01-20T12:45:40.007000+00:00
10,3,1,0.931,0.0,0,0,2151,1,90ee1bee-b523-39b7-a936-e17c39e5ba92,594130308,L04,00000000-0000-0000-0000-000000000000,synthetic,v1,2026-01-20T12:45:00+00:00,,True,2026-01-20T12:45:42.158000+00:00
11,1,0,1.05,0.0,1,0,2492,0,90ee1bee-b523-39b7-a936-e17c39e5ba92,594130308,F03,00000000-0000-0000-0000-000000000000,synthetic,v1,2026-01-20T12:45:00+00:00,,True,2026-01-20T12:45:44.650000+00:00
12,2,0,0.7836,44.19,0,0,3945,1,90ee1bee-b523-39b7-a936-e17c39e5ba92,594130308,A03,00000000-0000-0000-0000-000000000000,synthetic,v1,2026-01-20T12:45:00+00:00,,True,2026-01-20T12:45:48.595000+00:00
13,1,1,1.1333,0.0,1,0,2813,1,90ee1bee-b523-39b7-a936-e17c39e5ba92,594130308,F09,00000000-0000-0000-0000-000000000000,synthetic,v1,2026-01-20T12:45:00+00:00,,True,2026-01-20T12:45:51.408000+00:00
14,2,0,0.6693,11.91,1,0,2398,0,90ee1bee-b523-39b7-a936-e17c39e5ba92,594130308,A08,00000000-0000-0000-0000-000000000000,synthetic,v1,2026-01-20T12:45:00+00:00,,True,2026-01-20T12:45:53.806000+00:00
15,1,1,0.98,0.0,0,0,6680,0,90ee1bee-b523-39b7-a936-e17c39e5ba92,594130308,F07,00000000-0000-0000-0000-000000000000,synthetic,v1,2026-01-20T12:45:00+00:00,,True,2026-01-20T12:46:00.486000+00:00
16,3,1,0.8758,0.0,0,0,2799,1,90ee1bee-b523-39b7-a936-e17c39e5ba92,594130308,L07,00000000-0000-0000-0000-000000000000,synthetic,v1,2026-01-20T12:45:00+00:00,,True,2026-01-20T12:46:03.285000+00:00
17,3,1,1.0198,0.0,1,0,10559,0,90ee1bee-b523-39b7-a936-e17c39e5ba92,594130308,L02,00000000-0000-0000-0000-000000000000,synthetic,v1,2026-01-20T12:45:00+00:00,,True,2026-01-20T12:46:13.844000+00:00
18,1,1,0.92,0.0,0,0,3133,1,90ee1bee-b523-39b7-a936-e17c39e5ba92,594130308,F02,00000000-0000-0000-0000-000000000000,synthetic,v1,2026-01-20T12:45:00+00:00,,True,2026-01-20T12:46:16.977000+00:00
19,1,0,0.9944,0.0,1,0,7957,0,90ee1bee-b523-39b7-a936-e17c39e5ba92,594130308,F06,00000000-0000-0000-0000-000000000000,synthetic,v1,2026-01-20T12:45:00+00:00,,True,2026-01-20T12:46:24.934000+00:00
20,2,0,0.6717,13.54,0,0,3628,1,90ee1bee-b523-39b7-a936-e17c39e5ba92,594130308,A04,00000000-0000-0000-0000-000000000000,synthetic,v1,2026-01-20T12:45:00+00:00,,True,2026-01-20T12:46:28.562000+00:00
31,1,0,1.0,0.0,0,0,1353,0,90ee1bee-b523-39b7-a936-e17c39e5ba92,594130308,ATTN,00000000-0000-0000-0000-000000000000,synthetic,v1,2026-01-20T12:45:00+00:00,True,True,2026-01-20T12:46:31.219000+00:00
21,3,1,1.1111,0.0,1,0,1863,0,90ee1bee-b523-39b7-a936-e17c39e5ba92,594130308,L08,00000000-0000-0000-0000-000000000000,synthetic,v1,2026-01-20T12:45:00+00:00,,True,2026-01-20T12:46:33.082000+00:00
22,2,0,0.4172,6.66,0,0,3838,0,90ee1bee-b523-39b7-a936-e17c39e5ba92,594130308,A10,00000000-0000-0000-0000-000000000000,synthetic,v1,2026-01-20T12:45:00+00:00,,True,2026-01-20T12:46:36.920000+00:00
23,2,0,0.7771,4.1,0,0,5134,1,90ee1bee-b523-39b7-a936-e17c39e5ba92,594130308,A02,00000000-0000-0000-0000-000000000000,synthetic,v1,2026-01-20T12:45:00+00:00,,True,2026-01-20T12:46:42.054000+00:00
24,3,1,0.8745,0.0,1,0,3047,1,90ee1bee-b523-39b7-a936-e17c39e5ba92,594130308,L01,00000000-0000-0000-0000-000000000000,synthetic,v1,2026-01-20T12:45:00+00:00,,True,2026-01-20T12:46:45.101000+00:00
25,2,0,0.8109,1924.83,1,0,1469,0,90ee1bee-b523-39b7-a936-e17c39e5ba92,594130308,A06,00000000-0000-0000-0000-000000000000,synthetic,v1,2026-01-20T12:45:00+00:00,,True,2026-01-20T12:46:46.570000+00:00
26,3,1,0.9744,0.0,0,0,1410,1,90ee1bee-b523-39b7-a936-e17c39e5ba92,594130308,L03,00000000-0000-0000-0000-000000000000,synthetic,v1,2026-01-20T12:45:00+00:00,,True,2026-01-20T12:46:47.980000+00:00
27,3,1,1.1463,0.0,1,0,1359,1,90ee1bee-b523-39b7-a936-e17c39e5ba92,594130308,L05,00000000-0000-0000-0000-000000000000,synthetic,v1,2026-01-20T12:45:00+00:00,,True,2026-01-20T12:46:49.339000+00:00
28,1,0,0.8667,0.0,1,0,1127,0,90ee1bee-b523-39b7-a936-e17c39e5ba92,594130308,F05,00000000-0000-0000-0000-000000000000,synthetic,v1,2026-01-20T12:45:00+00:00,,True,2026-01-20T12:46:50.466000+00:00
29,1,1,1.1167,0.0,0,0,3165,1,90ee1bee-b523-39b7-a936-e17c39e5ba92,594130308,F08,00000000-0000-0000-0000-000000000000,synthetic,v1,2026-01-20T12:45:00+00:00,,True,2026-01-20T12:46:53.631000+00:00
30,1,0,1.04,0.0,1,0,5534,0,90ee1bee-b523-39b7-a936-e17c39e5ba92,594130308,F10,00000000-0000-0000-0000-000000000000,synthetic,v1,2026-01-20T12:45:00+00:00,,True,2026-01-20T12:46:59.165000+00:00
1,2,0,0.5682,52.26,0,1,2959,1,c6cb2be8-6037-cd0b-c1d2-52ebf589e461,390452952,A09,00000000-0000-0000-0000-000000000000,synthetic,v1,2026-01-20T12:50:00+00:00,,True,2026-01-20T12:50:02.959000+00:00
2,3,1,1.1173,0.0,1,0,859,0,c6cb2be8-6037-cd0b-c1d2-52ebf589e461,390452952,L01,00000000-0000-0000-0000-000000000000,synthetic,v1,2026-01-20T12:50:00+00:00,,True,2026-01-20T12:50:03.818000+00:00
3,1,1,1.0667,0.0,0,0,2684,1,c6cb2be8-6037-cd0b-c1d2-52ebf589e461,390452952,F09,00000000-0000-0000-0000-000000000000,synthetic,v1,2026-01-20T12:50:00+00:00,,True,2026-01-20T12:50:06.502000+00:00
4,1,0,0.9889,0.0,1,0,2725,0,c6cb2be8-6037-cd0b-c1d2-52ebf589e461,390452952,F06,00000000-0000-0000-0000-000000000000,synthetic,v1,2026-01-20T12:50:00+00:00,,True,2026-01-20T12:50:09.227000+00:00
5,1,1,1.11,0.0,0,0,9440,1,c6cb2be8-6037-cd0b-c1d2-52ebf589e461,390452952,F04,00000000-0000-0000-0000-000000000000,synthetic,v1,2026-01-20T12:50:00+00:00,,True,2026-01-20T12:50:18.667000+00:00
6,2,0,0.7154,17.2,1,0,1337,1,c6cb2be8-6037-cd0b-c1d2-52ebf589e461,390452952,A04,00000000-0000-0000-0000-000000000000,synthetic,v1,2026-01-20T12:50:00+00:00,,True,2026-01-20T12:50:20.004000+00:00
7,3,1,1.1676,0.0,1,0,2404,0,c6cb2be8-6037-cd0b-c1d2-52ebf589e461,390452952,L05,00000000-0000-0000-0000-000000000000,synthetic,v1,2026-01-20T12:50:00+00:00,,True,2026-01-20T12:50:22.408000+00:00
8,3,1,0.9091,0.0,0,0,7617,0,c6cb2be8-6037-cd0b-c1d2-52ebf589e461,390452952,L08,00000000-0000-0000-0000-000000000000,synthetic,v1,2026-01-20T12:50:00+00:00,,True,2026-01-20T12:50:30.025000+00:00
9,2,0,0.6922,86.13,0,0,3818,0,c6cb2be8-6037-cd0b-c1d2-52ebf589e461,390452952,A05,00000000-0000-0000-0000-000000000000,synthetic,v1,2026-01-20T12:50:00+00:00,,True,2026-01-20T12:50:33.843000+00:00
10,2,0,0.73,35.68,0,0,4063,0,c6cb2be8-6037-cd0b-c1d2-52ebf589e461,390452952,A03,00000000-0000-0000-0000-000000000000,synthetic,v1,2026-01-20T12:50:00+00:00,,True,2026-01-20T12:50:37.906000+00:00
11,3,1,1.1694,0.0,0,0,3174,0,c6cb2be8-6037-cd0b-c1d2-52ebf589e461,390452952,L09,00000000-0000-0000-0000-000000000000,synthetic,v1,2026-01-20T12:50:00+00:00,,True,2026-01-20T12:50:41.080000+00:00
12,1,0,1.07,0.0,0,0,3574,1,c6cb2be8-6037-cd0b-c1d2-52ebf589e461,390452952,F02,00000000-0000-0000-0000-000000000000,synthetic,v1,2026-01-20T12:50:00+00:00,,True,2026-01-20T12:50:44.654000+00:00
13,1,0,1.06,0.0,1,0,4571,0,c6cb2be8-6037-cd0b-c1d2-52ebf589e461,390452952,F01,00000000-0000-0000-0000-000000000000,synthetic,v1,2026-01-20T12:50:00+00:00,,True,2026-01-20T12:50:49.225000+00:00
14,1,1,0.9667,0.0,0,0,1909,1,c6cb2be8-6037-cd0b-c1d2-52ebf589e461,390452952,F08,00000000-0000-0000-0000-000000000000,synthetic,v1,2026-01-20T12:50:00+00:00,,True,2026-01-20T12:50:51.134000+00:00
15,3,1,1.1473,0.0,1,0,4831,0,c6cb2be8-6037-cd0b-c1d2-52ebf589e461,390452952,L06,00000000-0000-0000-0000-000000000000,synthetic,v1,2026-01-20T12:50:00+00:00,,True,2026-01-20T12:50:55.965000+00:00
16,3,1,0.852,0.0,0,0,1400,1,c6cb2be8-6037-cd0b-c1d2-52ebf589e461,390452952,L04,00000000-0000-0000-0000-000000000000,synthetic,v1,2026-01-20T12:50:00+00:00,,True,2026-01-20T12:50:57.365000+00:00
17,1,0,1.08,0.0,1,0,3571,0,c6cb2be8-6037-cd0b-c1d2-52ebf589e461,390452952,F10,00000000-0000-0000-0000-000000000000,synthetic,v1,2026-01-20T12:50:00+00:00,,True,2026-01-20T12:51:00.936000+00:00
18,2,0,0.427,6.69,0,0,3288,0,c6cb2be8-6037-cd0b-c1d2-52ebf589e461,390452952,A10,00000000-0000-0000-0000-000000000000,synthetic,v1,2026-01-20T12:50:00+00:00,,True,2026-01-20T12:51:04.224000+00:00
19,1,1,0.94,0.0,0,0,2123,1,c6cb2be8-6037-cd0b-c1d2-52ebf589e461,390452952,F07,00000000-0000-0000-0000-000000000000,synthetic,v1,2026-01-20T12:50:00+00:00,,True,2026-01-20T12:51:06.347000+00:00
20,3,1,1.1166,0.0,1,0,2943,0,c6cb2be8-6037-cd0b-c1d2-52ebf589e461,390452952,L10,00000000-0000-0000-0000-000000000000,synthetic,v1,2026-01-20T12:50:00+00:00,,True,2026-01-20T12:51:09.290000+00:00
31,1,0,1.0,0.0,0,0,1177,0,c6cb2be8-6037-cd0b-c1d2-52ebf589e461,390452952,ATTN,00000000-0000-0000-0000-000000000000,synthetic,v1,2026-01-20T12:50:00+00:00,True,True,2026-01-20T12:51:10.699000+00:00
21,3,1,1.1257,0.0,0,0,2454,0,c6cb2be8-6037-cd0b-c1d2-52ebf589e461,390452952,L02,00000000-0000-0000-0000-000000000000,synthetic,v1,2026-01-20T12:50:00+00:00,,True,2026-01-20T12:51:13.153000+00:00
22,2,0,0.5781,13.61,0,0,1624,1,c6cb2be8-6037-cd0b-c1d2-52ebf589e461,390452952,A07,00000000-0000-0000-0000-000000000000,synthetic,v1,2026-01-20T12:50:00+00:00,,True,2026-01-20T12:51:14.777000+00:00
23,1,1,0.9167,0.0,1,0,3560,1,c6cb2be8-6037-cd0b-c1d2-52ebf589e461,390452952,F05,00000000-0000-0000-0000-000000000000,synthetic,v1,2026-01-20T12:50:00+00:00,,True,2026-01-20T12:51:18.337000+00:00
24,3,1,0.956,0.0,1,0,1583,0,c6cb2be8-6037-cd0b-c1d2-52ebf589e461,390452952,L07,00000000-0000-0000-0000-000000000000,synthetic,v1,2026-01-20T12:50:00+00:00,,True,2026-01-20T12:51:19.920000+00:00
25,2,0,0.7981,4.85,0,0,4409,1,c6cb2be8-6037-cd0b-c1d2-52ebf589e461,390452952,A02,00000000-0000-0000-0000-000000000000,synthetic,v1,2026-01-20T12:50:00+00:00,,True,2026-01-20T12:51:24.329000+00:00
26,2,0,0.7192,3.59,1,0,1556,0,c6cb2be8-6037-cd0b-c1d2-52ebf589e461,390452952,A08,00000000-0000-0000-0000-000000000000,synthetic,v1,2026-01-20T12:50:00+00:00,,True,2026-01-20T12:51:25.885000+00:00
27,1,0,1.065,0.0,0,0,2183,0,c6cb2be8-6037-cd0b-c1d2-52ebf589e461,390452952,F03,00000000-0000-0000-0000-000000000000,synthetic,v1,2026-01-20T12:50:00+00:00,,True,2026-01-20T12:51:28.068000+00:00
28,2,0,0.9518,2655.76,0,0,2114,1,c6cb2be8-6037-cd0b-c1d2-52ebf589e461,390452952,A06,00000000-0000-0000-0000-000000000000,synthetic,v1,2026-01-20T12:50:00+00:00,,True,2026-01-20T12:51:30.182000+00:00
29,3,1,1.0979,0.0,1,0,6178,0,c6cb2be8-6037-cd0b-c1d2-52ebf589e461,390452952,L03,00000000-0000-0000-0000-000000000000,synthetic,v1,2026-01-20T12:50:00+00:00,,True,2026-01-20T12:51:36.360000+00:00
30,2,0,0.6957,60.62,0,0,3574,1,c6cb2be8-6037-cd0b-c1d2-52ebf589e461,390452952,A01,00000000-0000-0000-0000-000000000000,synthetic,v1,2026-01-20T12:50:00+00:00,,True,2026-01-20T12:51:39.934000+00:00
1,1,0,1.0333,0.0,0,1,2653,0,5b9cabfd-c50b-d9b7-53c8-b5835b751205,470939445,F09,00000000-0000-0000-0000-000000000000,synthetic,v1,2026-01-20T12:55:00+00:00,,True,2026-01-20T12:55:02.653000+00:00
2,2,0,0.7405,13.41,0,0,3921,1,5b9cabfd-c50b-d9b7-53c8-b5835b751205,470939445,A08,00000000-0000-0000-0000-000000000000,synthetic,v1,2026-01-20T12:55:00+00:00,,True,2026-01-20T12:55:06.574000+00:00
3,1,1,0.98,0.0,1,0,935,1,5b9cabfd-c50b-d9b7-53c8-b5835b751205,470939445,F01,00000000-0000-0000-0000-000000000000,synthetic,v1,2026-01-20T12:55:00+00:00,,True,2026-01-20T12:55:07.509000+00:00
4,3,1,1.1384,0.0,1,0,2911,1,5b9cabfd-c50b-d9b7-53c8-b5835b751205,470939445,L09,00000000-0000-0000-0000-000000000000,synthetic,v1,2026-01-20T12:55:00+00:00,,True,2026-01-20T12:55:10.420000+00:00
5,1,1,0.89,0.0,1,0,8943,1,5b9cabfd-c50b-d9b7-53c8-b5835b751205,470939445,F03,00000000-0000-0000-0000-000000000000,synthetic,v1,2026-01-20T12:55:00+00:00,,True,2026-01-20T12:55:19.363000+00:00
6,3,1,0.8895,0.0,1,0,3206,0,5b9cabfd-c50b-d9b7-53c8-b5835b751205,470939445,L06,00000000-0000-0000-0000-000000000000,synthetic,v1,2026-01-20T12:55:00+00:00,,True,2026-01-20T12:55:22.569000+00:00
7,1,0,0.995,0.0,0,0,3094,0,5b9cabfd-c50b-d9b7-53c8-b5835b751205,470939445,F07,00000000-0000-0000-0000-000000000000,synthetic,v1,2026-01-20T12:55:00+00:00,,True,2026-01-20T12:55:25.663000+00:00
8,1,0,1.05,0.0,0,0,4029,0,5b9cabfd-c50b-d9b7-53c8-b5835b751205,470939445,F08,00000000-0000-0000-0000-000000000000,synthetic,v1,2026-01-20T12:55:00+00:00,,True,2026-01-20T12:55:29.692000+00:00
9,2,0,0.8082,41.58,0,0,4878,0,5b9cabfd-c50b-d9b7-53c8-b5835b751205,470939445,A05,00000000-0000-0000-0000-000000000000,synthetic,v1,2026-01-20T12:55:00+00:00,,True,2026-01-20T12:55:34.570000+00:00
10,3,1,0.8553,0.0,0,0,993,1,5b9cabfd-c50b-d9b7-53c8-b5835b751205,470939445,L04,00000000-0000-0000-0000-000000000000,synthetic,v1,2026-01-20T12:55:00+00:00,,True,2026-01-20T12:55:35.563000+00:00
11,1,0,1.04,0.0,1,0,1181,0,5b9cabfd-c50b-d9b7-53c8-b5835b751205,470939445,F10,00000000-0000-0000-0000-000000000000,synthetic,v1,2026-01-20T12:55:00+00:00,,True,2026-01-20T12:55:36.744000+00:00
12,3,1,1.0923,0.0,0,0,3346,0,5b9cabfd-c50b-d9b7-53c8-b5835b751205,470939445,L03,00000000-0000-0000-0000-000000000000,synthetic,v1,2026-01-20T12:55:00+00:00,,True,2026-01-20T12:55:40.090000+00:00
13,3,1,1.0217,0.0,0,0,2011,1,5b9cabfd-c50b-d9b7-53c8-b5835b751205,470939445,L07,00000000-0000-0000-0000-000000000000,synthetic,v1,2026-01-20T12:55:00+00:00,,True,2026-01-20T12:55:42.101000+00:00
14,2,0,0.8124,3.89,1,0,6134,0,5b9cabfd-c50b-d9b7-53c8-b5835b751205,470939445,A02,00000000-0000-0000-0000-000000000000,synthetic,v1,2026-01-20T12:55:00+00:00,,True,2026-01-20T12:55:48.235000+00:00
15,3,1,1.0327,0.0,0,0,2506,1,5b9cabfd-c50b-d9b7-53c8-b5835b751205,470939445,L02,00000000-0000-0000-0000-000000000000,synthetic,v1,2026-01-20T12:55:00+00:00,,True,2026-01-20T12:55:50.741000+00:00
16,1,1,0.9267,0.0,1,0,1028,0,5b9cabfd-c50b-d9b7-53c8-b5835b751205,470939445,F05,00000000-0000-0000-0000-000000000000,synthetic,v1,2026-01-20T12:55:00+00:00,,True,2026-01-20T12:55:51.769000+00:00
17,3,1,0.9176,0.0,0,0,1484,1,5b9cabfd-c50b-d9b7-53c8-b5835b751205,470939445,L01,00000000-0000-0000-0000-000000000000,synthetic,v1,2026-01-20T12:55:00+00:00,,True,2026-01-20T12:55:53.253000+00:00
18,3,1,0.9,0.0,1,0,656,0,5b9cabfd-c50b-d9b7-53c8-b5835b751205,470939445,L08,00000000-0000-0000-0000-000000000000,synthetic,v1,2026-01-20T12:55:00+00:00,,True,2026-01-20T12:55:53.909000+00:00
19,2,0,0.5651,129.62,0,0,2620,1,5b9cabfd-c50b-d9b7-53c8-b5835b751205,470939445,A09,00000000-0000-0000-0000-000000000000,synthetic,v1,2026-01-20T12:55:00+00:00,,True,2026-01-20T12:55:56.529000+00:00
20,2,0,0.8318,96.16,1,0,2687,1,5b9cabfd-c50b-d9b7-53c8-b5835b751205,470939445,A03,00000000-0000-0000-0000-000000000000,synthetic,v1,2026-01-20T12:55:00+00:00,,True,2026-01-20T12:55:59.216000+00:00
31,1,0,1.0,0.0,0,0,2783,0,5b9cabfd-c50b-d9b7-53c8-b5835b751205,470939445,ATTN,00000000-0000-0000-0000-000000000000,synthetic,v1,2026-01-20T12:55:00+00:00,True,True,2026-01-20T12:56:00.741000+00:00
21,1,1,1.01,0.0,1,0,5762,1,5b9cabfd-c50b-d9b7-53c8-b5835b751205,470939445,F04,00000000-0000-0000-0000-000000000000,synthetic,v1,2026-01-20T12:55:00+00:00,,True,2026-01-20T12:56:06.503000+00:00
22,1,0,0.89,0.0,1,0,2714,0,5b9cabfd-c50b-d9b7-53c8-b5835b751205,470939445,F02,00000000-0000-0000-0000-000000000000,synthetic,v1,2026-01-20T12:55:00+00:00,,True,2026-01-20T12:56:09.217000+00:00
23,2,0,0.572,5.36,0,0,921,0,5b9cabfd-c50b-d9b7-53c8-b5835b751205,470939445,A07,00000000-0000-0000-0000-000000000000,synthetic,v1,2026-01-20T12:55:00+00:00,,True,2026-01-20T12:56:10.138000+00:00
24,1,1,1.0444,0.0,0,0,4186,1,5b9cabfd-c50b-d9b7-53c8-b5835b751205,470939445,F06,00000000-0000-0000-0000-000000000000,synthetic,v1,2026-01-20T12:55:00+00:00,,True,2026-01-20T12:56:14.324000+00:00
25,2,0,0.7916,38.79,1,0,4045,0,5b9cabfd-c50b-d9b7-53c8-b5835b751205,470939445,A01,00000000-0000-0000-0000-000000000000,synthetic,v1,2026-01-20T12:55:00+00:00,,True,2026-01-20T12:56:18.369000+00:00
26,2,0,0.8706,1248.39,0,0,3533,1,5b9cabfd-c50b-d9b7-53c8-b5835b751205,470939445,A06,00000000-0000-0000-0000-000000000000,synthetic,v1,2026-01-20T12:55:00+00:00,,True,2026-01-20T12:56:21.902000+00:00
27,3,1,1.0959,0.0,1,0,5114,0,5b9cabfd-c50b-d9b7-53c8-b5835b751205,470939445,L05,00000000-0000-0000-0000-000000000000,synthetic,v1,2026-01-20T12:55:00+00:00,,True,2026-01-20T12:56:27.016000+00:00
28,3,1,0.868,0.0,0,0,1570,0,5b9cabfd-c50b-d9b7-53c8-b5835b751205,470939445,L10,00000000-0000-0000-0000-000000000000,synthetic,v1,2026-01-20T12:55:00+00:00,,True,2026-01-20T12:56:28.586000+00:00
29,2,0,0.4714,11.43,0,0,8998,1,5b9cabfd-c50b-d9b7-53c8-b5835b751205,470939445,A10,00000000-0000-0000-0000-000000000000,synthetic,v1,2026-01-20T12:55:00+00:00,,True,2026-01-20T12:56:37.584000+00:00
30,2,0,0.6916,7.61,1,0,1758,0,5b9cabfd-c50b-d9b7-53c8-b5835b751205,470939445,A04,00000000-0000-0000-0000-000000000000,synthetic,v1,2026-01-20T12:55:00+00:00,,True,2026-01-20T12:56:39.342000+00:00
1,3,1,0.888,0.0,0,1,4501,1,0fc6b499-0cb6-44c6-942c-4c6a36ffb6d6,687117441,L06,00000000-0000-0000-0000-000000000000,synthetic,v1,2026-01-20T13:00:00+00:00,,True,2026-01-20T13:00:04.501000+00:00
2,3,1,0.8814,0.0,1,0,1178,0,0fc6b499-0cb6-44c6-942c-4c6a36ffb6d6,687117441,L02,00000000-0000-0000-0000-000000000000,synthetic,v1,2026-01-20T13:00:00+00:00,,True,2026-01-20T13:00:05.679000+00:00
3,3,1,1.0285,0.0,0,0,1787,0,0fc6b499-0cb6-44c6-942c-4c6a36ffb6d6,687117441,L10,00000000-0000-0000-0000-000000000000,synthetic,v1,2026-01-20T13:00:00+00:00,,True,2026-01-20T13:00:07.466000+00:00
4,1,1,1.12,0.0,0,0,6863,1,0fc6b499-0cb6-44c6-942c-4c6a36ffb6d6,687117441,F04,00000000-0000-0000-0000-000000000000,synthetic,v1,2026-01-20T13:00:00+00:00,,True,2026-01-20T13:00:14.329000+00:00
5,1,0,1.08,0.0,1,0,2582,0,0fc6b499-0cb6-44c6-942c-4c6a36ffb6d6,687117441,F02,00000000-0000-0000-0000-000000000000,synthetic,v1,2026-01-20T13:00:00+00:00,,True,2026-01-20T13:00:16.911000+00:00
6,1,1,1.11,0.0,0,0,4731,1,0fc6b499-0cb6-44c6-942c-4c6a36ffb6d6,687117441,F05,00000000-0000-0000-0000-000000000000,synthetic,v1,2026-01-20T13:00:00+00:00,,True,2026-01-20T13:00:21.642000+00:00
7,1,1,1.145,0.0,1,0,3395,1,0fc6b499-0cb6-44c6-942c-4c6a36ffb6d6,687117441,F07,00000000-0000-0000-0000-000000000000,synthetic,v1,2026-01-20T13:00:00+00:00,,True,2026-01-20T13:00:25.037000+00:00
8,2,0,0.7618,75.02,1,0,2813,1,0fc6b499-0cb6-44c6-942c-4c6a36ffb6d6,687117441,A03,00000000-0000-0000-0000-000000000000,synthetic,v1,2026-01-20T13:00:00+00:00,,True,2026-01-20T13:00:27.850000+00:00
9,3,1,1.0734,0.0,1,0,6311,0,0fc6b499-0cb6-44c6-942c-4c6a36ffb6d6,687117441,L05,00000000-0000-0000-0000-000000000000,synthetic,v1,2026-01-20T13:00:00+00:00,,True,2026-01-20T13:00:34.161000+00:00
10,2,0,0.5805,6.49,0,0,2617,1,0fc6b499-0cb6-44c6-942c-4c6a36ffb6d6,687117441,A07,00000000-0000-0000-0000-000000000000,synthetic,v1,2026-01-20T13:00:00+00:00,,True,2026-01-20T13:00:36.778000+00:00
11,2,0,0.4674,147.01,1,0,1119,1,0fc6b499-0cb6-44c6-942c-4c6a36ffb6d6,687117441,A09,00000000-0000-0000-0000-000000000000,synthetic,v1,2026-01-20T13:00:00+00:00,,True,2026-01-20T13:00:37.897000+00:00
12,2,0,0.6729,1.86,1,0,1916,1,0fc6b499-0cb6-44c6-942c-4c6a36ffb6d6,687117441,A02,00000000-0000-0000-0000-000000000000,synthetic,v1,2026-01-20T13:00:00+00:00,,True,2026-01-20T13:00:39.813000+00:00
13,1,0,1.0333,0.0,1,0,4036,1,0fc6b499-0cb6-44c6-942c-4c6a36ffb6d6,687117441,F06,00000000-0000-0000-0000-000000000000,synthetic,v1,2026-01-20T13:00:00+00:00,,True,2026-01-20T13:00:43.849000+00:00
14,1,0,0.96,0.0,1,0,3705,0,0fc6b499-0cb6-44c6-942c-4c6a36ffb6d6,687117441,F10,00000000-0000-0000-0000-000000000000,synthetic,v1,2026-01-20T13:00:00+00:00,,True,2026-01-20T13:00:47.554000+00:00
15,3,1,1.0521,0.0,0,0,1259,0,0fc6b499-0cb6-44c6-942c-4c6a36ffb6d6,687117441,L04,00000000-0000-0000-0000-000000000000,synthetic,v1,2026-01-20T13:00:00+00:00,,True,2026-01-20T13:00:48.813000+00:00
16,3,1,1.1,0.0,0,0,2001,1,0fc6b499-0cb6-44c6-942c-4c6a36ffb6d6,687117441,L08,00000000-0000-0000-0000-000000000000,synthetic,v1,2026-01-20T13:00:00+00:00,,True,2026-01-20T13:00:50.814000+00:00
17,2,0,0.7828,44.1,1,0,2164,0,0fc6b499-0cb6-44c6-942c-4c6a36ffb6d6,687117441,A05,00000000-0000-0000-0000-000000000000,synthetic,v1,2026-01-20T13:00:00+00:00,,True,2026-01-20T13:00:52.978000+00:00
18,1,0,0.895,0.0,0,0,2438,0,0fc6b499-0cb6-44c6-942c-4c6a36ffb6d6,687117441,F01,00000000-0000-0000-0000-000000000000,synthetic,v1,2026-01-20T13:00:00+00:00,,True,2026-01-20T13:00:55.416000+00:00
19,2,0,0.4018,7.11,0,0,1398,1,0fc6b499-0cb6-44c6-942c-4c6a36ffb6d6,687117441,A10,00000000-0000-0000-0000-000000000000,synthetic,v1,2026-01-20T13:00:00+00:00,,True,2026-01-20T13:00:56.814000+00:00
20,2,0,0.651,2.2,1,0,2109,0,0fc6b499-0cb6-44c6-942c-4c6a36ffb6d6,687117441,A08,00000000-0000-0000-0000-000000000000,synthetic,v1,2026-01-20T13:00:00+00:00,,True,2026-01-20T13:00:58.923000+00:00
31,1,0,1.0,0.0,0,0,2461,0,0fc6b499-0cb6-44c6-942c-4c6a36ffb6d6,687117441,ATTN,00000000-0000-0000-0000-000000000000,synthetic,v1,2026-01-20T13:00:00+00:00,True,True,2026-01-20T13:01:00.273000+00:00
21,3,1,0.9008,0.0,0,0,4651,1,0fc6b499-0cb6-44c6-942c-4c6a36ffb6d6,687117441,L03,00000000-0000-0000-0000-000000000000,synthetic,v1,2026-01-20T13:00:00+00:00,,True,2026-01-20T13:01:04.924000+00:00
22,1,0,1.04,0.0,1,0,2751,0,0fc6b499-0cb6-44c6-942c-4c6a36ffb6d6,687117441,F03,00000000-0000-0000-0000-000000000000,synthetic,v1,2026-01-20T13:00:00+00:00,,True,2026-01-20T13:01:07.675000+00:00
23,3,1,1.0419,0.0,0,0,2402,0,0fc6b499-0cb6-44c6-942c-4c6a36ffb6d6,687117441,L01,00000000-0000-0000-0000-000000000000,synthetic,v1,2026-01-20T13:00:00+00:00,,True,2026-01-20T13:01:10.077000+00:00
24,1,1,1.05,0.0,0,0,3219,1,0fc6b499-0cb6-44c6-942c-4c6a36ffb6d6,687117441,F09,00000000-0000-0000-0000-000000000000,synthetic,v1,2026-01-20T13:00:00+00:00,,True,2026-01-20T13:01:13.296000+00:00
25,1,1,0.9167,0.0,1,0,1902,1,0fc6b499-0cb6-44c6-942c-4c6a36ffb6d6,687117441,F08,00000000-0000-0000-0000-000000000000,synthetic,v1,2026-01-20T13:00:00+00:00,,True,2026-01-20T13:01:15.198000+00:00
26,2,0,0.8471,2262.04,1,0,1586,1,0fc6b499-0cb6-44c6-942c-4c6a36ffb6d6,687117441,A06,00000000-0000-0000-0000-000000000000,synthetic,v1,2026-01-20T13:00:00+00:00,,True,2026-01-20T13:01:16.784000+00:00
27,2,0,0.7017,17.62,1,0,1777,0,0fc6b499-0cb6-44c6-942c-4c6a36ffb6d6,687117441,A04,00000000-0000-0000-0000-000000000000,synthetic,v1,2026-01-20T13:00:00+00:00,,True,2026-01-20T13:01:18.561000+00:00
28,3,1,1.0807,0.0,0,0,2102,0,0fc6b499-0cb6-44c6-942c-4c6a36ffb6d6,687117441,L09,00000000-0000-0000-0000-000000000000,synthetic,v1,2026-01-20T13:00:00+00:00,,True,2026-01-20T13:01:20.663000+00:00
29,3,1,0.9735,0.0,0,0,1571,0,0fc6b499-0cb6-44c6-942c-4c6a36ffb6d6,687117441,L07,00000000-0000-0000-0000-000000000000,synthetic,v1,2026-01-20T13:00:00+00:00,,True,2026-01-20T13:01:22.234000+00:00
30,2,0,0.7823,54.06,0,0,3258,1,0fc6b499-0cb6-44c6-942c-4c6a36ffb6d6,687117441,A01,00000000-0000-0000-0000-000000000000,synthetic,v1,2026-01-20T13:00:00+00:00,,True,2026-01-20T13:01:25.492000+00:00
1,3,1,0.95,0.0,0,1,4453,1,9288a75c-e75a-fda9-f1e6-f54030cda756,272849424,L08,00000000-0000-0000-0000-000000000000,synthetic,v1,2026-01-20T13:05:00+00:00,,True,2026-01-20T13:05:04.453000+00:00
2,3,1,0.9432,0.0,1,0,1245,0,9288a75c-e75a-fda9-f1e6-f54030cda756,272849424,L05,00000000-0000-0000-0000-000000000000,synthetic,v1,2026-01-20T13:05:00+00:00,,True,2026-01-20T13:05:05.698000+00:00
3,1,1,1.135,0.0,0,0,3022,0,9288a75c-e75a-fda9-f1e6-f54030cda756,272849424,F01,00000000-0000-0000-0000-000000000000,synthetic,v1,2026-01-20T13:05:00+00:00,,True,2026-01-20T13:05:08.720000+00:00
4,1,0,1.0,0.0,0,0,2641,1,9288a75c-e75a-fda9-f1e6-f54030cda756,272849424,F05,00000000-0000-0000-0000-000000000000,synthetic,v1,2026-01-20T13:05:00+00:00,,True,2026-01-20T13:05:11.361000+00:00
5,1,1,1.0,0.0,1,0,3596,1,9288a75c-e75a-fda9-f1e6-f54030cda756,272849424,F08,00000000-0000-0000-0000-000000000000,synthetic,v1,2026-01-20T13:05:00+00:00,,True,2026-01-20T13:05:14.957000+00:00
6,1,0,1.1333,0.0,1,0,2959,1,9288a75c-e75a-fda9-f1e6-f54030cda756,272849424,F09,00000000-0000-0000-0000-000000000000,synthetic,v1,2026-01-20T13:05:00+00:00,,True,2026-01-20T13:05:17.916000+00:00
7,2,0,0.9374,60.65,1,0,1340,1,9288a75c-e75a-fda9-f1e6-f54030cda756,272849424,A05,00000000-0000-0000-0000-000000000000,synthetic,v1,2026-01-20T13:05:00+00:00,,True,2026-01-20T13:05:19.256000+00:00
8,1,0,1.12,0.0,1,0,1488,0,9288a75c-e75a-fda9-f1e6-f54030cda756,272849424,F02,00000000-0000-0000-0000-000000000000,synthetic,v1,2026-01-20T13:05:00+00:00,,True,2026-01-20T13:05:20.744000+00:00
9,1,1,0.99,0.0,0,0,3029,1,9288a75c-e75a-fda9-f1e6-f54030cda756,272849424,F03,00000000-0000-0000-0000-000000000000,synthetic,v1,2026-01-20T13:05:00+00:00,,True,2026-01-20T13:05:23.773000+00:00
10,2,0,0.5668,40.59,1,0,5249,0,9288a75c-e75a-fda9-f1e6-f54030cda756,272849424,A09,00000000-0000-0000-0000-000000000000,synthetic,v1,2026-01-20T13:05:00+00:00,,True,2026-01-20T13:05:29.022000+00:00
11,2,0,0.8302,7.21,0,0,882,1,9288a75c-e75a-fda9-f1e6-f54030cda756,272849424,A04,00000000-0000-0000-0000-000000000000,synthetic,v1,2026-01-20T13:05:00+00:00,,True,2026-01-20T13:05:29.904000+00:00
12,3,1,0.8829,0.0,1,0,3605,1,9288a75c-e75a-fda9-f1e6-f54030cda756,272849424,L01,00000000-0000-0000-0000-000000000000,synthetic,v1,2026-01-20T13:05:00+00:00,,True,2026-01-20T13:05:33.509000+00:00
13,2,0,0.653,3.42,1,0,5734,1,9288a75c-e75a-fda9-f1e6-f54030cda756,272849424,A02,00000000-0000-0000-0000-000000000000,synthetic,v1,2026-01-20T13:05:00+00:00,,True,2026-01-20T13:05:39.243000+00:00
14,1,1,1.0833,0.0,1,0,2740,1,9288a75c-e75a-fda9-f1e6-f54030cda756,272849424,F06,00000000-0000-0000-0000-000000000000,synthetic,v1,2026-01-20T13:05:00+00:00,,True,2026-01-20T13:05:41.983000+00:00
15,3,1,1.1324,0.0,1,0,4034,1,9288a75c-e75a-fda9-f1e6-f54030cda756,272849424,L06,00000000-0000-0000-0000-000000000000,synthetic,v1,2026-01-20T13:05:00+00:00,,True,2026-01-20T13:05:46.017000+00:00
16,3,1,0.9442,0.0,1,0,2024,1,9288a75c-e75a-fda9-f1e6-f54030cda756,272849424,L02,00000000-0000-0000-0000-000000000000,synthetic,v1,2026-01-20T13:05:00+00:00,,True,2026-01-20T13:05:48.041000+00:00
17,3,1,1.0794,0.0,1,0,2791,0,9288a75c-e75a-fda9-f1e6-f54030cda756,272849424,L03,00000000-0000-0000-0000-000000000000,synthetic,v1,2026-01-20T13:05:00+00:00,,True,2026-01-20T13:05:50.832000+00:00
18,3,1,0.9028,0.0,0,0,1222,1,9288a75c-e75a-fda9-f1e6-f54030cda756,272849424,L04,00000000-0000-0000-0000-000000000000,synthetic,v1,2026-01-20T13:05:00+00:00,,True,2026-01-20T13:05:52.054000+00:00
19,3,1,1.147,0.0,1,0,821,1,9288a75c-e75a-fda9-f1e6-f54030cda756,272849424,L10,00000000-0000-0000-0000-000000000000,synthetic,v1,2026-01-20T13:05:00+00:00,,True,2026-01-20T13:05:52.875000+00:00
20,3,1,1.0918,0.0,1,0,5006,1,9288a75c-e75a-fda9-f1e6-f54030cda756,272849424,L07,00000000-0000-0000-0000-000000000000,synthetic,v1,2026-01-20T13:05:00+00:00,,True,2026-01-20T13:05:57.881000+00:00
31,1,0,1.0,0.0,0,0,1506,0,9288a75c-e75a-fda9-f1e6-f54030cda756,272849424,ATTN,00000000-0000-0000-0000-000000000000,synthetic,v1,2026-01-20T13:05:00+00:00,False,True,2026-01-20T13:05:59.100000+00:00
21,2,0,0.6725,31.79,1,0,1390,0,9288a75c-e75a-fda9-f1e6-f54030cda756,272849424,A01,00000000-0000-0000-0000-000000000000,synthetic,v1,2026-01-20T13:05:00+00:00,,True,2026-01-20T13:06:00.490000+00:00
22,2,0,0.6368,10.5,0,0,1372,1,9288a75c-e75a-fda9-f1e6-f54030cda756,272849424,A08,00000000-0000-0000-0000-000000000000,synthetic,v1,2026-01-20T13:05:00+00:00,,True,2026-01-20T13:06:01.862000+00:00
23,2,0,0.7643,36.53,1,0,2709,1,9288a75c-e75a-fda9-f1e6-f54030cda756,272849424,A03,00000000-0000-0000-0000-000000000000,synthetic,v1,2026-01-20T13:05:00+00:00,,True,2026-01-20T13:06:04.571000+00:00
24,2,0,0.3725,13.31,1,0,1995,1,9288a75c-e75a-fda9-f1e6-f54030cda756,272849424,A10,00000000-0000-0000-0000-000000000000,synthetic,v1,2026-01-20T13:05:00+00:00,,True,2026-01-20T13:06:06.566000+00:00
25,2,0,0.9794,2204.8,1,0,3669,1,9288a75c-e75a-fda9-f1e6-f54030cda756,272849424,A06,00000000-0000-0000-0000-000000000000,synthetic,v1,2026-01-20T13:05:00+00:00,,True,2026-01-20T13:06:10.235000+00:00
26,1,1,0.915,0.0,1,0,3823,1,9288a75c-e75a-fda9-f1e6-f54030cda756,272849424,F07,00000000-0000-0000-0000-000000000000,synthetic,v1,2026-01-20T13:05:00+00:00,,True,2026-01-20T13:06:14.058000+00:00
27,1,0,1.14,0.0,1,0,3556,0,9288a75c-e75a-fda9-f1e6-f54030cda756,272849424,F10,00000000-0000-0000-0000-000000000000,synthetic,v1,2026-01-20T13:05:00+00:00,,True,2026-01-20T13:06:17.614000+00:00
28,3,1,0.9203,0.0,0,0,3398,1,9288a75c-e75a-fda9-f1e6-f54030cda756,272849424,L09,00000000-0000-0000-0000-000000000000,synthetic,v1,2026-01-20T13:05:00+00:00,,True,2026-01-20T13:06:21.012000+00:00
29,1,0,1.1,0.0,1,0,7099,0,9288a75c-e75a-fda9-f1e6-f54030cda756,272849424,F04,00000000-0000-0000-0000-000000000000,synthetic,v1,2026-01-20T13:05:00+00:00,,True,2026-01-20T13:06:28.111000+00:00
30,2,0,0.598,13.65,0,0,1657,1,9288a75c-e75a-fda9-f1e6-f54030cda756,272849424,A07,00000000-0000-0000-0000-000000000000,synthetic,v1,2026-01-20T13:05:00+00:00,,True,2026-01-20T13:06:29.768000+00:00
